square_id,total_internet
5161,4447537.5
5059,3958097.5
5259,3882909.5
5061,3497420.5
5258,3260681.0
6064,3176702.8
5159,3138199.5
4855,3059926.5
4856,2992205.5
5262,2967304.0
4956,2943509.2
6058,2879870.8
5857,2861251.2
4459,2758749.8
5256,2752502.8
4857,2684261.2
5162,2679698.8
5758,2669750.8
4755,2585160.8
4961,2578407.2
4955,2532766.5
5567,2519852.8
6169,2518261.5
5263,2492441.2
5163,2490016.5
5261,2468556.0
6065,2418922.2
5255,2336585.8
6165,2322487.5
5957,2294780.8
5156,2293785.5
4761,2268104.0
5965,2253359.0
4457,2212420.8
5959,2184798.8
5361,2177145.5
4754,2162377.2
4654,2156862.8
6260,2154537.8
4957,2138569.2
5158,2131745.2
5967,2125960.5
4959,2108365.5
4854,2079656.9
4861,2059756.9
5458,2045117.2
4655,2041022.2
6164,2027134.1
5467,2020125.8
5854,2003237.9
4456,1999492.2
6067,1996494.5
4762,1996071.5
5964,1989889.1
5954,1982712.0
5963,1981945.9
5955,1971645.4
5461,1962364.2
4758,1947323.5
5359,1941735.2
4462,1927855.4
5360,1922593.4
4653,1917834.5
4559,1915880.1
4759,1902753.9
4968,1902243.2
6063,1898884.1
5160,1897825.1
5765,1893578.1
6068,1885739.1
5155,1884911.2
5056,1883220.1
4958,1881314.4
5856,1876254.2
6059,1873120.8
4760,1872759.8
5367,1863724.8
4962,1861655.4
5062,1857858.5
4756,1857219.8
5068,1854509.4
6066,1854301.6
5260,1851772.1
4460,1838484.1
5349,1834595.0
5968,1827533.9
5157,1813859.1
4860,1813837.5
4954,1803703.2
4960,1801658.5
5658,1789382.6
5063,1781043.6
4948,1766832.8
5358,1762645.9
5257,1744468.2
5060,1721955.9
5766,1721953.5
4757,1715535.1
5154,1715329.5
4648,1712488.5
5958,1712423.8
6268,1705936.2
5659,1685043.8
5858,1684362.4
5861,1683611.5
5568,1672739.5
5254,1664604.1
4659,1664458.6
4656,1662729.2
5252,1660444.9
4556,1652452.0
4660,1651624.4
6264,1651516.9
5055,1650447.5
4256,1646488.6
5866,1637275.4
4858,1629917.8
4554,1626956.6
6269,1620664.5
5460,1613067.4
4853,1609753.6
6069,1604485.4
6072,1600283.6
5966,1599194.4
5148,1585232.6
5248,1582352.1
6158,1571424.4
5862,1568634.4
4555,1568008.1
5855,1559106.2
4458,1555786.5
5962,1553915.1
5757,1548324.2
4548,1536036.4
5072,1534803.4
5956,1533779.6
5667,1531380.0
4953,1529493.2
5662,1526691.8
5562,1523354.6
5867,1521865.4
5151,1519607.1
4553,1518902.9
4859,1517753.6
5752,1515438.5
5566,1512087.5
5147,1510547.8
6358,1508264.0
4560,1506932.8
6073,1502095.4
6674,1488218.2
4257,1486809.9
4967,1482347.4
4753,1475100.9
5761,1472657.0
4558,1472374.0
5868,1467022.2
5053,1464648.5
6460,1461782.8
5267,1458264.0
5268,1452725.2
5047,1446763.9
5368,1446211.6
5269,1445053.6
5767,1437314.4
6166,1436344.4
5058,1434229.8
4362,1424381.6
5859,1421617.5
6371,1418962.9
6265,1411156.4
4359,1406411.4
5772,1402910.0
5559,1402522.6
5860,1398455.9
5951,1396598.0
4461,1393679.8
5960,1389336.0
5251,1388157.2
4561,1386895.9
6162,1383641.5
5753,1382921.9
5348,1380592.4
5661,1380189.9
6374,1377013.5
4661,1371169.4
7164,1369144.8
5468,1365414.2
5073,1361801.6
6168,1356390.5
5754,1346046.4
6261,1345927.9
4455,1345899.6
5064,1345452.2
6345,1344002.8
5769,1341345.1
5560,1339343.1
6050,1338415.0
4156,1337845.2
5670,1335661.9
5561,1333474.1
5760,1319679.4
6375,1317507.2
5872,1315658.8
5969,1313116.6
5152,1309679.1
4652,1305290.5
6151,1304135.9
4355,1303847.6
4363,1300579.0
4155,1299464.2
4972,1291421.9
5759,1290854.6
5770,1289277.1
6051,1285840.2
5953,1283349.5
5164,1282730.2
5668,1275122.0
4862,1274870.5
5462,1274189.8
4662,1272160.9
6772,1271272.8
4963,1267091.6
5773,1265987.8
5873,1259022.1
4557,1258170.2
5048,1256526.2
4658,1255514.4
5069,1255028.9
4647,1253993.5
5762,1253829.8
5249,1253400.9
5170,1249534.0
5853,1246397.8
5270,1245867.1
4356,1243822.2
4364,1240776.0
4255,1239221.4
4849,1238756.5
5952,1232369.0
5168,1230437.5
4969,1228607.6
4651,1214764.6
4160,1210477.2
5669,1209829.6
6060,1208304.5
5865,1208236.1
5459,1206366.6
6560,1206129.5
5057,1206011.5
6372,1205660.5
4547,1202808.8
6149,1198921.6
4750,1198422.2
4650,1197464.6
6070,1191113.4
5449,1190800.4
5363,1187614.0
5070,1185254.4
5169,1184465.1
5453,1183464.9
6148,1183164.0
4949,1182545.6
6274,1181709.6
5146,1180185.1
6368,1178593.1
5970,1170483.9
5264,1162746.2
6167,1161759.6
5450,1161744.6
4964,1154965.6
6370,1154800.0
5362,1152815.9
5869,1145162.9
5971,1143172.9
5046,1141792.1
4751,1136611.5
6360,1135547.5
5653,1132853.4
4254,1130704.1
4952,1130081.2
7163,1127521.0
4260,1126357.9
4358,1124392.0
6557,1118202.2
6352,1116273.9
5646,1115693.4
5149,1115246.4
5452,1114384.0
4545,1110307.6
4161,1109917.1
4549,1107601.9
4154,1104509.4
6565,1101749.8
4850,1098851.8
5054,1094898.0
4546,1092366.0
6163,1092104.1
5570,1091165.2
6675,1089244.2
5352,1088618.9
5172,1087049.2
5660,1082777.4
4157,1082611.2
6574,1082023.2
6062,1077505.1
5870,1076332.4
4357,1075862.6
4354,1073672.0
4752,1071200.5
5768,1069864.4
4261,1067858.4
6457,1065646.5
4874,1059716.2
5569,1059670.6
5247,1057411.1
4068,1056560.1
5370,1050167.9
6270,1047353.6
5652,1042632.75
6170,1042164.0
5271,1041921.8
6251,1039749.25
6672,1039593.8
6458,1038526.44
5744,1037482.25
6049,1034997.4
5751,1031769.56
5052,1030937.4
6267,1028270.4
6762,1026266.0
5950,1025356.94
4851,1021908.25
4168,1020121.75
5351,1019454.4
4446,1019101.6
3856,1018394.3
5745,1017877.2
5851,1017200.56
4069,1014994.5
3757,1011433.2
5171,1004515.7
6673,1002888.06
6364,1001470.06
5143,998688.1
3857,997577.44
4848,995363.1
6159,994808.4
5852,991164.0
5071,990091.7
4366,989868.94
6671,988179.8
6248,985534.06
4847,983672.1
4649,980455.9
3956,978103.94
4852,977443.4
5150,976448.25
5246,975832.2
6452,975481.2
4453,974035.7
5372,973061.4
4971,971650.5
5647,970949.1
4550,970930.5
4349,970812.44
4445,970709.6
6369,969897.44
4749,969810.56
6053,968005.3
5153,967080.3
5871,960843.3
4747,956551.1
5451,955153.25
5961,955013.2
4454,950455.2
4444,948349.94
5350,947440.44
6249,945464.6
4552,943212.5
5354,942796.4
5353,940258.6
6351,939754.75
6074,939220.3
8169,939073.5
6558,938655.75
6262,938055.7
5369,936724.4
4973,930300.8
4452,929535.5
4447,929070.56
6252,928134.5
6361,926237.25
4551,926076.3
4657,925602.8
5546,925064.06
4562,923378.56
5644,922380.0
6266,920688.9
5671,920602.75
6359,919288.1
4450,918562.44
5547,913333.3
6461,912011.75
6175,908989.4
6157,908779.25
5756,907935.25
5771,906559.44
5049,905745.56
4060,900556.3
5245,900115.1
7568,898269.94
5469,895543.4
6150,893102.7
6657,891090.3
6459,889477.2
4544,885909.56
4258,885885.3
5656,885837.25
6263,883395.06
4259,882378.8
6250,881716.5
5654,880948.0
4059,878152.7
5755,877147.1
5643,874405.6
7064,874090.3
4159,872436.4
5356,870402.3
3953,870335.06
6858,868424.75
4846,865202.44
4169,865142.1
6057,864944.94
7668,864930.7
5972,864251.3
6451,863448.2
3756,862882.06
6773,862241.2
6662,860971.4
6471,860829.25
5845,860724.94
8762,860474.06
6665,860106.5
5253,859196.6
4463,858136.56
3957,857269.1
6445,856501.3
9368,854497.3
5250,853725.94
6757,853493.5
6271,852879.0
6176,849824.06
4053,847690.44
5067,844383.3
7052,842654.1
6758,841183.5
4965,840842.2
4748,838500.75
5655,838479.3
3962,834284.7
5844,833413.2
5571,830141.06
5863,829616.3
6071,829015.75
6061,828118.3
5544,827793.2
7066,825596.44
5850,825074.25
6474,825038.6
3955,823456.2
6658,821175.94
4158,821081.56
4449,820754.25
4863,820560.75
6872,819840.6
5750,819618.44
6446,818307.7
5145,817310.9
6052,817259.25
6977,816731.25
6161,815557.44
6873,813701.94
5558,813592.06
4746,813480.2
5371,811222.94
6258,810410.0
3954,808362.5
6171,807756.0
8675,807509.4
4264,806179.56
4360,803220.3
5244,802674.6
5457,801371.06
6275,800100.9
5470,799961.3
5347,799308.0
5743,798071.5
6771,795856.56
5173,795689.8
8371,795488.4
6763,794471.9
6174,793606.06
7166,792170.3
6350,791993.44
7468,791923.94
5563,788189.6
5545,788170.7
6547,788125.56
5553,787132.0
8271,785041.3
7077,781300.25
5949,775707.4
5557,773576.7
5554,772736.56
5344,772540.0
5345,772334.56
5445,771754.3
6857,771256.5
6647,771147.5
6664,770557.3
4153,770547.4
6447,767716.2
4054,763700.9
4951,763211.8
5651,762056.44
6160,760949.2
3869,760048.1
6561,759570.7
4645,757956.5
6951,756423.06
7271,755672.25
8862,753553.44
4950,753178.06
6247,753112.56
5273,752576.25
6273,752279.9
3969,751679.44
6346,751386.4
6453,749593.6
6347,749550.5
5272,748550.2
5645,747517.8
6469,747490.2
4350,747132.5
5552,747060.6
3963,745789.9
7724,745422.06
6373,745353.56
4055,745136.6
6246,744547.9
6259,743988.56
5746,742792.9
8370,742706.06
8272,741507.0
6764,740763.6
7567,739982.9
6871,739875.06
4056,739519.7
3858,736715.06
6663,734843.56
6851,734831.4
5555,734369.0
5672,734239.56
6448,733255.8
6853,732329.8
6958,731024.5
7165,729532.9
5448,729137.4
5974,728688.2
8775,728199.6
8874,727822.25
6874,727255.1
6753,726532.8
5463,726030.94
5556,725730.6
8575,725548.06
7569,725263.25
4947,724013.3
6272,723448.9
5551,722672.94
6177,720404.8
6468,719603.2
4646,719496.4
6774,718137.6
6075,718014.9
4845,717475.4
3959,717360.25
6152,715039.7
5657,714211.4
6276,713910.44
6976,713491.3
6952,713290.0
5346,712728.56
8774,712340.8
6277,712209.9
7372,711722.3
7467,706938.94
7768,706772.75
5973,705972.0
4263,705827.06
6564,705125.1
3758,703305.3
3658,702524.44
4970,701937.75
3855,701800.94
4991,699397.8
6546,699206.75
5051,697983.06
4745,697941.25
6475,697749.1
8471,696916.9
9268,695471.75
6156,694114.44
6056,694022.3
4062,693312.4
5466,693135.5
6054,691904.8
3960,691067.3
7371,689964.6
4926,688386.5
4865,686718.56
6470,686405.2
4442,685697.2
7466,684828.0
7669,684136.3
8676,683911.5
4063,683218.7
6568,681465.06
7063,681138.25
4058,681136.56
8372,681038.56
6172,680263.06
8576,679349.7
6077,679166.4
3863,677525.44
5454,677206.2
4057,676347.6
3558,675890.25
5446,674427.6
6348,673373.8
4946,673136.25
5975,671908.3
6353,671477.3
7767,670971.44
6450,670713.56
4344,670068.25
6376,668904.9
3854,667991.9
4826,666131.8
5666,665784.5
7065,664305.7
6850,661922.06
6759,660041.9
3862,659624.1
5355,658493.3
8472,657938.56
6245,657861.9
4464,657524.56
5065,654243.2
6747,652757.06
6569,652270.7
5144,652074.6
8475,650651.2
4345,650446.8
6362,648654.0
8474,647051.56
5946,646080.94
4943,645209.4
6972,645196.06
7085,644942.75
7076,643650.6
6462,642777.06
6571,642723.3
6849,642208.94
4061,641511.7
4451,640614.2
6570,640150.9
7472,639432.25
4248,638217.8
5447,637545.75
6875,634635.5
3659,633723.0
7471,633287.44
6978,632778.4
7078,632542.44
6575,632088.4
3764,629021.5
4249,628645.3
4348,624840.9
8476,624688.44
4927,623715.25
6752,623651.75
5471,621831.1
7264,621440.25
8662,621287.1
6659,621019.6
7059,620650.56
6562,619564.5
8574,618760.25
9369,618079.75
5548,616903.6
6559,616670.06
5945,614839.75
5444,614567.1
6852,614080.6
6573,613927.06
3656,612879.94
8473,612130.94
6349,611903.56
4448,611117.3
6278,609780.56
5050,608986.25
6646,608894.3
6464,607486.6
4361,607290.2
6761,606774.8
6363,606715.7
3958,606322.5
6178,606284.8
4346,606210.25
6950,604915.94
8572,604541.44
4367,604353.75
5874,602899.94
6566,602665.1
6257,601436.75
4443,601129.0
1251,600923.2
4247,597924.1
3864,597905.9
9367,597423.56
6667,595344.9
4940,595310.25
8857,594963.56
6456,594817.06
7868,594754.7
6367,593827.2
7272,592545.4
4353,591530.25
7566,590393.9
5027,590386.7
5572,589617.9
4343,588515.7
6548,588237.8
6756,587870.06
6173,587766.9
5040,585101.5
3852,584813.25
7255,582094.44
4644,581418.4
5876,580208.56
6473,578634.6
3848,578481.56
7769,578312.2
7263,578000.6
7058,577959.4
6971,576889.4
6670,576332.06
9884,575925.9
6048,575047.2
4465,574312.25
8573,572750.1
6472,572584.8
6253,570917.3
6578,570844.25
4945,570799.0
6365,570079.1
6870,567584.0
7062,566931.2
9269,565814.2
5455,565804.1
6550,565231.3
3853,565228.06
7086,565002.94
4149,564855.75
5366,564829.4
7284,564021.3
5442,563941.2
7869,563580.5
4342,563095.75
7061,562522.0
5456,562001.5
6751,560491.8
6449,560307.5
3847,560298.56
4163,559911.25
5774,557828.56
4347,557579.2
5543,557386.0
5342,556578.5
2245,555878.1
4147,554979.9
5977,554676.75
147,554475.06
3970,553546.94
4250,553466.25
6567,552811.9
6656,552492.3
4365,552409.94
6047,552251.5
7989,552187.3
5243,550227.5
9885,550180.5
9977,550028.06
8090,549419.2
5875,549300.2
7067,549145.0
5948,548876.44
8674,548654.9
6377,548318.25
7176,547882.44
6055,547639.44
7667,547298.9
7056,546938.94
3755,546520.44
5764,545798.4
5976,545649.6
4941,545643.44
6153,543374.2
6076,543013.44
3872,542710.1
5039,542590.2
6959,542371.7
9978,541091.3
6476,541060.94
6970,540622.7
4351,540600.7
6953,540456.56
3851,540027.44
6552,539089.5
6969,538894.8
5650,537644.44
7969,537530.75
5266,537338.25
7060,537129.7
4246,537114.8
3868,535919.1
5846,535611.25
6775,535489.6
4352,535480.25
3871,534841.0
6668,534317.44
2145,534199.3
6863,533300.75
4148,532947.2
5089,532840.0
6146,531904.1
9468,531391.06
8672,531098.8
8374,531019.44
3846,530542.8
5864,530466.5
3952,530123.25
8875,529966.6
4150,529911.25
5041,529367.44
6975,528505.0
7990,527183.25
7167,527142.9
6973,526366.94
5550,526051.44
5947,525927.9
6078,525717.0
4253,524856.0
9267,523072.72
4245,522816.38
3968,521880.16
7051,520709.12
6750,520663.8
7155,520465.8
6760,520166.97
6961,519236.4
4877,519227.1
6956,518683.5
7072,518427.47
9467,518365.16
6279,518175.03
4162,517733.4
7670,517376.25
7081,517176.9
3964,517120.47
8054,517096.2
5241,516299.94
7770,516260.66
4643,514807.62
7469,514789.8
6046,514564.16
4251,513868.06
9370,513424.56
4942,513307.88
6862,512848.97
4765,512116.4
9976,511915.5
4064,511805.66
7366,511727.4
3751,511631.84
6770,510020.6
7454,509827.7
5026,508168.47
6463,507998.6
6551,507788.06
3748,507735.78
7177,506952.6
4777,505759.97
7240,504958.53
4543,504632.5
6572,504601.28
4252,504507.0
7159,504474.97
5375,502273.1
3965,501962.22
4844,501231.84
3850,499853.7
8756,499714.03
6045,499328.84
4944,498648.56
3634,497459.97
4890,497420.84
8834,497373.28
3633,496984.16
9877,496794.34
6652,496604.94
7654,495736.47
6864,495407.3
5665,494383.3
6856,494213.75
4262,494019.34
4152,493323.12
6145,493098.7
5472,492731.8
6147,492641.88
8571,492275.9
6645,491572.0
4869,490818.75
5343,490613.28
3859,490398.03
6957,488833.2
4642,487615.5
6861,487448.28
7856,487114.7
4870,486800.38
5142,485728.16
6876,485369.22
7254,483700.97
4341,483095.3
3971,482737.72
8373,482420.9
6144,482327.1
3750,481663.28
7570,480641.38
6859,480376.12
4128,479061.97
1151,478858.5
6563,478289.0
3763,478125.44
9985,478016.03
6968,475540.56
7870,475529.1
3860,474510.2
7755,474378.56
3559,473521.25
3972,473050.12
8677,472743.78
6553,472587.88
5045,471035.75
3436,470826.78
8855,470585.34
7370,470549.25
8154,470174.06
8089,469995.97
6963,469443.84
8671,468128.97
4843,468113.78
6960,468087.03
3961,467612.47
4146,467037.4
3949,466166.88
4744,465773.75
6754,465701.2
7367,465537.72
8190,465371.53
6545,465355.9
3536,465299.78
5357,465195.28
5341,464781.84
6962,464726.22
3650,464608.88
7053,464380.44
5141,464136.47
1250,464113.53
6860,464057.88
5549,463702.78
6549,462952.9
5877,462552.12
8053,462472.28
3947,462201.9
7470,461509.22
3849,461259.22
6653,461077.12
4743,460087.44
7554,459456.16
8957,458928.7
4052,458549.78
8771,457839.4
8734,456440.3
9878,456159.53
4049,455968.6
7465,455960.94
4466,455703.75
5775,455614.4
7071,455545.56
3437,455171.75
4468,454874.62
4151,454179.56
4542,453421.9
3749,453161.8
3759,453155.62
7175,452681.8
7985,452571.0
5378,452407.7
5364,451711.66
8273,450872.0
6746,450462.94
3533,449287.72
8772,449028.28
6576,448878.2
8470,448546.84
7069,447110.28
7952,446974.47
5978,446763.0
4266,446751.03
8084,446381.9
5763,446222.4
9484,446053.78
4369,446033.53
5376,445840.5
4669,444438.34
5174,444381.1
8562,443946.5
5847,443878.3
3432,443785.22
7369,443249.38
3655,442336.75
5565,442273.5
4864,442104.38
6869,441822.47
3948,441070.88
7571,440933.56
3635,440902.34
3754,440017.12
8577,439974.16
6666,439799.78
3760,439288.97
4867,439213.7
6556,439156.62
6949,439029.4
7756,437865.6
8171,437432.56
3967,436658.56
7855,436408.94
7490,435595.2
7491,435595.2
7354,435148.25
4989,435027.22
48,434609.97
4145,434176.97
4268,434142.7
4050,434120.22
3537,433591.28
9986,433507.72
7173,432573.66
9059,432530.84
5274,432504.6
8670,431052.28
4048,430976.75
5441,430761.8
7057,430457.72
4778,429344.28
7068,428700.25
8276,428483.2
7885,428176.56
7754,428069.38
4265,427634.5
3651,427627.0
4741,427412.06
7591,427310.9
4244,426635.53
4841,426321.94
9784,425880.66
7443,425832.53
6579,425355.2
5277,424992.5
5090,424929.8
4267,423447.78
5564,423135.78
8189,423118.1
4742,423029.38
3534,423023.1
7158,422885.38
9159,422541.0
4977,422313.75
8172,422040.97
7157,421944.4
3966,421598.97
8175,421331.3
9469,421142.2
3736,420680.84
3636,420633.1
8091,420555.12
8277,420523.44
7590,420502.94
6877,420483.34
8376,420251.25
3950,418935.44
3735,418670.2
7156,418022.88
4144,417567.2
6357,417111.88
8073,416587.44
7075,416508.78
7080,416078.28
5043,415859.9
8191,415823.88
3752,415252.88
5878,415246.16
8375,415032.03
8173,414550.44
9987,414351.56
5475,413539.1
8275,412750.03
7180,411985.75
3535,411982.88
8072,411318.7
4871,411154.25
7073,410590.25
1051,410398.06
3532,410359.75
6878,410324.53
3772,410023.7
6396,409571.2
3771,409535.25
4569,409447.7
6496,409250.72
6577,409208.44
6366,408287.8
8974,408124.22
7652,407911.44
8377,407558.75
6669,406839.38
8274,406760.5
9583,406422.47
9569,406375.4
6967,406183.9
7647,406177.25
6745,405888.84
9483,405800.3
6397,405781.8
4842,405430.3
8176,405338.25
6661,405316.2
3673,405279.22
3861,404870.72
5843,404253.3
7270,403546.47
8270,402551.4
8071,402051.78
8856,402015.28
4164,401852.1
4368,401597.28
4868,401336.3
5747,401215.88
7055,400971.2
3649,400636.7
7973,400570.88
7953,400530.5
7655,400334.56
4326,399718.2
5140,399439.3
3865,398773.97
7671,397982.75
6854,397931.62
7656,397173.9
5042,397167.6
4325,396879.88
9270,396464.12
6155,395768.44
4990,395470.28
7986,395390.34
3674,395271.44
8477,394448.88
3870,393815.53
6650,393519.22
7390,393125.84
4866,392877.12
9984,392361.47
7050,392054.7
7489,391987.75
8959,391925.47
8269,391880.94
8975,391364.12
7657,391313.97
3773,391291.44
3747,390909.25
6955,390764.53
8085,390516.66
7651,390462.34
7565,389356.9
9150,389347.22
7653,388803.38
4664,388794.34
4679,388468.53
951,388229.44
9074,387896.2
9251,387469.56
3775,387273.84
3453,386383.5
8174,385989.97
3118,385490.56
4070,385335.28
6868,385151.3
6378,385060.34
7555,384399.16
7160,384174.34
7384,383380.5
7666,383288.7
9250,382951.8
6966,382906.53
8378,382676.28
6895,382387.12
6795,382387.12
8852,381944.34
1052,381401.25
8673,381326.22
5464,380408.97
5165,379501.3
4469,379205.25
6679,379068.94
6660,379061.56
7867,378216.34
9151,377896.97
8278,377397.88
8076,376718.1
7343,376673.0
7046,376145.97
8055,376051.7
7368,376017.1
6981,375636.44
5240,375593.12
9075,375456.8
4269,375424.03
8757,375105.56
6256,375072.3
7339,374994.12
7257,374728.66
5242,373864.9
2246,373457.44
6954,373307.25
7162,373145.53
8661,372827.94
7991,372709.47
7553,372698.62
9568,372385.28
7889,372379.03
7460,372225.2
7385,372189.84
6980,371797.94
6894,371626.34
3774,371127.38
1152,371115.0
8773,370932.2
2146,370892.88
7340,370536.2
7492,370452.94
7646,370334.84
4763,370091.53
5044,369722.66
6945,369474.06
7084,368862.4
7970,368788.66
7442,368744.06
7766,368670.75
6768,368530.53
7045,368423.03
7267,368257.6
8011,368000.88
7268,367926.34
7241,367893.94
4467,367454.4
3875,367239.8
4228,367174.06
7174,366701.5
3753,366017.88
4227,365670.7
3563,365301.2
5275,364705.75
8952,364642.12
7543,364230.75
6395,364164.38
6848,364127.97
8858,364081.1
8873,362852.66
4226,361912.56
4939,361862.53
8835,361811.62
3553,361475.12
3845,361276.22
6769,360914.88
9887,360275.7
4479,360235.6
4568,360198.2
8656,359887.06
7854,359218.06
6867,358924.47
3218,358721.06
4072,358673.1
3353,358432.25
6497,358198.03
2266,358017.84
4767,357667.03
7279,357583.53
6495,356926.4
3946,356863.38
6651,356732.16
3765,356270.84
3653,355415.6
9167,355346.94
4566,355220.66
9174,355166.3
6855,354731.06
8478,354524.47
7988,354399.66
5091,353991.03
6879,353986.22
4827,353681.34
7592,353370.3
3874,352957.03
6676,352903.53
6444,352775.06
6794,352636.72
5663,352481.25
3652,352132.0
4067,351963.66
3657,351799.94
8851,351578.88
6979,351529.4
7079,351529.4
3733,351307.88
247,349947.72
3654,349927.62
6355,349655.97
3433,349366.8
9168,349200.94
7168,348855.56
7972,348741.0
2046,348664.9
8186,348409.62
6354,347521.62
9158,347468.75
8290,347383.3
4236,347310.44
7266,346888.53
3336,346754.34
3564,346543.16
8976,345542.7
9060,345091.88
8289,344969.97
6749,344770.72
7239,344630.72
7355,344532.72
8052,344352.3
6847,344194.22
7852,343788.28
8872,343310.6
7269,343204.47
3876,343059.62
7444,342908.94
8751,342229.03
7154,342074.16
8389,342042.84
8088,341607.6
952,341554.9
8752,341529.62
9584,341429.2
7258,341389.6
8291,341278.1
7172,341197.72
3660,340919.6
4470,340328.44
7265,340319.16
9058,340048.7
4379,339865.28
7954,339530.1
3648,339429.44
6845,338849.75
8570,338524.44
7644,338350.28
9057,338309.8
9175,337679.66
5265,337259.06
7161,337152.53
3761,336895.66
8919,336514.78
1247,336511.88
6846,336365.12
9477,336215.84
4779,336209.75
8619,336120.3
8958,336038.94
9466,335801.97
851,335589.94
8719,335552.53
8819,335552.53
8720,335552.53
8621,335552.53
8721,335482.2
6356,334385.38
6885,334378.12
4141,334092.44
3734,334049.2
5374,333301.53
7358,333240.97
8388,333038.78
6044,333002.6
3385,332928.22
3285,332925.75
6880,332823.62
8153,332720.0
5379,332502.1
4370,332487.97
4889,332455.84
3253,331975.0
6946,331657.3
3435,331179.62
4478,330567.94
4165,330320.72
8920,329941.03
5373,329486.06
7560,329443.2
7342,328989.9
4071,328940.53
4127,328487.97
3434,328179.06
3334,328179.06
4878,328037.84
6765,327738.34
8820,327511.53
7722,327320.56
9979,327209.53
4840,326477.12
8185,326400.38
9194,326149.28
7391,325929.78
4229,325758.94
9195,325276.16
3951,325078.22
7259,324319.4
6866,324220.22
8390,324211.3
7365,324050.9
1948,323954.5
7070,323749.84
3867,323640.7
7561,323521.47
9295,323310.94
9152,322881.84
4073,322683.8
6964,322526.12
7344,322507.1
1848,321820.72
6779,321748.66
4027,321320.1
4029,321128.53
7461,321011.9
4140,320417.97
6465,320301.84
7771,320290.78
3554,320243.6
8012,320207.72
8519,320181.7
8620,320166.3
6586,320048.94
9073,319803.75
8578,319239.7
3386,319096.3
7379,319096.3
8188,318603.44
3664,318327.88
4966,318222.5
8489,317831.47
8490,317690.88
8391,317648.34
5167,317647.9
7544,317489.1
8770,317338.94
7041,317216.88
6974,317202.2
3337,316968.62
8960,316830.97
5380,316445.12
6585,316434.12
3873,316423.72
7178,316331.22
7955,316302.47
2045,316295.97
8491,316005.78
8761,315981.12
6686,315978.0
7186,315930.75
2047,315925.06
5381,315916.8
4641,315839.28
3973,315620.44
7593,315584.97
3647,314785.84
9173,314757.75
2147,314724.53
3737,314710.88
7968,314509.94
3335,314506.12
5480,314357.0
6695,314024.38
7179,313440.53
4766,313350.6
6944,313263.75
5166,313247.22
6154,313038.06
3672,312964.3
3036,312944.44
1147,312909.22
1947,312884.5
9366,312705.5
6244,312366.3
347,312222.2
3663,312144.66
9460,311803.2
9562,311803.2
9561,311803.2
9560,311803.2
8973,311760.0
7853,311750.3
7455,311723.6
9661,311693.97
9461,311373.3
9485,311282.56
5377,310997.16
3675,310836.3
9172,310776.62
3776,310749.9
7757,310544.25
8469,309722.9
5476,309669.06
8080,309529.28
4768,309483.4
8652,309453.3
9476,309268.22
4047,309263.56
9662,309023.66
3929,308928.94
6865,308845.9
6467,308834.38
3454,308766.4
9886,307939.78
8086,307366.03
6454,307279.97
5664,306689.88
3185,306520.0
9157,306472.03
8821,306369.44
7572,306265.8
5074,305968.78
9577,305824.12
7886,305691.75
4243,305081.6
7523,304861.03
8552,304774.72
8663,304628.34
8288,304566.66
8569,304524.4
8180,304308.72
6379,304041.6
6776,303831.72
8758,303705.84
2338,303623.72
3284,303601.8
9377,303563.2
7645,303520.9
4678,303463.06
7242,303411.06
3184,303265.66
8636,303155.97
4038,302946.3
7152,302931.9
8561,302726.66
5779,302702.06
6778,302637.34
6777,302637.34
6678,302637.34
6677,302512.12
3866,302346.7
1053,301804.75
9360,301776.25
3762,301766.6
7884,301723.2
3549,301636.7
9551,301529.78
3282,301277.6
3182,301277.6
3183,301270.72
6965,301222.8
4028,300977.8
9294,300841.75
7243,300792.7
7453,300701.03
8369,300612.28
7691,300582.38
8488,300577.0
4129,300545.84
9396,300298.4
7285,300212.06
5778,300084.78
9552,299809.16
2339,299626.75
7774,299478.75
7873,299478.75
6254,299363.94
9395,299153.9
9451,298929.34
9651,298902.88
9652,298861.78
5849,298816.97
7141,298768.84
3352,298724.6
9452,298617.88
9352,298575.7
9351,298550.22
47,298485.66
9361,298356.75
7389,298232.1
4030,298225.7
8818,297874.9
7773,297840.6
3381,297741.62
7932,297682.84
7524,297324.1
8660,297075.22
7971,296661.6
3380,296388.1
3480,296365.7
3481,296364.06
7044,296273.7
3581,296259.84
9876,296225.75
9170,296056.75
4051,296023.1
8776,296001.72
8452,295983.88
4241,295980.44
7364,295911.5
7040,295835.16
7890,295664.16
3283,295506.9
7140,295161.78
8669,294988.5
2936,294909.9
4329,294884.94
7142,294654.88
9252,294598.94
7871,294574.9
9019,294560.22
3665,294533.88
7931,294424.22
8387,294172.4
8074,294117.3
4143,293761.97
7074,293618.16
7341,293536.62
4380,293532.38
7145,293084.12
9171,292934.5
8956,292841.03
8287,292770.4
7753,292656.34
9271,292349.47
8659,292185.34
6948,292121.9
4764,291987.28
7440,291642.44
3452,291600.38
6896,291558.44
3555,291400.38
9462,291295.16
4930,291189.75
7143,291095.88
4441,290819.34
7665,290774.1
1949,290655.7
8759,290580.25
9660,290393.56
4240,290185.78
9778,289911.97
9653,289880.47
3235,289441.9
8392,289401.3
9397,289307.38
6255,289277.84
8859,289192.53
852,289152.38
3234,288931.62
5437,288877.34
8184,288837.7
3551,288711.84
9072,288616.94
9371,288393.53
8953,288356.9
7441,288072.28
6755,287854.6
3037,287848.78
4166,287811.62
8977,287560.47
3637,287159.53
6947,286731.88
6344,286690.9
9777,286600.03
3538,286417.22
5673,286414.5
7866,286329.25
8739,286290.94
4480,285843.56
7874,285402.4
5479,285341.38
7542,284994.72
2144,284963.72
7974,284917.97
3219,284621.56
7891,284372.34
7791,284282.94
3580,284220.34
4130,284145.8
5776,284128.8
7552,283963.62
8568,283786.03
8755,283711.4
8638,283707.8
7273,283571.12
5579,283567.0
8918,283558.3
7892,283370.84
7643,283330.9
7792,283248.06
2337,283235.16
9497,283162.0
8635,283149.16
7556,283015.9
3768,282982.94
7872,282670.9
5030,282619.03
3463,282558.53
8559,281992.1
7047,281956.56
4133,281924.97
3354,281633.38
3928,281464.12
3333,281313.44
8871,281082.3
7790,281049.75
3236,280978.06
7551,280850.8
9169,280791.3
1346,280028.4
7887,279912.53
9585,279853.47
7280,279659.84
9258,279437.4
9149,279324.84
5848,278927.28
3974,278750.88
9789,278588.0
9888,278129.7
3548,278029.56
7746,277981.25
4726,277969.25
4167,277899.94
9296,277867.34
4769,277862.78
7039,277732.62
9951,277705.25
9950,277697.34
9949,277682.34
9851,277650.22
4929,277230.56
3382,276893.47
1847,276842.56
8639,276769.4
9850,276604.53
1150,276592.72
7493,276580.62
9052,276368.34
8179,276291.62
2935,276155.06
9076,276135.25
4136,275418.34
7692,274863.56
8718,274707.12
9751,274224.5
7260,274203.56
7139,273822.12
5481,273548.1
5679,273049.0
8560,272992.34
8854,272199.94
9770,272063.75
5748,271937.03
7373,271914.94
7359,271818.38
8181,271766.9
9582,271730.97
9785,271680.75
5648,271577.16
8951,271238.97
8668,271201.78
3136,271130.62
7672,270978.62
6787,270826.12
7185,270777.28
4033,270615.38
3135,270587.7
7752,270470.12
9475,270360.25
6796,270260.5
7992,270141.25
8740,270120.78
7765,270120.3
9066,269940.03
7639,269584.9
9750,269519.06
9376,269456.3
3828,269219.34
7559,269179.6
9790,269000.53
7138,268983.75
8853,268937.56
7253,268915.47
7772,268914.34
7839,268879.75
7739,268829.06
3565,268808.56
3084,268762.47
9879,268458.34
9553,268234.66
5066,268223.5
8792,267855.94
9275,267698.9
7815,267678.3
7690,267640.16
4978,267545.56
3550,267512.78
8738,267288.94
7244,267158.94
7857,266936.9
4727,266908.8
4670,266750.53
4230,266735.8
3566,266699.88
9771,266603.53
5280,266479.12
4239,266364.62
3836,266239.3
2934,266050.84
7714,265968.84
7054,265857.56
3018,265750.56
9474,265686.16
3975,265475.6
7840,265358.44
9650,265327.7
3927,265077.78
7144,265075.6
1946,264826.25
3671,264814.22
7540,264515.8
9567,264447.16
5578,264432.53
4770,264284.22
7888,264045.66
5278,263652.53
2345,263321.6
8187,263173.16
7740,263162.25
6297,263039.12
3117,263017.88
7274,262825.47
7640,262758.84
3930,262446.4
8735,262420.16
8177,262416.84
4280,262415.84
1655,262363.78
1755,262290.38
7589,262270.75
9677,262213.12
3729,262211.2
3482,262108.72
5737,261949.84
9067,261935.14
3254,261919.78
1756,261908.3
7541,261880.02
7227,261774.36
7393,261580.33
9496,261523.94
7126,261505.97
7026,261505.97
7226,261496.83
9280,261210.69
7662,261139.11
5879,260779.94
5478,260729.92
5749,260593.06
7439,260580.83
5580,260480.33
7353,260453.56
4340,260440.44
7171,260412.88
9470,260099.1
8886,260048.6
3083,260026.05
9095,260009.08
1347,259991.6
3438,259961.12
4873,259923.2
4567,259876.22
8935,259704.7
7181,259606.48
8590,259559.36
4541,259518.77
8972,259333.28
8070,259290.55
4378,259256.47
1856,259152.14
8885,259110.92
9180,259071.27
3119,258598.53
3632,258471.5
9070,258341.84
1849,258320.77
7042,258279.73
2654,258154.62
7641,258045.95
8193,257881.97
7661,257868.34
9669,257862.97
8192,257810.9
3769,257800.11
2655,257798.34
8092,257675.58
6687,257490.17
3467,257394.38
8553,257341.31
4738,257296.3
9690,257182.84
8093,257126.92
4065,257094.33
953,257085.39
8487,256998.1
4928,256948.69
9398,256943.14
7275,256857.06
8031,256709.75
9559,256693.19
9297,256560.95
8658,256546.4
8441,256269.17
8051,256187.52
9071,256130.55
9948,255929.52
8876,255878.8
7127,255800.8
8558,255605.25
9752,255153.4
3827,255014.19
8520,254501.56
3877,254443.77
4828,254333.08
8971,254253.23
8279,254220.1
8342,254123.23
4570,254116.02
8442,253940.19
7043,253928.6
8460,253919.4
8892,253489.17
8075,253477.69
5880,253470.89
8242,253466.72
9281,253453.98
3668,253388.75
3085,253310.16
9482,252594.02
3552,252567.6
8083,252486.42
7360,252442.98
9381,252341.89
4666,252334.39
9156,252330.69
6478,252287.16
2247,252104.45
4540,252089.62
8152,251579.86
8243,251376.7
9486,251175.53
850,251117.73
8459,250866.1
9196,250845.7
9550,250821.16
7956,250687.69
8281,250321.55
9450,250079.86
4879,250048.39
4979,250023.14
8651,250003.92
1654,249914.17
4032,249837.77
9386,249810.58
3835,249798.61
9068,249772.02
9155,249496.3
4440,249458.94
9459,249398.78
7326,249319.53
7146,249256.88
5279,249223.92
6694,249043.81
1656,248967.6
6780,248946.73
3829,248895.75
3767,248751.88
1855,248703.38
9256,248389.39
9257,248241.33
7545,248177.34
7557,248103.53
3384,248073.62
5038,248029.22
4279,248027.6
9889,247966.03
8453,247921.0
3082,247871.89
9769,247832.19
7327,247791.28
1246,247724.31
8863,247642.64
7278,247586.78
9380,247504.3
8032,247500.58
7747,247486.36
7479,247457.97
7674,247382.92
9768,247307.8
7814,247257.08
8343,247049.05
8640,247001.16
8280,246901.9
4170,246891.17
9668,246553.1
7933,246389.4
9849,246266.95
8379,245972.78
9094,245918.16
6595,245697.1
8380,245627.56
3286,245555.27
4829,245431.48
3728,245260.25
7027,245194.8
6477,244966.33
9181,244863.97
9890,244776.45
9350,244761.84
9273,244737.52
8657,244365.28
8877,244247.61
8094,243974.86
4740,243947.56
9080,243803.72
6648,243748.97
7993,243727.98
7865,243692.84
2438,243671.3
4044,243590.6
246,243412.5
7539,243275.22
8292,243221.77
7984,243047.97
7424,242763.1
8557,242738.84
4880,242672.45
8194,242607.1
8252,242564.23
4564,242491.33
7169,242436.4
9870,242418.16
5031,242243.75
3451,242217.64
7184,242166.84
6748,242027.1
8283,241847.05
9274,241793.11
2348,241712.66
8282,241546.16
9166,241538.23
8151,241373.38
9869,241239.05
3379,241055.39
3479,241047.08
8030,240972.84
9056,240789.56
4830,240622.23
4667,240472.44
8383,240458.69
9776,240389.86
6654,240288.17
7673,240197.89
7966,239637.03
7723,239313.4
4565,239299.84
2437,239206.62
6398,239066.94
3662,238998.28
9266,238882.11
3638,238876.02
8589,238772.89
3383,238549.97
3137,238478.28
9160,237990.22
5780,237884.9
8183,237863.72
3332,237748.11
9786,237712.19
5637,237655.56
6786,237535.78
8836,237423.02
9081,237328.14
8655,237272.11
4638,237248.33
3727,237223.6
7378,237214.75
9682,237175.28
9272,237070.44
4872,237055.23
7987,236962.2
4281,236961.9
3483,236910.42
4172,236872.66
4739,236724.61
8891,236654.08
8079,236490.55
3579,236420.73
7622,236265.95
3217,236119.05
751,235866.5
9359,235770.47
8182,235532.7
7813,235517.97
2554,235299.62
3035,235165.22
8791,234991.72
7762,234909.52
8622,234578.9
6455,234466.86
9980,234442.69
7675,234372.34
8244,234341.45
8521,234004.17
7425,234001.38
8753,233929.47
4579,233902.86
9082,233889.4
4142,233874.25
5777,233557.23
8556,233338.45
1757,233336.36
2248,233292.72
7562,232929.56
6649,232903.5
3777,232831.19
2984,232825.89
3034,232675.97
8144,232671.38
3318,232612.95
3418,232612.95
9576,232601.48
8112,232448.77
2835,232178.58
6479,232177.31
9385,232112.55
8352,232110.67
9357,232104.39
3134,232016.56
8966,231779.97
3945,231723.7
8143,231716.97
9481,231686.8
3319,231421.5
9276,231352.8
2586,231289.02
5674,231244.3
7392,231179.69
8618,231092.61
4471,230902.1
9096,230899.6
853,230830.17
4171,230825.36
4074,230822.81
7786,230810.66
9952,230724.95
6298,230684.64
9182,230643.0
9875,230620.73
7787,230572.27
6767,230482.6
9097,230409.06
9358,230359.69
9558,230359.69
9458,230359.69
9457,230354.6
9557,230349.86
3626,230272.25
7361,230224.4
9595,230184.45
9596,230184.45
9695,230184.45
3625,230172.97
2439,230168.53
9696,230139.55
5465,230054.61
9761,230050.42
6685,230032.31
3732,229981.31
2585,229607.38
2732,229595.7
4728,229585.64
2485,229558.58
8468,229557.12
2632,229475.78
7153,229362.33
7525,229331.33
3680,229307.25
8414,229293.9
2631,228922.23
8997,228750.66
4066,228571.34
2239,228525.58
8955,228491.1
9659,228412.05
9190,228252.92
2538,228235.81
4339,228084.39
2882,228063.66
2982,228063.66
2981,228063.66
2983,228063.66
2733,227952.19
3572,227915.64
3458,227891.94
7459,227884.47
7286,227756.81
7638,227594.2
2486,227525.52
8381,227507.02
9197,227468.27
2933,227457.97
8253,227428.25
7325,227364.3
3486,227316.06
7663,227279.73
8611,227060.89
8510,226967.88
8410,226961.66
4031,226913.45
4425,226754.97
4988,226740.34
8082,226629.28
3778,226524.66
3780,226524.66
3679,226524.66
3678,226524.66
3779,226524.66
8991,226388.72
9852,226165.42
4132,226138.4
8010,226027.64
8458,226007.97
8511,225931.17
5175,225885.19
7980,225834.86
9298,225734.81
3726,225722.02
2347,225426.92
7025,225422.03
8155,225394.45
5576,225073.72
3844,224963.16
2555,224827.75
7623,224640.11
6596,224594.55
8653,224550.69
2244,224357.92
8689,224189.28
7713,224066.72
1857,223975.19
8785,223970.69
2537,223958.75
1653,223868.4
2539,223862.06
9658,223746.17
9657,223711.14
4377,223669.11
8170,223664.2
8970,223455.23
8419,223418.64
9090,223404.44
9375,223388.44
7785,223361.2
8033,222962.77
8786,222847.17
7261,222693.83
7951,222564.3
1754,222561.64
8081,222553.28
2833,222506.19
5180,222483.16
8789,222199.84
7283,222147.25
5676,222129.56
8514,222065.98
8563,222026.31
2731,221996.7
9255,221967.97
8555,221907.27
9762,221902.86
3484,221893.2
5677,221750.52
4277,221688.08
954,221640.19
4131,221421.28
3837,221273.3
8353,221252.95
8145,220804.39
2883,220660.38
3932,220594.5
1652,220513.55
8023,220409.02
8111,220257.45
8492,220033.52
9947,220017.55
7642,219914.53
7356,219868.28
3878,219819.06
4472,219717.77
8178,219602.03
9670,219521.53
3485,219478.02
3255,219404.45
3331,219172.62
7426,219160.81
4839,219099.31
3833,218998.2
8996,218997.69
5573,218852.8
4668,218674.78
3879,218589.9
6994,218211.95
9597,218057.81
3944,217843.75
7965,217818.08
4278,217767.1
8113,217764.02
2834,217743.8
7784,217703.53
7847,217670.56
6143,217422.81
8954,217392.27
9091,217369.11
3281,217252.56
3081,217002.11
9848,216993.92
7976,216963.53
5944,216899.44
7125,216852.98
3880,216850.97
9054,216845.47
8044,216782.88
1552,216751.69
3220,216712.27
3676,216656.69
2237,216560.6
4629,216514.52
8654,216514.3
7225,216501.14
6766,216448.27
2985,216224.95
9453,216193.8
4043,216065.95
7763,215945.53
7775,215943.05
3933,215839.3
6296,215838.9
9154,215783.34
8142,215611.83
6485,215551.08
4571,215442.1
148,215437.67
950,215373.62
4883,215367.83
4882,215367.83
4881,215262.62
7256,215113.23
5541,215091.64
7580,215087.94
4891,215031.31
4639,214982.8
9689,214923.27
8050,214891.75
9678,214845.2
4328,214719.67
8985,214682.17
7841,214682.05
955,214670.06
3431,214667.73
5575,214586.0
2584,214457.06
5649,214346.89
8515,214253.86
750,214130.33
5443,214121.83
3677,214096.61
8777,213991.16
9498,213886.1
9300,213871.05
9089,213739.53
9581,213728.4
8341,213719.25
7324,213665.62
9656,213661.62
2884,213560.27
7922,213342.86
8790,213151.8
8087,213124.75
9970,212911.22
4776,212869.97
3781,212858.77
6995,212854.73
9055,212366.95
4139,212242.17
8612,212189.23
6785,212105.44
4640,211985.52
8513,211780.0
3367,211745.19
8440,211350.6
2587,211348.75
9871,211276.73
3681,210903.98
6587,210777.47
7741,210438.98
8512,210249.31
7967,210225.92
2366,209989.16
7893,209900.97
9478,209890.16
3237,209837.27
5139,209821.23
4242,209792.98
3464,209723.53
2238,209535.86
9775,209179.33
9018,209000.66
9365,208969.84
5234,208888.66
3427,208739.81
3639,208727.08
8382,208609.28
3320,208547.92
8554,208507.58
3233,208449.36
3321,208407.6
9990,208008.22
8591,207962.56
7764,207810.98
8314,207695.39
9760,207657.44
5678,207624.81
4271,207598.95
1684,207551.16
1555,207544.8
5636,207505.86
8690,207448.61
8613,207292.64
8251,207249.39
9859,207221.69
9961,207221.69
9759,207221.69
9858,207221.69
9861,207221.69
9860,207221.69
9758,207220.05
9189,207219.67
2089,207209.44
2190,207209.44
3181,207195.22
9960,207178.58
9495,207171.14
6179,207089.6
7464,206993.1
8457,206923.92
7478,206777.98
2290,206612.98
8443,206591.64
1260,206538.77
9570,206475.73
9279,206405.94
5577,206324.95
9756,206266.72
8245,206189.53
8967,206175.56
7738,205915.88
3120,205868.81
9487,205859.7
9387,205836.66
9573,205827.28
5276,205816.55
8685,205792.61
9788,205687.94
4276,205648.98
6318,205586.58
9857,205584.78
3881,205558.02
9946,205529.11
4037,205467.02
3547,205368.3
3931,205343.34
4884,205340.47
8992,205306.25
9574,205298.55
9372,205183.73
3455,204988.77
9749,204922.22
2189,204879.77
3834,204664.83
8754,204638.47
8986,204626.4
8990,204364.66
2685,204360.9
9456,204325.9
3766,204250.38
7238,204153.06
8978,204060.48
4782,203875.48
2391,203865.98
6985,203864.69
4578,203846.7
9290,203729.44
7445,203723.86
7250,203477.17
8793,203450.52
7363,203432.31
8540,203400.0
5235,203391.28
4876,203369.95
8420,203304.56
2734,203243.55
8637,203243.39
3730,203241.58
3725,203240.64
2653,203238.88
5365,203230.23
8541,203211.45
9362,203167.11
2786,203152.12
7462,203148.73
7287,203114.34
8890,202978.7
7383,202930.61
5181,202897.05
2686,202790.89
2886,202749.19
3666,202736.98
2887,202716.88
1055,202704.47
5281,202600.95
5131,202576.31
5675,202539.05
3628,202512.66
4381,202412.84
3627,202391.9
8315,202324.55
9753,202248.19
2291,202160.64
2986,202076.12
9051,202027.31
2385,201988.95
9989,201965.2
1553,201940.72
3153,201859.73
8898,201839.75
3368,201809.39
8692,201729.3
9959,201672.42
5078,201659.78
8900,201623.52
8899,201623.52
5526,201598.02
2785,201553.77
7262,201461.95
7835,201416.75
2787,201394.88
2832,201315.86
2090,201312.98
9249,201301.7
8293,201202.92
7935,200969.03
2885,200868.56
9697,200751.45
752,200711.47
8799,200692.17
7282,200591.3
8897,200584.72
8870,200482.17
7362,200206.75
5625,200136.12
3326,200110.47
5334,199992.42
7882,199945.02
7936,199850.78
7981,199808.17
7983,199799.72
4628,199790.02
7982,199725.39
7883,199725.39
7864,199722.19
7789,199685.31
9962,199640.25
4041,199602.48
8884,199584.33
8539,199582.47
866,199579.36
7483,199541.31
4980,199519.81
8351,199513.9
7934,199477.53
9472,199449.94
8036,199403.1
865,199325.97
3017,199294.72
3832,199257.72
7484,199226.08
8035,199217.95
2687,199160.31
8585,199147.16
5127,199082.62
7940,199018.05
9757,199017.12
3231,198858.22
2987,198822.23
9975,198814.44
4376,198792.84
8415,198732.27
5626,198666.31
4737,198606.95
8043,198508.14
4837,198389.64
4477,198326.1
7625,198291.95
9556,198232.27
7374,198231.38
9356,198151.9
3230,198136.55
7783,198105.95
8069,197954.6
4045,197876.03
4046,197876.03
7664,197820.34
9969,197807.8
2937,197727.61
4729,197666.89
4238,197603.89
1584,197575.38
956,197519.2
9277,197411.73
8509,197400.55
8409,197400.55
2057,197376.03
3357,197266.5
7761,197258.25
5335,197235.69
4637,197169.44
8411,197135.28
8588,197008.67
7682,196851.69
2888,196722.92
8887,196707.11
6584,196545.7
8066,196427.72
7583,196423.58
9473,196407.6
8212,196403.67
8750,196021.89
8610,195937.95
7563,195934.8
7170,195882.67
8311,195816.34
9783,195776.61
7277,195761.16
2638,195755.88
2639,195674.4
7463,195672.64
4563,195661.3
7782,195587.2
7564,195566.36
5179,195557.14
9471,195556.97
6218,195434.61
3937,195356.55
9795,195309.55
9854,195248.53
9853,195248.53
9954,195248.53
9953,195248.53
9955,195248.53
9755,195248.53
4838,195212.42
9855,195193.8
7306,195070.36
7182,195056.86
6043,194846.83
3661,194838.84
4270,194661.97
8950,194485.7
2755,194376.34
3830,194119.17
6394,194054.4
7624,193968.5
9847,193911.12
4836,193900.78
2836,193856.8
9299,193780.48
7480,193671.88
3466,193650.12
7049,193580.86
9382,193499.69
7735,193430.25
8989,193404.22
3770,193350.66
3556,193314.95
8211,193270.84
7546,193176.47
146,193147.44
8760,193118.4
8936,192932.61
7579,192831.97
3121,192820.0
7838,192754.05
5126,192751.7
5979,192686.5
9671,192651.45
7846,192622.55
9856,192577.06
8678,192465.7
3831,192407.42
2782,192406.78
2048,192161.27
1054,192099.06
7276,191990.84
7744,191930.14
4042,191894.88
9598,191768.38
9691,191756.27
1942,191749.67
2044,191749.67
1842,191749.67
1943,191749.67
9698,191740.7
5943,191685.94
7832,191604.58
4330,191565.98
8439,191476.25
7473,191372.55
7636,191349.83
9259,191289.86
4682,191276.56
8034,190777.36
9399,190575.78
8310,190435.77
6317,190372.98
2043,190258.89
8888,190168.94
3256,190111.38
9463,189943.61
766,189913.62
8722,189899.8
6484,189864.1
8133,189825.67
7377,189792.84
8614,189784.33
7950,189589.77
3426,189531.7
4665,189437.67
3738,189404.33
2340,189262.62
8284,189208.06
7635,189182.48
8995,189120.03
4663,189115.16
3221,189107.92
8869,189010.5
2754,188992.72
3669,188934.05
2784,188832.0
6486,188742.06
7578,188705.31
7745,188642.36
8195,188623.11
3330,188578.69
6494,188433.9
6594,188377.81
6393,188375.56
6493,188375.56
9053,188366.36
8998,188338.56
3022,188319.23
6593,188240.33
5231,188235.08
9754,188163.14
9153,188051.33
1753,188039.69
7048,187999.66
8386,187826.72
5079,187379.6
4736,187336.27
8889,186905.9
5226,186853.98
8788,186852.92
4781,186724.38
6986,186719.73
3021,186619.66
7836,186604.89
8551,186566.52
1641,186531.22
7357,186496.94
2684,186347.62
4436,186316.78
9200,186243.7
9945,186232.55
8344,186184.17
4137,186171.67
346,186058.42
9378,186023.94
8686,186011.25
8893,185974.02
3154,185875.0
9676,185830.11
2788,185734.83
8049,185715.61
7488,185675.16
9699,185507.83
5474,185450.31
3670,185448.11
9748,185417.55
3573,185367.4
4173,185187.27
6554,184906.78
5382,184856.47
8538,184750.03
7224,184739.77
8338,184683.98
9198,184669.55
7494,184619.97
5080,184617.02
4336,184614.95
4337,184596.22
6583,184581.94
1452,184551.73
6293,184472.1
8161,184460.48
7394,184439.25
8022,184348.34
4636,184339.66
4933,184274.6
8769,184213.78
1752,184154.67
9779,184151.38
6385,184134.8
6386,184134.8
9253,184069.38
8416,184042.94
8337,184028.61
2889,184019.44
3232,183992.94
8787,183880.33
8384,183803.34
6487,183689.75
4237,183611.05
8537,183497.81
7939,183482.3
8286,183376.02
5574,183348.38
5133,183296.89
5033,183296.89
5132,183296.89
2386,183246.17
7038,183173.16
8921,183134.42
1748,183132.62
8438,183056.22
8339,183052.95
8132,182956.11
4934,182952.61
5130,182584.77
9282,182524.38
7743,182506.0
3020,182503.4
2656,182492.44
8437,182487.28
5032,182460.2
8486,182441.92
9179,182333.2
3356,182241.38
5232,182204.9
7742,182167.06
8894,182161.94
8994,182161.94
8542,182154.86
5233,182120.11
8839,182070.16
3570,182059.28
8981,182041.38
5034,182024.7
6684,181994.77
8794,181846.31
5134,181776.38
6418,181718.6
6387,181698.75
4835,181575.45
4833,181548.16
7228,181099.86
8261,181097.22
3355,180989.95
7842,180970.42
4733,180879.38
7183,180836.81
8934,180819.12
8688,180770.19
9000,180763.27
8933,180632.12
8167,180583.69
8454,180459.89
4372,180413.81
4429,180263.11
8800,180223.6
9254,180201.84
4536,180197.62
4138,180153.33
8895,180111.31
8340,179899.78
2440,179879.52
6285,179855.52
3582,179854.67
7582,179843.92
7588,179762.95
8840,179713.14
3528,179584.2
4834,179566.84
7788,179557.75
8068,179325.55
8162,179235.66
2688,179161.22
4225,179074.2
3358,178702.05
8067,178595.11
2637,178550.44
8502,178541.8
8316,178541.34
4735,178526.86
8833,178521.86
7689,178404.11
8045,178376.06
3470,178326.92
9956,178288.16
8932,178287.94
1647,178206.47
1747,178206.47
9958,178205.12
7688,178181.66
6784,178102.19
6926,177997.06
9098,177898.53
8417,177718.19
1254,177588.72
9400,177562.98
3562,177533.86
3629,177490.8
9278,177482.88
9199,177290.0
8999,177265.5
9981,177151.48
7587,177085.73
7693,177067.66
2630,177014.86
9119,176987.39
9681,176985.67
2736,176967.7
7687,176964.05
3571,176847.31
9891,176827.83
854,176794.53
1554,176755.27
9787,176638.19
7937,176471.53
7637,176460.36
4040,176351.05
9575,176251.97
5319,176178.62
849,176165.88
5128,176146.42
5799,176142.17
5699,176098.88
7736,176087.02
5698,176083.39
8896,176056.73
3667,176044.8
8385,176023.12
7147,176013.98
8461,175989.2
8134,175979.73
2738,175940.78
8795,175850.12
9191,175773.38
8160,175723.02
9846,175691.69
9685,175588.75
5680,175552.34
3322,175496.67
6319,175460.25
7834,175430.98
5320,175391.28
2737,175346.0
4938,175260.14
8451,175232.88
8949,175203.0
2633,175179.8
8065,175156.48
9747,175078.39
1742,174987.08
9782,174933.66
4036,174894.02
8516,174886.23
3569,174827.69
5225,174791.8
5700,174692.05
6884,174587.53
7626,174578.69
7843,174526.23
2640,174515.12
6466,174362.28
1056,174328.06
6284,174310.23
4937,174255.47
3529,174064.95
9020,174007.25
9683,173994.75
4327,173879.48
4936,173822.38
7338,173814.03
1351,173759.0
2540,173679.11
7930,173592.88
7350,173490.19
7683,173365.52
2191,173276.6
9746,173261.95
8262,173159.11
5333,173149.7
7737,173144.1
2783,172979.83
8691,172831.39
5419,172697.45
4974,172613.8
2484,172596.25
9684,172555.38
7881,172537.0
2683,172512.36
2682,172460.88
6219,172403.86
9069,172231.19
4371,172145.06
8163,172052.92
7875,171968.17
8988,171961.28
5899,171903.0
2285,171816.2
9957,171790.14
3019,171760.92
3258,171713.03
8518,171678.02
3038,171572.16
7831,171563.16
6696,171546.56
9772,171389.38
7457,171383.97
1153,171382.98
7573,171376.3
7574,171318.1
3731,171196.6
8217,171189.92
8042,171177.62
5525,171151.33
8462,171127.45
7837,171123.19
8968,171054.31
8037,171027.81
9100,170995.9
7328,170972.73
6384,170853.89
7938,170709.42
3325,170690.67
7558,170608.92
7406,170557.45
9099,170538.14
5980,170448.53
8309,170436.44
1146,170356.28
7487,170319.94
9086,170207.25
9590,170199.45
9186,170182.38
4734,170174.36
867,170162.86
9050,170015.83
5125,170001.0
4671,169975.42
4174,169733.53
2541,169719.14
7458,169707.55
9655,169640.72
2919,169623.55
1854,169608.7
9488,169519.38
7387,169391.25
7386,169293.72
855,169167.97
8168,169141.61
3539,169130.94
9465,169129.31
1453,169054.44
4992,168984.1
5736,168848.89
6592,168666.2
8241,168660.64
8358,168643.7
8312,168477.02
1956,168424.34
8141,168398.97
8592,168370.17
5230,168293.62
9791,168226.55
1797,168204.53
3423,168172.9
3456,168149.53
8850,168074.25
9379,167987.4
3465,167962.84
7851,167926.11
8831,167873.53
4935,167840.72
767,167823.69
5639,167812.72
9920,167811.2
3138,167798.34
3139,167798.34
8931,167777.86
4075,167763.25
8013,167687.72
9688,167684.53
3472,167410.55
9049,167353.19
2384,167352.38
8650,167321.67
8602,167213.97
6483,167206.16
7223,167106.1
4529,167092.56
4537,166963.2
8240,166895.48
3422,166891.67
6295,166761.4
8830,166734.58
7449,166705.56
4272,166672.22
3350,166666.95
4481,166645.6
8041,166555.22
4338,166438.8
5800,166432.31
2390,166378.42
4771,166372.72
6199,166255.97
6100,166255.97
5999,166255.97
6099,166255.97
7482,166205.08
7538,166188.66
7912,166141.0
3724,166103.9
2491,166023.75
7388,165900.23
6098,165830.3
8993,165820.36
2789,165668.8
5229,165618.61
3033,165539.64
2349,165502.81
2088,165489.8
2148,165375.58
9862,165343.97
8667,165209.92
9654,165183.67
2837,165140.16
6683,165116.64
8736,165113.6
7477,165052.11
7804,165008.89
7245,164975.88
3934,164964.92
8239,164960.06
2881,164916.84
2284,164853.0
9364,164739.8
6079,164626.14
8317,164469.69
1989,164394.58
3257,164342.2
6294,164274.97
3428,164266.78
8137,164257.33
8038,164254.2
4426,164216.97
1796,164073.94
8418,164055.36
5798,164051.38
7923,164018.7
7417,163940.81
9261,163921.53
9285,163860.62
9591,163845.47
5178,163842.14
9021,163767.97
9221,163767.36
9120,163767.36
9121,163767.36
9220,163767.36
9122,163754.66
9320,163728.23
4181,163629.84
9983,163582.78
755,163545.42
9219,163489.33
6080,163487.08
5418,163440.17
7380,163345.8
1349,163312.69
9319,163306.89
7850,163270.78
8641,163210.17
2531,163179.2
7793,163156.62
6200,163142.34
4635,163082.34
7941,162885.36
9265,162867.39
4582,162740.02
7549,162738.33
4535,162695.5
8731,162662.14
3471,162642.42
5740,162613.44
8237,162580.66
3186,162562.06
9321,162514.0
6081,162503.66
8550,162488.03
7485,162441.03
9464,162328.83
9694,162285.52
5477,162201.42
1795,161984.42
5077,161951.4
6198,161928.14
1350,161886.0
7681,161860.75
3419,161849.17
8140,161798.58
3527,161787.69
9036,161690.7
9675,161685.77
9035,161681.38
7750,161664.38
8413,161591.67
8687,161569.52
9037,161568.78
1884,161560.55
7679,161558.48
1853,161402.61
8517,161288.31
9193,161275.72
7650,161265.9
4182,161105.53
6000,161084.8
8039,160833.27
6680,160722.56
5482,160615.12
4233,160551.12
3086,160476.61
1050,160414.73
6655,160407.69
9982,160402.92
4931,160345.72
5028,160309.9
7104,160304.28
7105,160304.28
7005,160304.28
6906,160238.66
8268,160201.33
5473,160171.8
856,160152.08
8456,160110.39
7911,160108.83
9588,160093.47
4437,160025.08
8138,159968.36
9165,159937.0
7456,159929.53
4180,159887.31
3140,159830.88
7594,159818.62
7781,159772.25
3252,159753.11
7205,159726.3
9571,159713.55
1454,159682.55
3323,159680.45
7474,159639.39
8712,159626.8
2346,159576.64
1348,159349.5
7006,159310.7
8040,159251.48
8230,159246.97
3462,159243.03
1648,159218.67
6597,159121.33
8359,159080.78
7106,159042.16
965,159032.6
8213,158973.58
9286,158948.08
9085,158766.11
9420,158749.97
3526,158656.14
7082,158643.55
5135,158617.53
7584,158587.88
8139,158571.86
8210,158531.2
1696,158448.72
2487,158444.86
3976,158380.22
5035,158271.52
7517,158181.34
9262,158176.66
7751,158159.14
4572,158148.48
9868,158081.36
6492,157961.58
7942,157940.28
4175,157875.45
3155,157690.47
3578,157661.42
8860,157649.94
8930,157648.33
8285,157591.56
9845,157565.83
4082,157429.92
2590,157398.75
2589,157398.75
3459,157377.98
2588,157369.12
9185,157336.02
4335,157303.45
2730,157276.42
7131,157256.1
8861,157197.53
3746,157170.48
7914,157159.06
7382,157147.56
2690,157076.0
6392,156992.39
9289,156949.95
9773,156916.73
8536,156892.72
5725,156873.69
3457,156855.06
3936,156792.1
6693,156761.67
2249,156688.98
9363,156635.8
8238,156567.73
3523,156506.62
3685,156477.4
9774,156421.58
8832,156369.73
3826,156217.78
7204,156125.52
8136,156116.19
2689,156079.56
5029,156015.34
9222,155968.38
4681,155961.7
8937,155864.55
3469,155785.72
8014,155717.1
3122,155699.28
3351,155688.19
2756,155641.83
2757,155606.58
2857,155606.58
3825,155603.05
7678,155537.67
1170,155525.2
7550,155513.8
9594,155487.67
7450,155487.3
7812,155464.97
9218,155338.77
3130,155318.45
9394,155287.5
3364,155086.66
3365,155086.66
3366,155086.66
1697,155073.75
5881,155031.42
2758,154799.89
6185,154795.42
8114,154685.62
9586,154676.16
7029,154658.77
3824,154637.66
1852,154633.17
4539,154615.0
3222,154607.27
1953,154592.55
4081,154564.89
7581,154531.02
9034,154324.33
8450,154312.83
2735,154310.28
1883,154309.53
7130,154280.8
7910,154275.9
7816,154107.56
8849,154077.9
5420,154054.03
7129,154031.45
7949,154021.88
5981,153958.02
9880,153947.72
7028,153912.36
7128,153912.36
2042,153908.55
8216,153851.19
2289,153792.47
1259,153707.4
2957,153590.03
3631,153573.23
3131,153499.58
8313,153484.9
7908,153483.72
7909,153483.72
7407,153478.03
7809,153476.03
9176,153449.89
7252,153437.45
1248,153437.27
8146,153350.19
3057,153317.38
3156,153317.38
3157,153317.38
3056,153317.38
448,153307.08
2858,153264.77
7004,153233.66
9781,153220.84
8110,153140.75
9088,153125.61
8158,153114.53
6286,153070.38
9882,153070.2
1646,153067.22
1794,153052.67
7577,152984.88
7943,152966.5
964,152963.97
2591,152747.12
3496,152641.8
5228,152639.2
1070,152530.64
3935,152486.42
7921,152462.45
2856,152447.06
9455,152446.69
8009,152379.77
7957,152368.53
6893,152366.03
1885,152349.19
9353,152340.05
8008,152204.8
8318,152155.6
3429,152147.4
8166,152134.45
7660,152130.66
8543,152044.52
9991,152043.28
5640,151943.62
7536,151866.78
8485,151779.62
7680,151617.9
8260,151547.1
966,151537.64
6184,151513.22
8257,151488.56
2188,151481.36
1064,151412.98
49,151394.33
9572,151336.67
7808,151279.86
3943,151264.14
8108,151177.83
8109,151161.16
9048,151135.88
8209,151109.58
8214,151069.58
1897,151051.06
9673,151029.14
4039,150893.86
8361,150893.52
3567,150869.66
8798,150805.39
9373,150753.31
3624,150749.27
7709,150605.03
8483,150589.62
2240,150477.92
4235,150461.31
9038,150441.17
9355,150437.97
9925,150139.44
4783,150126.16
4627,150103.16
8837,150042.9
9874,149924.84
7237,149857.89
9672,149843.83
9796,149711.11
7345,149694.62
2956,149653.64
4721,149625.06
4722,149625.06
8258,149607.39
9563,149596.67
2492,149529.56
4780,149425.44
7904,149364.23
1784,149257.5
7979,149253.25
9177,149206.06
9079,149190.38
3058,149188.48
9599,149165.61
1955,149125.1
1164,149091.55
6634,148979.7
4825,148850.84
9883,148801.14
7907,148783.03
6555,148777.77
9137,148720.23
9554,148712.86
3495,148669.03
6883,148488.64
6194,148458.84
2149,148422.22
2049,148383.12
2988,148353.6
2997,148247.72
2998,148247.72
3396,148247.72
3395,148247.72
3097,148247.72
3196,148247.72
2897,148247.72
2898,148247.72
3295,148247.72
3296,148247.72
3098,148246.27
7083,148226.45
6983,148226.45
6982,148226.45
3397,148211.53
7548,148164.25
6783,148153.22
3195,148135.2
1071,148127.02
3363,148117.67
3623,148097.22
967,148078.22
9587,148066.45
8007,148042.27
9924,148031.3
3982,148022.77
7547,148005.03
3394,147997.75
3238,147979.44
7418,147975.78
8737,147959.64
8730,147959.44
6927,147944.77
3158,147746.25
9183,147720.48
7807,147704.69
8345,147702.62
2831,147696.2
7708,147686.88
7906,147683.42
7806,147683.42
7707,147683.42
7706,147683.42
3823,147642.72
6807,147604.56
8360,147476.89
9687,147385.34
7446,147234.08
5236,146893.39
8567,146838.17
9083,146688.52
1252,146631.7
7920,146568.89
8157,146530.8
3450,146527.45
7915,146526.44
2553,146517.92
8695,146482.33
9192,146455.56
3198,146376.7
7317,146375.8
6881,146358.77
7537,146343.64
1957,146296.78
8056,146171.56
8057,146171.56
6217,146162.27
2958,146095.53
1952,146094.45
2490,146083.66
6388,146057.06
7975,145941.4
9138,145802.58
3239,145794.78
6180,145731.1
4621,145729.1
2441,145717.72
9263,145632.66
7880,145429.62
7858,145419.56
8982,145373.22
3055,145364.58
9293,145358.17
7526,145356.08
4428,145310.06
9264,145250.17
8412,145248.39
4534,145234.88
3099,145167.33
6533,145012.52
8159,144944.19
3197,144843.2
3424,144804.75
3133,144788.81
8362,144680.33
3938,144657.2
3596,144588.89
6907,144552.38
9555,144546.64
9322,144515.52
8232,144514.92
3843,144495.28
5219,144474.45
4932,144431.88
4234,144405.08
5581,144399.81
3359,144399.25
7416,144369.11
5224,144362.16
9589,144313.27
8357,144306.42
3926,144293.58
6197,144281.78
6196,144281.78
4633,144263.39
4822,144258.48
6096,144238.77
6195,144232.58
9686,144113.67
3568,144080.56
3096,144054.77
9087,144051.33
9077,144008.38
6886,143953.72
8796,143929.83
2583,143896.16
7780,143873.06
1954,143854.47
9390,143835.42
9118,143835.38
9092,143760.55
7607,143717.0
7658,143672.8
8617,143653.66
4634,143593.62
2489,143579.42
4282,143558.23
9745,143534.27
4677,143496.31
9492,143489.11
4439,143459.03
4723,143458.14
8294,143427.66
2838,143420.92
9454,143391.28
8463,143358.83
9354,143335.33
4772,143264.45
7575,143247.81
9799,143222.62
7124,143195.42
7024,143161.45
7349,143104.81
8061,143084.77
5088,143080.25
7438,143012.06
7648,142952.42
7437,142928.6
868,142909.53
4476,142882.25
3630,142865.9
7376,142838.31
8259,142826.72
1354,142816.53
4732,142780.94
9419,142759.12
7206,142745.92
8058,142661.06
8156,142648.14
4821,142568.16
9700,142532.52
3696,142517.92
4135,142485.84
1447,142452.56
5136,142439.23
8150,142400.06
1066,142305.38
9292,142281.83
2989,142256.86
5137,142253.5
5036,142253.5
5037,142253.5
7810,142252.16
4526,142221.72
6380,142201.64
5627,142194.83
8233,142175.86
6243,142162.92
2899,142127.9
7876,141916.56
2641,141863.75
9593,141789.27
9491,141744.34
9592,141736.7
7229,141414.83
8480,141376.0
4177,141249.64
7436,141181.14
968,141161.4
7346,141074.81
5599,141055.3
3583,140929.9
7337,140889.62
9493,140863.58
8062,140761.33
6097,140745.25
8479,140738.1
4533,140678.86
2896,140595.05
5998,140577.95
4035,140534.58
1165,140497.69
7246,140431.7
6300,140361.0
7336,140294.47
7805,140267.31
3297,140167.33
1547,140148.88
8231,140077.53
7705,140060.4
9291,140024.11
3925,140011.42
4482,139916.02
1253,139897.03
8164,139783.08
4581,139777.75
3387,139752.95
3294,139683.92
4183,139653.64
8980,139579.86
3199,139516.67
1944,139503.95
9093,139481.17
7919,139453.62
2932,139423.0
1950,139383.12
3468,139329.05
2938,139284.25
6698,139187.48
8021,139132.98
6082,139085.39
3032,139075.62
4632,139068.97
1894,139063.17
8987,139027.84
6905,138909.64
7946,138901.56
1685,138850.52
6697,138830.5
5600,138829.31
1984,138810.64
4725,138675.28
2753,138620.44
8938,138589.11
1785,138581.8
5025,138574.5
8246,138512.48
9944,138416.9
1695,138401.45
2999,138361.33
3489,138356.05
6793,138253.25
8684,138210.94
7305,138204.94
7318,138203.72
3421,138196.25
3095,138187.3
8331,138173.94
6692,138167.6
7734,138137.98
6792,138101.4
6791,138101.4
6892,138101.4
6891,138099.11
8332,138098.45
7323,138088.47
1047,138085.27
5318,138047.64
3525,137953.44
5332,137942.31
4580,137873.84
9490,137850.06
8544,137698.67
7977,137656.38
754,137526.19
7413,137483.19
7606,137338.75
7123,137337.9
9178,137301.53
8948,137206.58
9392,137122.77
8117,137090.83
1783,137002.12
7958,136995.06
7521,136901.28
4730,136709.83
1551,136702.78
5220,136564.66
3488,136553.19
8693,136531.98
9489,136514.75
7905,136470.98
8064,136451.44
1065,136407.97
9148,136377.69
6984,136335.56
2582,136209.97
2286,136203.67
9968,136170.3
5527,136135.72
9873,136134.55
4577,136115.78
4832,136105.14
2488,135901.66
9164,135852.98
8694,135849.62
9494,135840.94
7576,135793.55
8135,135790.7
7916,135739.67
8464,135737.92
7947,135667.31
5325,135659.67
4981,135570.22
650,135506.03
2184,135488.19
3449,135368.75
1058,135308.56
3981,135233.19
4134,135178.81
3039,135134.52
8829,135119.4
9971,135103.6
9744,135055.8
6287,135026.27
9260,134993.75
8095,134964.95
8593,134905.92
8078,134848.56
4530,134831.69
7447,134818.2
4538,134803.03
2931,134721.11
8615,134695.73
6186,134689.66
5739,134570.44
1741,134566.8
9391,134538.47
8493,134479.22
9674,134467.02
1171,134457.5
4438,134436.4
8077,134428.86
6095,134373.05
8587,134329.33
8165,134322.89
9647,134305.38
7621,134301.02
8642,134279.89
5337,134248.34
5081,134180.27
1843,134159.22
6887,134092.05
2143,134080.1
3695,134071.58
5124,134023.67
9374,133943.45
7448,133862.69
5227,133760.33
7203,133725.92
6691,133595.45
7725,133580.62
1158,133500.72
1694,133415.58
6187,133395.66
7779,133367.31
8215,133183.9
2790,133147.14
1057,133126.89
4382,133016.95
2816,132878.39
957,132870.88
8444,132649.23
8020,132565.05
2185,132541.62
3388,132514.38
3389,132514.38
9667,132465.61
8131,132371.44
9022,132343.97
8838,132331.4
8321,132314.84
3289,132220.61
3189,132187.39
3288,132185.89
7411,132171.4
3088,132148.92
7978,132147.06
3188,132080.67
1585,132007.6
3089,131977.84
3425,131921.16
3187,131908.06
3287,131826.61
9030,131745.75
2890,131719.78
8393,131648.47
3584,131481.62
753,131393.53
3524,131351.06
5422,131229.81
3087,131222.2
3595,131172.4
3640,131170.14
8594,131126.72
9163,131109.78
3497,131084.84
9988,131068.984
3560,131057.12
4622,130932.414
3226,130915.516
8449,130780.9
2542,130674.945
3152,130639.836
8522,130557.69
3522,130538.7
8263,130483.18
2739,130316.234
2830,130303.49
7913,130269.95
8586,130258.016
8348,130257.72
8741,130142.29
5421,130094.445
7281,130073.086
7676,130041.26
9881,129979.125
8019,129952.84
8247,129888.086
7412,129841.23
8347,129835.625
8046,129793.87
9872,129731.39
7486,129706.41
2483,129639.336
3216,129584.9
3487,129522.11
9642,129509.88
3369,129454.07
8394,129400.11
8346,129263.54
4521,129066.48
8208,129061.39
8349,128937.49
4178,128828.84
9078,128824.64
6417,128759.19
3939,128742.13
4528,128663.71
7307,128650.586
8295,128580.96
9393,128536.97
8350,128521.2
9123,128430.53
3298,128427.28
9974,128360.914
2855,128342.336
1548,128282.63
7522,128120.23
4034,128109.24
7511,128080.69
3682,128030.195
5100,127942.36
2930,127898.07
4921,127868.07
4920,127858.805
8198,127779.945
8494,127754.65
8643,127724.55
3031,127638.88
4126,127622.39
1990,127612.26
8016,127610.45
5199,127565.7
8634,127542.65
8330,127539.23
9767,127488.15
1249,127444.03
5794,127418.734
8465,127249.33
1896,127187.83
2996,127163.41
6480,127141.09
7481,127109.59
3132,127104.35
8644,127042.76
2530,127037.87
1657,127009.29
9648,126989.25
3494,126963.37
9649,126906.19
8701,126880.055
4919,126838.0
2050,126819.15
1157,126750.945
5200,126739.03
2344,126677.695
1649,126610.555
1749,126610.555
3983,126608.07
8711,126489.41
7649,126486.99
7007,126485.41
2955,126411.08
949,126346.83
7748,126337.71
5138,126304.96
847,126291.4
2387,126280.164
2053,126273.86
2054,126256.17
2153,126242.44
3054,126174.01
8248,126167.29
5099,126146.95
7230,126066.695
3052,126056.914
5423,125860.805
3739,125847.03
2341,125834.805
9992,125795.43
8742,125781.44
8446,125773.27
8395,125740.62
3240,125699.445
8123,125566.5
5321,125565.414
3924,125488.85
7030,125338.71
7879,125274.9
1451,125229.55
7859,125172.914
5177,125157.72
1546,125078.375
7715,125061.75
3743,125011.89
5697,124993.36
1446,124970.57
8445,124954.99
6580,124935.06
2389,124917.25
9139,124779.38
8107,124762.95
6086,124751.87
2388,124714.75
2287,124714.75
2288,124714.75
5521,124646.6
9844,124511.07
9033,124507.28
9389,124482.51
8545,124480.6
3053,124438.63
3390,124292.5
2952,124279.98
8816,124265.484
2953,124261.75
2854,124261.75
2954,124261.75
5336,124168.63
8595,124153.13
1445,124092.086
5982,123981.73
6299,123973.3
2853,123926.26
7513,123798.87
7613,123798.87
8250,123787.195
7612,123772.484
7512,123772.484
4984,123726.18
8130,123664.836
9162,123591.43
8482,123568.37
8006,123562.16
1683,123530.78
8320,123523.24
1545,123423.98
8616,123395.95
2152,123364.46
8218,123264.0
6085,123237.5
3984,123237.42
6087,123194.1
5987,123187.81
7211,123181.64
5986,123168.1
2442,123104.01
2342,123104.01
2243,123104.01
2242,123104.01
2343,123104.01
2142,123104.01
2443,123103.625
5598,123062.83
9997,123020.445
5499,122921.35
5399,122921.35
5398,122921.305
5500,122909.945
9600,122909.07
8365,122893.53
9065,122870.32
9499,122803.09
9646,122769.195
5888,122755.0
9645,122712.63
9641,122639.93
9842,122638.79
9742,122638.79
2150,122561.42
4083,122550.19
4630,122536.39
2852,122458.625
8431,122394.09
7964,122378.44
7824,122366.875
1449,122323.125
2052,122257.016
1788,122201.24
857,122174.375
7849,122160.586
6488,122093.85
1258,122072.11
3290,122060.34
3194,121999.984
5340,121994.22
9740,121731.65
2951,121671.12
2746,121623.03
1891,121583.24
1890,121571.45
1689,121571.45
1790,121571.45
1789,121571.45
1889,121571.45
9031,121495.23
9743,121456.13
1450,121405.88
3882,121311.08
5400,121268.66
9644,121251.24
8732,121187.82
4820,121182.55
5425,121135.77
6928,121032.59
5324,121025.266
3940,121011.125
9998,120960.15
4831,120942.96
5522,120900.586
1353,120886.05
9741,120808.98
8104,120740.23
8743,120719.02
2990,120687.32
1690,120679.55
5900,120571.76
2536,120541.29
5781,120433.24
1791,120402.25
9039,120370.09
5424,120335.195
2791,120330.32
8322,120302.92
8121,120302.92
8323,120302.92
8122,120302.92
8221,120302.92
8223,120302.92
8222,120302.92
8124,120288.93
7103,120229.766
1895,120227.586
7759,120221.555
9223,120212.49
970,120209.664
8149,120198.555
7294,120144.58
9543,120122.53
5217,120113.38
5317,120111.75
5218,120078.12
9136,120049.91
3589,119929.1
3116,119928.234
2091,119867.06
7749,119861.64
2543,119855.15
1583,119852.234
4532,119831.72
1549,119805.64
3339,119714.88
3338,119714.88
8004,119708.24
5524,119701.91
3439,119663.86
9324,119606.47
4324,119604.08
9124,119599.91
8060,119597.62
1888,119588.44
3978,119557.62
5797,119550.875
9061,119497.15
9161,119481.04
3941,119454.86
4080,119448.32
869,119383.37
870,119383.37
7427,119364.766
969,119314.64
9041,119279.24
7760,119259.63
8423,119246.766
4430,119238.36
4731,119120.266
9323,119111.42
9225,119111.42
9224,119111.42
1067,119067.35
6806,119039.12
3440,119031.71
9921,119015.57
7994,118955.84
7677,118914.16
8336,118907.2
9500,118870.13
6419,118861.74
9919,118827.25
9388,118823.76
8005,118797.86
7830,118794.9
7730,118773.016
9345,118768.266
4922,118755.16
8432,118746.26
2918,118740.89
5542,118607.98
8817,118451.61
9843,118418.71
8364,118370.445
2900,118293.29
5299,118289.12
9798,118260.63
2716,118212.09
3340,118191.54
4334,118186.03
5323,118150.97
9383,118140.82
1688,118129.555
9325,118095.195
9125,118086.52
9643,118086.52
7818,118074.63
1951,118071.85
9017,118024.2
7731,117971.37
2051,117948.17
4184,117938.21
5440,117896.875
9545,117867.59
9544,117841.4
8601,117841.12
9117,117838.16
8015,117685.66
765,117631.59
9384,117545.516
4084,117527.82
1556,117516.11
7817,117449.25
9284,117414.62
9283,117414.62
8939,117389.49
1270,117379.93
9973,117329.79
3795,117324.11
7823,117247.05
8249,117235.484
3518,117213.34
8059,117206.85
9972,117196.055
5316,117191.83
5518,117187.375
4078,117153.336
1448,117107.77
8495,117078.055
2691,117036.984
7694,117022.27
6343,117021.016
5020,117013.375
8645,117010.91
3299,116992.7
2383,116927.8
4421,116913.25
9238,116890.49
7877,116884.516
6193,116793.01
6882,116775.305
6993,116608.75
4179,116580.59
2141,116576.24
2241,116515.445
7535,116507.46
1154,116477.055
5315,116454.016
9549,116439.81
8196,116437.086
9448,116432.15
9184,116429.78
9449,116400.83
3980,116391.914
8609,116387.12
9421,116382.19
3979,116369.805
4079,116369.805
9548,116312.9
7659,116306.25
9867,116280.91
3190,116234.86
7822,116229.02
8116,116196.99
3744,116119.48
7959,116105.64
1148,116076.414
2436,116069.11
848,116050.66
8915,116043.21
8916,116043.21
8917,116043.21
9016,115971.76
5298,115962.914
8940,115960.53
5282,115932.086
9348,115905.31
9349,115905.29
8503,115903.4
1787,115896.055
3090,115893.44
9444,115887.95
8842,115847.67
9062,115818.68
3398,115811.46
2799,115778.31
2634,115778.09
5223,115742.72
9447,115727.59
5300,115705.57
5887,115661.23
8841,115642.56
8941,115642.56
8942,115642.56
4983,115616.47
8815,115608.39
1991,115606.164
6744,115566.305
6826,115548.51
7311,115540.016
4435,115518.22
9967,115468.19
5216,115429.69
1049,115331.07
1149,115331.07
3745,115326.39
3645,115326.39
3646,115326.39
3644,115326.39
1048,115313.35
9247,115277.99
5995,115230.84
1455,115213.98
7611,115206.29
8197,115190.89
7710,115157.875
2764,115156.94
2767,115156.94
2664,115119.79
2895,115091.04
2866,115048.83
2765,115012.82
3300,114990.375
2768,114962.32
2665,114897.16
3251,114888.92
5417,114885.94
7878,114793.02
2867,114732.8
7381,114685.13
5985,114668.5
9329,114643.04
9042,114609.58
5326,114587.61
2766,114530.21
8726,114521.055
8826,114518.66
8926,114501.34
9546,114463.6
2663,114385.086
6288,114379.484
6827,114373.94
2666,114356.48
8969,114349.63
3796,114341.016
1159,114260.73
9318,114259.42
3094,114216.67
9026,114212.914
1550,114211.72
9445,114188.91
3838,114175.695
1589,114145.38
6084,114135.85
2995,114126.4
5988,114109.875
9640,114106.12
7423,114093.29
4631,114078.62
2667,114057.414
4420,114057.28
7829,114038.56
3051,114005.586
7721,113919.24
7608,113914.7
3942,113862.78
3923,113771.6
2991,113739.41
8115,113734.81
7249,113681.32
5498,113680.15
4273,113676.695
3643,113667.87
8564,113610.164
8868,113534.96
3585,113524.42
3293,113470.48
4231,113461.72
3200,113453.586
8733,113376.51
2056,113372.445
8827,113336.68
5129,113291.39
2894,113288.26
3193,113288.26
3292,113288.26
3093,113288.26
3291,113288.26
3192,113288.26
3191,113288.26
2994,113288.26
2793,113288.26
3092,113288.26
3091,113288.26
2993,113278.8
2794,113272.71
2893,113265.04
9963,113228.21
9187,113156.086
2868,113151.055
3324,113072.65
6635,113033.2
5327,113019.3
2792,112932.37
2151,112928.01
6992,112918.01
8535,112878.52
3985,112853.69
3546,112805.4
4085,112774.48
1988,112764.35
3839,112732.82
4623,112702.71
3327,112695.16
7860,112615.03
4275,112614.055
4432,112575.31
9040,112558.33
4875,112555.695
4680,112534.88
1440,112504.2
8204,112491.2
3448,112473.695
3347,112461.82
3447,112461.82
3348,112461.82
3446,112460.664
2444,112430.24
3977,112360.086
3545,112340.75
948,112295.62
1069,112277.516
8783,112273.52
1075,112269.24
8961,112234.91
5898,112216.68
2154,112157.23
9032,112147.26
9996,112139.17
1850,112082.85
3100,112044.09
2798,112033.79
3840,112011.664
8105,111994.6
4424,111974.055
7375,111955.04
6996,111906.016
9248,111877.4
7794,111846.19
9226,111692.79
9246,111688.555
3841,111640.38
2447,111607.24
8822,111602.12
7247,111590.31
1651,111587.6
8523,111534.55
2763,111470.37
2482,111427.56
1257,111398.414
8484,111354.41
8267,111354.39
9943,111213.99
1792,111212.56
8725,111201.33
1691,111198.16
8307,111195.36
8606,111195.36
8206,111195.36
8506,111195.36
8508,111195.36
8408,111195.36
8306,111195.36
8407,111195.36
8507,111195.36
8205,111194.586
8404,111193.875
8304,111188.164
8405,111187.85
8406,111183.16
4823,111161.34
9229,111148.47
5426,111142.36
2566,111138.984
8403,111109.09
3986,110994.39
7634,110940.74
8099,110930.18
7894,110911.836
4525,110890.836
7202,110726.74
8421,110710.94
1692,110708.13
6181,110693.445
1591,110677.64
7329,110652.7
1693,110578.59
8962,110576.26
1593,110559.28
1592,110511.984
8505,110412.15
3000,110372.54
1793,110330.734
2581,110254.75
8422,110252.66
9025,110185.586
7290,110183.48
7236,110071.95
7617,109994.336
3393,109945.07
5996,109895.36
2797,109854.984
8308,109815.55
5237,109727.79
8607,109714.76
8120,109698.98
7899,109697.04
3794,109657.08
1841,109616.04
8199,109579.945
6381,109579.4
9063,109528.59
8207,109482.875
7898,109475.484
4522,109457.94
9227,109424.84
7194,109415.04
3349,109409.016
6481,109373.836
7778,109358.94
9547,109319.08
770,109262.6
1255,109248.75
2657,109192.6
8396,109158.94
1596,109114.53
1496,109114.53
1497,109114.53
8448,109095.44
8929,109048.92
1597,108985.35
5021,108979.305
2652,108963.45
7518,108940.195
9126,108864.805
4077,108718.46
1155,108703.91
958,108680.734
7729,108628.734
9130,108620.82
7999,108582.664
8963,108561.5
1046,108505.64
1495,108496.86
8363,108477.234
8000,108440.836
4626,108419.97
4333,108295.12
7900,108251.11
8305,108226.99
4524,108222.37
4624,108217.21
8925,108212.78
7998,108191.805
1444,108166.266
9015,108160.73
9001,108159.336
4523,108152.375
7861,108042.58
2717,107975.22
8098,107944.82
7151,107942.97
8768,107922.79
8224,107874.94
3742,107857.54
7961,107819.555
7960,107819.555
5997,107818.35
7289,107736.445
7288,107736.445
5793,107714.0
9966,107711.17
8825,107707.086
5796,107692.72
5897,107692.72
5896,107692.72
5895,107692.72
5795,107692.72
8984,107677.36
6280,107544.414
1169,107525.84
447,107518.83
4284,107485.766
7090,107484.06
8696,107481.14
4219,107477.625
3686,107443.305
9763,107431.984
2292,107420.02
7586,107382.79
3030,107367.3
8715,107352.586
6292,107282.07
4283,107267.62
2920,107264.66
1265,107246.7
4332,107240.44
1498,107225.836
7190,107203.945
2865,107126.33
8504,107052.96
6383,107038.805
1352,107035.3
9346,107025.516
2929,107017.97
3884,106964.516
7800,106869.2
7686,106828.84
7319,106774.52
7720,106764.65
2636,106759.18
2928,106747.92
5123,106682.99
2055,106680.31
6939,106661.71
1166,106616.59
7819,106613.03
8097,106574.125
749,106500.09
4176,106485.8
8296,106481.695
1156,106462.516
7475,106357.01
8266,106252.305
1595,106227.04
250,106215.836
1594,106157.43
9135,106098.26
8299,106089.375
4724,106056.43
5416,105992.23
1590,105989.055
9866,105986.34
8716,105946.7
8717,105915.61
349,105906.91
8713,105839.414
1365,105828.13
2392,105825.125
9446,105810.52
7995,105714.06
2800,105680.79
4625,105628.195
9188,105613.72
8784,105594.734
7091,105594.01
9328,105589.44
4232,105564.68
4076,105540.55
9794,105451.44
8631,105331.695
7191,105329.31
7192,105324.93
7292,105324.93
7291,105324.93
7092,105324.93
1256,105274.92
2253,105270.7
1167,105237.85
1369,105237.85
1368,105237.85
1268,105237.85
1269,105237.85
1267,105237.85
1367,105237.85
1168,105237.85
1467,105226.78
1469,105226.78
1468,105226.78
1470,105226.78
1466,105226.58
8003,105224.72
7293,105197.234
7405,105186.09
249,105176.37
1068,105154.664
8106,105112.65
9663,105109.76
5782,105106.16
5681,105106.16
8229,105103.75
3885,105093.44
4527,105085.45
8368,105051.945
7848,105002.84
4026,104979.67
4024,104979.67
4125,104979.67
4025,104979.67
7844,104923.88
947,104882.625
8467,104877.25
4320,104873.35
8367,104865.42
8466,104865.42
8366,104865.42
2917,104844.016
350,104836.41
7924,104815.07
7195,104758.61
9084,104735.44
4423,104734.82
1266,104612.336
8333,104534.98
2481,104442.65
4124,104405.92
2817,104350.734
7712,104290.586
2354,104232.26
2454,104232.26
2255,104232.26
2355,104232.26
2254,104212.9
7094,104202.695
2155,104188.85
5415,104172.914
2156,104172.85
5523,104149.54
2829,104143.03
6790,104133.0
6040,104118.13
9023,104108.76
9237,104063.516
9239,104050.11
5682,104047.375
7585,104016.95
7189,104000.07
7704,103977.02
7089,103947.164
5886,103896.72
647,103888.234
8922,103854.57
5322,103835.47
7918,103815.3
7193,103752.91
9965,103744.82
8823,103730.51
4925,103722.29
9236,103702.39
9337,103671.27
7684,103638.21
9024,103628.25
8924,103628.25
8923,103628.25
9336,103626.695
9338,103618.086
5693,103590.31
9964,103576.414
5783,103558.914
8727,103498.99
8623,103474.36
1465,103436.586
5582,103376.1
5683,103368.21
2851,103288.57
6781,103261.41
946,103212.57
2828,103200.945
8297,103112.12
6639,103064.92
7148,103057.92
6638,103032.11
2448,103029.9
864,102994.77
8683,102984.07
8496,102909.25
2916,102902.73
9235,102848.36
5328,102765.19
7187,102762.34
2353,102753.21
6738,102750.05
1370,102680.68
2565,102617.38
5122,102526.74
449,102518.59
1063,102507.0
3740,102501.47
2084,102480.555
9893,102387.75
348,102275.24
8824,102249.3
1500,102247.305
7895,102238.41
8583,102230.73
1983,102224.56
6987,102224.445
7896,102219.18
8848,102199.67
7795,102164.0
8797,102135.055
8324,102105.04
9820,102096.586
9438,102091.22
8148,102082.24
2642,102049.61
7833,102042.16
5221,102038.83
547,102018.055
9339,102014.125
3279,102011.414
1786,101998.234
6707,101977.22
8749,101969.82
3842,101953.6
1400,101950.2
4431,101934.69
8605,101885.89
7087,101861.74
2544,101859.49
7093,101846.93
4531,101819.05
1499,101771.15
1366,101680.51
2745,101610.68
2645,101610.68
2545,101610.68
2546,101610.68
2644,101610.68
2445,101610.68
2446,101610.68
2646,101610.68
3785,101599.89
7516,101591.15
2869,101575.8
9327,101572.44
7862,101571.055
9797,101468.62
7944,101439.914
8867,101401.54
1687,101396.055
8147,101360.22
3622,101336.75
6083,101319.695
5022,101299.04
8706,101287.3
6706,101282.336
8549,101228.24
756,101225.31
548,101204.95
9424,101196.06
2752,101175.91
3786,101152.086
7945,101138.37
8878,101135.83
9897,101117.25
9898,101117.25
8017,101116.445
2729,101100.55
858,101076.8
9340,101069.16
7845,101062.125
9942,101014.484
3689,100993.9
8625,100967.31
9428,100890.95
9896,100874.57
8220,100863.38
8626,100826.37
3588,100807.13
5539,100790.46
3531,100758.61
7605,100704.31
6042,100666.13
8319,100504.66
8866,100437.805
3540,100428.52
2083,100396.78
3151,100370.74
5198,100365.86
3264,100320.58
7251,100277.31
4824,100266.414
9578,100265.414
8927,100227.33
6182,100226.07
7719,100191.45
5788,100140.22
7197,100136.08
7198,100136.08
7196,100136.08
7095,100136.08
7096,100136.08
7097,100136.08
7098,100136.08
7700,100134.45
8436,100064.94
8447,100036.164
7758,100030.86
3694,100008.49
8096,100003.125
4672,99991.52
6281,99990.28
6482,99976.23
7863,99911.88
4331,99888.7
6991,99882.03
6382,99812.04
9217,99759.14
1893,99728.82
8604,99715.94
9865,99536.664
3530,99526.125
5023,99506.99
6997,99499.484
6888,99498.35
1851,99488.91
5427,99485.99
6283,99441.125
9480,99427.97
1758,99421.62
5694,99406.43
3346,99375.69
7304,99347.89
3016,99326.31
5222,99299.6
9437,99213.93
3029,99196.45
7799,99108.55
5190,99079.68
7476,98951.7
6183,98950.83
9101,98827.375
3886,98790.2
8236,98789.85
8723,98754.35
7811,98745.19
6739,98720.125
2980,98710.0
7897,98700.36
5189,98642.445
7310,98556.65
5330,98546.375
7435,98539.8
4923,98525.62
7685,98525.32
9116,98483.43
5519,98483.305
7504,98468.37
7503,98468.37
3168,98302.15
7820,98228.38
2643,98195.15
2769,98195.01
3642,98194.01
6788,98151.31
2336,98149.0
9566,98124.66
8914,98102.32
5019,98055.984
6282,98051.516
5329,98036.03
1892,98034.7
4520,97969.266
9129,97940.945
7404,97935.18
5024,97929.92
4924,97929.92
3392,97862.336
3391,97862.336
846,97807.836
7903,97775.01
8546,97736.83
8901,97723.77
2081,97712.414
748,97708.75
3268,97512.54
2979,97511.984
8298,97509.54
2795,97475.18
8424,97458.97
5583,97447.414
6598,97417.04
9347,97375.766
7302,97330.96
6640,97280.125
8724,97268.234
747,97257.88
3150,97251.74
4319,97229.47
6433,97220.31
7414,97198.336
758,97187.27
3265,97170.73
9720,97160.02
7505,97144.21
5121,97132.14
4888,97131.96
1355,97071.68
7610,97071.055
8534,97064.1
7506,97036.27
9440,97014.05
9230,97009.27
7347,96984.516
8608,96961.06
7099,96946.54
7403,96874.02
6094,96833.39
8983,96832.66
3789,96829.42
8481,96795.52
1686,96724.51
7199,96673.74
9029,96652.234
6138,96627.41
648,96593.53
5695,96545.93
7997,96388.67
5894,96349.94
5428,96266.12
2453,96107.836
7421,96101.65
8200,96079.58
6140,95947.76
5684,95915.4
3741,95879.445
7620,95861.805
8100,95832.45
3574,95820.69
2256,95800.9
8649,95783.016
8024,95777.77
9006,95769.46
9894,95759.91
7732,95734.02
7699,95694.64
5685,95677.63
2751,95670.2
8782,95629.125
1439,95567.984
5118,95514.71
6139,95487.516
6240,95487.516
6239,95487.516
8828,95431.43
2699,95418.95
9679,95390.38
9793,95370.875
7901,95355.03
3420,95315.84
3164,95295.81
9766,95292.195
4383,95254.766
2744,95177.54
3023,95176.09
2692,95132.01
8965,95122.03
3370,95097.08
5784,95028.31
8596,94935.3
1650,94907.59
845,94903.18
5120,94820.71
9287,94814.31
9326,94814.22
8300,94791.84
6188,94772.29
6998,94729.695
1566,94694.04
7711,94597.59
5018,94562.875
5119,94562.875
6241,94494.48
3165,94491.58
5787,94452.11
9027,94450.95
5686,94430.72
7733,94424.125
2892,94417.87
8744,94354.51
9423,94352.97
9995,94336.54
3263,94271.04
9127,94198.625
4434,94181.45
7303,94123.99
5885,94078.47
8303,94069.1
1586,93943.08
9288,93933.5
4982,93899.62
8433,93842.32
7402,93807.65
3266,93798.57
3079,93768.58
3883,93709.3
7777,93697.9
6582,93694.18
3250,93660.76
8781,93630.38
5785,93582.63
9864,93582.016
5786,93569.164
8882,93546.92
7419,93484.88
1746,93438.37
7917,93396.45
4483,93358.836
1750,93312.63
3430,93296.09
7102,93213.42
9245,93016.58
1588,93005.09
8265,92997.02
8219,92994.69
9330,92952.516
6039,92929.99
2668,92875.08
2992,92831.39
3586,92812.24
2187,92806.49
9302,92790.914
9202,92790.914
9201,92790.914
9301,92790.914
7037,92693.4
7996,92665.33
9401,92651.195
651,92615.48
6544,92593.67
5540,92565.84
6844,92539.164
1264,92530.63
9565,92521.83
8714,92516.3
9895,92498.21
6534,92467.516
5882,92448.875
8699,92438.44
2236,92345.484
2700,92334.914
4819,92276.23
2950,92256.7
9303,92240.27
5622,92205.02
7600,92138.45
3229,92106.17
3080,92030.695
2891,92001.49
9542,91990.35
9204,91961.586
3167,91936.76
9664,91924.2
9666,91924.2
9764,91924.2
9665,91924.2
9564,91924.2
251,91923.53
7902,91916.25
8264,91894.3
5689,91871.95
8801,91831.97
7796,91823.85
9765,91821.8
3050,91756.31
3544,91731.79
6141,91701.54
8881,91696.57
8633,91672.94
7231,91603.11
7023,91602.28
5436,91597.69
5884,91534.0
3723,91475.414
3163,91370.04
5082,91368.87
3787,91347.12
1846,91314.125
8455,91309.62
8979,91305.22
9692,91304.664
4427,91258.586
6637,91236.4
3887,91225.79
9863,91221.34
9520,91070.88
5883,91038.51
6828,91010.08
1456,90939.15
5687,90904.36
2534,90871.125
2850,90870.22
5331,90834.59
3889,90814.79
5994,90763.055
5290,90721.586
3687,90695.85
3490,90682.45
2635,90662.81
8533,90658.48
8435,90616.89
149,90608.266
8532,90549.71
8632,90528.71
2041,90510.375
2728,90441.64
9892,90441.11
7962,90284.82
1992,90267.57
3028,90265.7
2681,90259.28
3688,90245.61
1599,90234.734
2864,90208.91
9134,90203.25
3329,90069.9
2535,90068.46
8705,90023.01
7348,90016.7
2599,90011.5
9527,89973.07
9525,89973.07
9524,89973.07
9526,89973.07
9627,89973.07
9626,89973.07
9726,89973.07
9727,89972.77
9825,89970.87
9523,89967.9
9625,89967.8
9624,89959.055
9826,89957.45
9725,89946.98
5692,89934.55
9724,89926.39
7296,89920.17
9147,89910.695
3280,89908.95
9623,89889.13
3788,89833.37
2592,89793.016
8063,89764.79
768,89753.34
9203,89681.42
7520,89671.58
7602,89632.34
7514,89596.08
1356,89588.3
7614,89526.38
7295,89500.99
9824,89487.39
646,89441.734
2192,89417.22
2598,89417.22
2193,89417.22
3267,89414.516
2697,89414.03
7137,89413.29
2093,89411.836
2698,89408.56
9425,89405.43
7248,89387.555
1985,89374.35
2092,89354.01
4918,89326.555
1587,89297.195
3166,89287.19
2597,89286.21
1993,89263.8
2693,89160.586
9693,89107.71
4023,89089.0
9402,89081.59
6400,89017.31
8524,89015.61
6727,88974.91
9403,88930.92
2967,88886.8
9228,88883.21
4885,88861.19
2493,88769.586
3594,88673.82
3888,88669.05
9317,88559.79
7507,88536.55
5297,88500.695
9441,88488.87
3317,88465.46
1544,88462.79
761,88428.58
7776,88413.47
5590,88368.414
7618,88322.58
8603,88312.43
2293,88301.21
5435,88256.945
9427,88238.37
5690,88227.195
3015,88224.75
9106,88201.016
2382,88199.64
1397,88171.375
3697,88122.18
8048,88048.164
6540,88034.66
9141,87895.24
3587,87886.96
3078,87833.66
4720,87829.58
8018,87799.9
9426,87772.64
7188,87740.65
2455,87692.58
8119,87563.23
9028,87477.016
3917,87448.17
1340,87354.65
1598,87342.13
9128,87334.52
8883,87265.74
8928,87211.39
6101,87107.76
6588,87101.42
8707,87101.086
6688,87097.59
9792,87094.33
6689,87083.45
5688,87081.93
5314,87078.21
150,87077.57
1364,87066.93
5434,86997.93
6201,86994.52
2600,86989.87
9140,86835.26
9240,86811.586
963,86767.73
8531,86741.78
8906,86686.52
3069,86684.055
5520,86679.2
5528,86667.87
7150,86663.48
5592,86599.03
6897,86510.18
5696,86382.44
745,86356.09
5291,86351.29
7604,86342.086
8397,86321.21
9005,86297.93
6001,86265.19
8624,86259.27
649,86224.836
7718,86185.7
5940,86085.96
7036,86064.8
5492,86054.336
7312,86038.875
351,86037.5
9422,86007.99
6789,85990.94
2564,85972.31
744,85971.234
5691,85942.41
5390,85942.41
5391,85942.41
5490,85942.41
5491,85942.41
5392,85942.41
2494,85934.74
5517,85919.96
7603,85889.05
8682,85829.87
6238,85757.65
2136,85746.5
9628,85737.19
6644,85709.17
7948,85706.47
8710,85703.55
9993,85651.945
9819,85599.57
2082,85586.8
3597,85531.25
9528,85518.45
6940,85393.97
8118,85359.24
6937,85303.195
7351,85298.46
7298,85278.91
1567,85270.11
7609,85264.13
8808,85181.164
8809,85181.164
8909,85181.164
9008,85181.164
8709,85181.164
8708,85181.164
8807,85181.164
9108,85181.164
8908,85181.164
9007,85176.71
9047,85095.516
1751,85087.52
1540,85034.57
2781,84991.74
5642,84980.82
8234,84979.805
7726,84976.67
450,84972.87
2818,84878.06
9131,84875.58
6088,84875.13
5591,84841.734
5117,84823.4
3782,84815.3
7703,84798.54
6890,84702.42
6798,84667.45
6799,84667.45
6898,84667.45
6899,84667.45
6797,84667.45
8810,84577.44
2181,84540.21
9133,84534.06
9231,84534.06
9132,84534.06
9232,84534.06
746,84505.01
5726,84449.57
8806,84404.31
9207,84214.734
1557,84196.58
3684,84174.88
9344,84165.82
9009,84163.64
1399,84144.86
3417,84142.97
7502,84071.34
6925,84048.47
1658,84045.94
6581,84011.98
6102,83977.44
660,83951.586
4419,83903.945
6539,83892.07
7695,83889.11
3169,83851.35
8843,83840.84
9002,83829.52
1558,83795.09
8880,83748.73
7107,83692.98
2696,83675.914
7035,83644.31
8203,83613.48
659,83596.36
9206,83587.76
9233,83585.78
2593,83572.46
6737,83571.4
757,83549.36
4384,83518.37
9723,83494.9
1541,83485.14
8597,83450.266
8497,83450.266
8398,83450.266
8598,83450.266
8698,83450.266
8697,83450.266
8498,83450.266
4985,83311.28
9719,83295.05
4422,83291.305
8047,83255.41
8335,83232.31
6690,83213.15
9242,83160.54
6002,83118.2
9241,83110.45
5901,83066.35
5942,83029.49
1600,82991.516
4433,82987.2
7929,82976.055
4224,82947.25
8947,82940.055
9443,82933.6
8943,82919.02
5835,82892.6
2966,82879.35
5624,82737.055
8584,82666.24
7422,82643.805
1494,82629.06
1441,82535.38
7415,82512.06
9540,82494.32
2283,82488.78
9208,82479.445
9104,82474.73
4583,82388.04
2294,82351.71
1457,82314.56
7802,82287.836
8325,82273.07
6399,82215.7
8814,82152.195
6726,82097.195
9105,82064.65
6037,81921.37
9064,81906.4
3498,81886.12
2532,81864.54
9102,81831.82
7322,81785.04
7321,81785.04
9146,81759.1
2393,81757.766
1339,81675.4
1396,81669.44
7510,81668.16
6137,81571.65
6316,81546.52
6936,81533.18
9043,81531.164
3683,81511.54
9899,81475.07
9205,81443.66
2694,81344.414
1443,81319.77
2547,81252.914
7316,81233.16
2137,81076.984
6740,81065.1
6836,81064.78
8729,81034.81
5191,80964.49
2036,80962.91
8845,80951.41
8844,80951.41
9046,80951.41
9045,80951.41
8946,80951.41
9044,80951.41
8945,80951.41
8944,80951.41
5735,80942.75
4321,80942.086
248,80936.75
8745,80927.29
2037,80848.66
2497,80819.94
3059,80785.38
2759,80759.99
2039,80743.266
1939,80743.266
1839,80743.266
1738,80743.266
1737,80743.266
1739,80743.266
1837,80743.266
1838,80743.266
1638,80743.266
1937,80743.266
2138,80743.266
2139,80743.266
1938,80743.266
2038,80743.266
7313,80699.84
1045,80685.08
7396,80677.414
3027,80656.69
2968,80572.56
9107,80549.75
3698,80487.68
3598,80487.68
1940,80487.34
1458,80382.09
7033,80371.44
8910,80362.66
8846,80332.09
1981,80300.87
2094,80272.65
6038,80264.26
9522,80253.73
5534,80209.35
5634,80209.35
5535,80208.79
5635,80208.54
9439,80200.04
7395,80194.68
2859,80141.625
5536,80141.01
9304,80075.78
9115,80065.375
6537,80058.96
769,80058.266
8434,79992.41
1840,79980.945
1994,79925.37
760,79854.375
7297,79850.7
8964,79781.195
6103,79757.48
3269,79744.875
6498,79690.445
1488,79668.5
3373,79663.99
5801,79649.445
2194,79582.73
1387,79540.984
3577,79533.29
7136,79529.55
7132,79466.95
1487,79458.57
6515,79417.47
1386,79411.24
7495,79385.91
1936,79320.54
8847,79317.37
1357,79296.43
6938,79270.89
7034,79265.93
2495,79256.71
2927,79254.71
7798,79228.57
9780,79201.4
1489,79121.35
9103,79063.85
8254,78987.39
6416,78954.14
1398,78877.32
2863,78857.86
6589,78804.65
7717,78804.2
2352,78782.79
2252,78753.43
3987,78684.05
8399,78663.44
1941,78659.016
6041,78624.34
9014,78606.78
9923,78604.35
559,78600.234
9841,78459.02
9109,78442.82
1882,78303.01
1486,78266.51
1637,78255.12
3068,78243.195
6942,78153.84
9994,78136.766
5734,78112.75
9145,78108.45
8907,78097.56
1798,78053.12
7408,78042.18
2978,78039.984
1300,78037.164
8235,77884.875
9215,77868.58
6728,77805.96
8599,77783.13
7410,77780.11
1559,77779.836
7222,77761.4
3223,77734.625
7803,77720.93
8811,77715.16
4218,77690.01
6838,77669.81
6541,77655.27
7299,77594.734
6542,77575.97
6641,77575.0
6642,77568.5
4185,77553.445
1996,77513.96
3179,77412.12
2596,77406.09
5493,77373.945
9926,77314.52
6742,77312.33
7451,77286.47
8767,77281.93
7409,77232.945
7509,77232.945
7508,77232.945
2394,77227.0
5593,77195.01
9234,77183.195
8334,77142.06
9316,77126.445
7320,77113.91
2658,77109.9
2533,77074.484
6633,77044.37
3115,77017.93
7003,77002.8
546,76941.98
6342,76929.46
9823,76844.84
5789,76801.586
7496,76756.54
2647,76748.87
9418,76737.31
8002,76724.83
4373,76722.23
2186,76675.49
9827,76627.06
6119,76626.74
4683,76546.2
2921,76428.98
2922,76352.53
7420,76331.98
6736,76331.445
3328,76314.35
1163,76310.1
3228,76303.37
8430,76284.38
6835,76279.56
1858,76272.28
3123,76241.29
3128,76240.3
9341,76207.19
2074,76199.08
9999,76181.02
2594,76130.65
9315,76129.37
6735,76074.57
4086,76053.99
3180,76044.17
8354,76033.25
8329,76027.83
945,76001.34
3460,75999.13
6442,75992.445
8566,75992.14
6999,75961.586
9144,75943.06
2365,75937.9
9142,75911.766
8630,75902.87
2695,75901.74
3493,75863.82
6516,75862.555
6743,75841.66
7133,75823.836
3890,75821.17
1388,75817.09
3227,75786.875
5802,75763.12
9918,75742.02
6142,75714.49
7619,75708.09
2297,75692.08
2396,75692.08
2395,75692.08
2397,75692.08
2096,75692.08
2496,75692.08
2595,75692.08
2095,75692.08
2295,75692.08
2296,75670.24
1995,75647.69
2452,75616.38
6003,75608.48
6628,75592.086
1285,75583.5
3617,75573.64
2196,75562.87
9214,75523.625
8129,75518.24
446,75514.65
1568,75478.99
2195,75473.914
5983,75458.83
3127,75442.1
2174,75409.66
6643,75378.61
6782,75318.77
3593,75303.83
3790,75303.83
3791,75303.83
3491,75303.83
3492,75303.83
3691,75303.83
3590,75303.83
3690,75303.83
3591,75293.79
3592,75243.7
2923,75226.54
3692,75173.086
6543,75156.18
6734,75141.51
3129,75136.48
7702,75126.38
1385,75116.88
1569,75086.71
4274,75078.53
9622,75060.58
3693,75053.82
44,75035.266
46,75035.266
45,75035.266
2762,75010.25
5836,74973.2
6443,74932.22
2172,74900.21
2272,74900.21
2373,74900.21
2173,74900.21
2274,74900.21
2273,74900.21
9216,74840.75
9113,74838.73
9114,74838.19
7519,74815.32
1200,74798.23
7797,74786.35
8780,74782.055
6837,74745.32
3178,74718.72
998,74680.71
1297,74680.71
1100,74680.71
1298,74680.71
1198,74680.71
1098,74678.21
1299,74676.336
2964,74675.08
3067,74675.08
3066,74675.08
2965,74675.08
3063,74675.08
2963,74675.08
3065,74675.08
3064,74675.08
1199,74673.21
1459,74625.24
3399,74612.65
999,74601.26
3270,74527.37
1197,74525.086
2552,74494.375
7599,74451.41
4784,74431.17
7498,74420.766
3990,74400.45
9213,74382.62
6681,74329.26
6741,74237.484
7315,74215.16
7215,74215.16
9143,74189.71
8748,74187.28
1492,74160.39
2197,74152.336
2862,74148.49
2449,74126.72
2880,74073.164
2879,74066.6
3249,74055.95
7697,74018.125
6935,74015.93
3575,74013.98
1642,74011.85
9314,73949.51
7598,73910.086
7595,73896.445
8256,73859.28
549,73799.85
2680,73789.44
3797,73721.26
6682,73712.71
9541,73698.58
9243,73663.625
6636,73654.49
452,73640.2
3170,73590.04
7632,73589.9
7032,73563.34
8812,73507.766
4790,73457.516
1945,73455.664
551,73446.43
9415,73424.555
6941,73326.17
8582,73319.35
7499,73291.195
3699,73277.984
253,73232.51
7497,73152.88
9003,73151.37
6538,73138.46
3024,73135.766
2679,73131.414
2969,73081.67
3225,73011.766
4789,73006.85
3891,72994.414
7596,72989.586
1997,72977.82
7825,72934.69
7698,72895.77
3040,72895.67
7696,72893.44
2250,72862.73
5085,72855.05
6093,72827.695
8499,72773.24
7115,72769.91
8402,72672.07
8746,72622.23
3141,72586.625
1286,72554.266
6341,72518.77
9728,72473.43
4123,72448.95
2097,72441.44
2780,72439.086
2073,72224.86
2563,72209.18
1358,72165.64
9244,72148.1
6699,72085.734
9515,72079.93
7597,72050.85
5084,72045.76
353,72031.234
9416,72011.59
7216,71970.83
9417,71956.71
9414,71951.016
5215,71923.54
844,71914.02
2580,71892.586
7801,71804.13
1836,71792.63
5289,71787.67
550,71781.414
997,71754.94
1097,71754.94
5182,71681.95
3784,71641.055
6518,71615.45
9922,71612.23
254,71607.96
3371,71598.8
6839,71595.85
1000,71580.125
6842,71522.875
8728,71514.125
4976,71508.86
743,71460.01
666,71454.8
5623,71445.29
1659,71443.195
3070,71440.34
9620,71424.945
6841,71418.34
6840,71416.71
9619,71412.734
9618,71412.734
9621,71408.836
3372,71407.32
9721,71397.29
9821,71367.61
9335,71366.89
9822,71362.51
1887,71359.82
9722,71339.75
6619,71258.266
6520,71258.266
6519,71258.266
6620,71258.266
6618,71258.266
3922,71214.45
1615,71209.23
5389,71173.25
3473,71170.95
7314,71075.77
9010,71020.66
2567,70832.72
4690,70828.66
3499,70819.15
645,70767.33
4791,70760.65
2372,70708.39
2183,70662.875
3792,70610.38
4375,70596.65
1345,70542.42
6535,70467.37
7301,70461.63
9518,70447.93
1570,70442.27
8627,70428.96
7335,70411.914
2779,70372.57
7398,70371.79
7400,70313.516
4322,70272.87
9718,70228.76
2140,70219.766
6242,70198.4
4323,70188.96
9413,70180.94
5083,70095.02
2498,70080.75
1099,69972.914
3461,69964.7
7149,69953.24
3561,69940.03
352,69877.93
6825,69871.57
944,69866.234
6340,69836.64
1042,69786.24
1041,69786.24
1141,69786.24
942,69786.24
9840,69747.97
7401,69706.8
1140,69620.28
5638,69619.945
2351,69611.79
644,69508.05
453,69477.875
8428,69452.234
941,69395.54
8905,69393.625
4892,69391.89
1485,69333.945
943,69328.73
5489,69296.836
3271,69259.49
759,69259.05
7330,69243.125
6733,69176.164
8530,69155.93
3793,69152.7
9013,69133.195
3989,69124.836
6202,69119.484
552,69108.445
1974,69090.49
7134,69068.984
7212,69051.09
451,69039.48
655,69010.445
8429,68997.5
6719,68935.46
4620,68919.69
2750,68878.83
4190,68875.6
8681,68835.84
6441,68791.28
8528,68787.555
151,68743.375
1043,68730.5
1059,68716.4
6720,68673.59
7615,68665.58
7515,68665.58
7616,68665.58
9639,68658.34
8628,68657.91
7716,68642.125
5984,68636.266
8529,68608.06
580,68581.62
1493,68561.72
842,68558.586
8527,68554.46
1131,68538.8
1639,68536.664
6339,68534.86
3798,68524.83
2080,68517.44
6843,68490.78
9501,68364.35
8629,68334.91
9521,68332.445
9313,68304.07
9516,68292.98
1024,68280.66
3599,68280.08
9112,68275.76
5641,68271.805
8763,68267.84
8646,68173.75
354,68161.1
3077,68130.375
742,68123.44
1142,68111.09
7309,68051.64
9342,68012.03
9312,68002.38
1240,67959.14
4119,67901.72
1982,67874.21
7500,67845.8
154,67793.92
4092,67753.25
9004,67727.3
2747,67727.125
652,67725.195
3049,67717.04
7214,67706.336
653,67688.56
654,67667.58
2718,67662.96
8103,67661.99
4792,67647.68
455,67605.41
554,67605.41
454,67605.41
255,67605.41
553,67605.41
355,67605.41
5589,67545.75
5538,67491.68
7114,67466.13
2040,67430.8
1040,67397.055
7399,67214.19
155,67154.65
9212,67143.4
764,67113.99
1881,67099.6
2265,67096.234
1359,67048.38
370,67033.8
369,67033.8
9615,66992.21
8425,66964.88
2085,66941.06
6924,66922.72
8525,66872.9
8328,66849.67
7528,66722.44
7527,66722.28
8747,66676.88
2845,66644.96
3149,66587.49
5393,66583.234
876,66573.414
843,66506.19
2971,66411.45
3071,66411.45
2970,66403.26
9209,66365.414
9617,66310.484
4090,66274.07
2796,66246.99
2251,66225.27
661,66216.516
2972,66135.836
3072,66135.836
3074,66135.836
2973,66135.836
3073,66135.836
3171,66128.02
7963,66126.695
7631,66121.664
7014,66078.08
3272,66046.13
7630,66000.305
9616,65964.85
4091,65851.49
9800,65843.88
2915,65821.75
2814,65773.16
2813,65764.195
6908,65722.555
3172,65721.14
7628,65720.586
2914,65693.3
3273,65682.77
8702,65648.82
2872,65646.07
3075,65605.12
5917,65601.45
555,65546.38
3173,65531.242
4220,65493.312
3278,65474.996
5176,65457.42
665,65432.52
368,65410.793
3177,65367.188
3174,65365.87
8865,65349.91
3175,65333.176
6627,65330.805
3474,65312.07
3576,65311.086
3276,65311.086
3275,65311.086
3475,65311.086
3477,65311.086
3476,65311.086
3375,65311.086
3377,65311.086
3478,65311.086
3378,65311.086
3376,65311.086
3176,65311.086
3277,65311.086
2072,65306.996
3374,65299.97
3274,65296.1
2451,65257.688
2374,65186.08
7633,65167.35
6528,65093.48
2381,65090.92
8225,65087.57
3892,65076.816
9519,65059.49
1471,65020.484
2182,64987.043
2434,64964.246
5916,64945.49
3900,64905.152
2815,64889.605
5075,64862.14
5188,64841.062
9311,64840.293
270,64836.97
9110,64827.793
2350,64823.8
9210,64820.19
9111,64819.46
1044,64785.473
2651,64770.184
2551,64770.184
658,64750.004
8648,64555.75
8547,64555.75
8548,64555.75
4793,64555.527
8647,64543.09
6943,64533.04
8813,64498.332
4692,64485.15
9818,64484.902
6934,64436.4
2962,64419.473
7135,64418.977
7300,64352.36
9680,64333.195
9580,64333.195
9579,64333.195
6834,64332.266
152,64332.258
1338,64323.934
1958,64312.74
5594,64310.836
4285,64252.543
2450,64241.18
6499,64132.84
1571,64132.668
6824,64125.56
558,64101.97
6833,64086.246
252,64081.098
8565,64047.383
2435,64004.36
4022,63953.36
6990,63926.816
2827,63837.195
8101,63777.465
3400,63744.41
5936,63734.547
841,63697.023
5633,63672.215
5533,63668.53
9331,63617.176
4374,63604.742
6933,63597.863
1698,63572.895
6823,63526.65
153,63524.496
9211,63519.18
6599,63508.6
9011,63499.49
5397,63442.7
1700,63417.703
2282,63376.773
898,63328.85
3783,63296.633
3799,63279.586
9012,63256.79
5433,63224.96
4292,63057.652
7428,63000.25
442,62999.54
269,62993.73
4089,62991.25
8029,62964.8
6708,62917.59
8912,62910.805
4693,62868.914
4495,62817.11
8913,62691.195
544,62689.684
1239,62636.062
1139,62613.316
2740,62612.49
4100,62608.996
9310,62597.684
8356,62584.32
9436,62535.605
7627,62527.168
641,62524.523
1341,62480.25
6932,62387.37
3998,62375.715
3988,62338.305
4098,62276.004
3997,62276.004
4097,62276.004
8911,62250.43
3996,62215.547
4198,62208.55
4199,62199.695
4096,62149.17
7232,62122.137
4691,62115.58
6832,62096.43
5494,62091.676
7233,62088.027
6118,62079.344
2839,62072.08
4099,62055.074
6415,62029.598
8427,62023.05
9343,62010.348
9900,62010.203
2939,61989.816
441,61969.984
2840,61941.465
2841,61941.465
2941,61941.465
2940,61941.465
7111,61929.23
3041,61910.035
341,61907.97
2942,61905.594
2741,61905.53
541,61893.496
741,61887.785
638,61855.516
339,61834.28
6536,61832.477
439,61831.363
438,61830.992
440,61830.844
2974,61829.21
538,61829.0
540,61828.863
1237,61828.54
1037,61828.54
1039,61828.54
1236,61828.54
639,61828.54
1137,61828.54
1035,61828.54
1138,61828.54
1136,61828.54
640,61828.54
539,61828.54
1238,61828.54
936,61828.54
937,61828.54
1038,61828.54
840,61828.54
1337,61828.54
939,61828.54
938,61828.54
740,61828.54
1036,61828.54
837,61828.54
839,61828.54
838,61828.54
738,61828.54
739,61828.54
737,61828.54
9479,61827.035
2842,61824.562
3992,61812.81
3076,61790.65
4000,61732.938
3899,61732.938
836,61713.11
3897,61710.062
1886,61687.402
542,61667.887
6389,61646.367
736,61614.168
1645,61597.445
8704,61584.426
7234,61570.76
1235,61551.473
1336,61548.207
8001,61513.11
6615,61463.113
935,61431.668
7352,61427.84
3514,61389.297
3896,61353.637
3999,61352.004
4496,61321.445
3517,61286.9
7235,61285.65
566,61270.594
6808,61252.004
3362,61240.598
6500,61239.168
356,61209.664
5076,61181.02
2742,61136.285
537,61110.188
5628,61107.125
664,61046.758
3600,61028.418
4197,61026.188
1736,61020.41
5537,61004.555
4189,61002.46
7501,60992.383
5183,60965.82
1143,60954.402
6489,60913.684
4200,60893.652
7828,60873.027
1134,60823.77
10000,60807.098
2579,60804.047
1442,60788.67
8902,60768.23
3414,60681.117
3898,60665.516
5497,60655.066
5992,60594.31
656,60563.24
4191,60534.832
7221,60530.168
657,60517.836
771,60469.848
3259,60442.527
3817,60437.523
2873,60429.04
5429,60323.86
4986,60249.89
7308,60238.516
5723,60211.02
5597,60196.027
3515,60144.73
7397,60043.098
5595,59957.934
268,59939.266
2870,59930.57
5496,59913.582
5495,59913.582
5596,59913.582
5395,59913.582
5296,59905.805
3894,59896.844
3717,59873.996
5396,59781.92
3543,59750.918
1135,59732.316
4193,59716.906
897,59620.85
2812,59620.24
338,59607.62
168,59605.184
169,59592.51
9517,59568.094
4987,59503.0
2871,59444.586
2774,59430.992
6732,59363.484
1034,59323.13
3241,59270.2
2466,59256.97
4975,59245.996
4592,59175.88
9739,59173.945
5214,59098.27
4394,59049.816
5941,59003.047
456,58989.594
7728,58973.305
3616,58969.336
3516,58949.08
7334,58944.914
7601,58914.457
642,58897.14
2943,58795.72
5816,58787.348
4591,58735.027
6591,58715.926
3615,58683.086
6420,58655.94
3416,58643.96
3415,58637.58
1980,58589.3
6527,58547.004
4021,58524.69
6216,58498.773
8326,58477.605
3316,58438.19
8805,58436.43
3716,58433.27
1491,58425.8
8802,58318.562
940,58279.473
2959,58231.46
1699,58231.24
6521,58214.977
5394,58199.6
556,58189.85
4519,58146.215
4196,58123.055
2463,58114.484
3500,58113.574
68,58064.77
2913,58050.87
557,58010.676
4020,57971.17
4120,57928.504
340,57919.71
467,57901.76
9502,57852.117
1743,57849.77
3895,57849.47
1241,57838.223
2464,57795.676
2550,57789.77
7220,57752.94
637,57716.863
7207,57710.24
7821,57660.426
1973,57622.773
560,57615.164
2465,57573.047
2363,57573.047
2364,57573.047
4293,57566.734
1438,57558.31
466,57528.668
4095,57526.746
457,57494.953
1914,57481.09
2263,57456.242
9412,57434.637
2262,57405.414
4598,57347.33
3994,57333.543
5184,57313.51
5197,57305.727
7013,57249.84
3800,57224.895
8355,57221.082
8255,57221.082
4192,57217.58
8202,57205.99
7213,57195.8
6440,57184.363
4094,57164.37
6439,57162.324
7113,57158.188
4221,57139.92
2843,57124.848
2714,57117.9
6532,57041.9
4194,57041.21
8766,57017.566
7210,57001.418
4195,56985.957
342,56953.84
6600,56941.777
7116,56872.86
5295,56822.586
5937,56808.113
2016,56805.45
4298,56758.863
2715,56752.656
4299,56743.336
835,56599.105
4392,56595.195
3341,56559.773
4222,56521.234
7333,56502.85
8803,56475.348
4491,56451.457
4296,56426.406
3995,56412.13
7031,56398.93
4818,56395.473
7088,56393.168
3700,56384.3
543,56321.383
4291,56231.3
7200,56216.668
2335,56190.105
4498,56183.742
6438,56179.918
2662,56179.316
4391,56113.29
4999,56092.266
2819,56091.957
4497,56031.016
4397,56031.016
4297,56031.016
4398,56031.016
4396,56030.77
4399,56016.066
1437,55992.523
6621,55974.684
1538,55912.117
371,55909.74
437,55869.055
4590,55823.836
7015,55817.11
4295,55788.1
5893,55715.03
1715,55662.418
4121,55653.98
4290,55597.477
2678,55587.098
8703,55559.09
4395,55551.105
4223,55510.31
4122,55441.145
4393,55437.836
2849,55414.223
470,55404.87
5087,55400.266
4318,55384.785
6017,55380.555
4093,55355.152
8765,55337.426
6434,55334.902
2844,55315.914
565,55246.164
2264,55239.168
6729,55149.895
6718,55134.754
5283,55134.152
5086,55110.035
6117,55054.85
2743,55018.695
2713,54967.68
170,54880.34
1160,54873.48
256,54699.793
4385,54663.344
1916,54660.336
6929,54652.465
5742,54627.973
8102,54576.984
2975,54526.703
2778,54515.64
2924,54428.2
2878,54402.676
7434,54398.832
7827,54393.188
4300,54388.816
7727,54372.37
367,54371.49
7112,54347.414
2650,54346.02
1271,54322.44
1975,54318.992
7629,54221.09
2822,54189.83
9912,54172.227
1782,54149.113
1740,54131.375
6338,54111.402
1145,54007.695
4887,53998.137
2874,53979.266
545,53968.973
7008,53918.902
3062,53913.863
2519,53904.35
5840,53903.336
7108,53809.27
2805,53754.65
6212,53682.164
2977,53669.473
9332,53634.367
2135,53564.87
2976,53525.395
3918,53508.9
8903,53478.176
3991,53477.062
2235,53407.63
271,53406.086
2356,53393.72
7219,53382.477
2777,53331.484
6112,53317.04
5483,53298.176
241,53260.734
1242,53258.21
6904,53222.535
4088,53199.47
2619,53169.49
7217,53160.97
8581,53102.5
1384,53057.434
6092,53056.246
6632,53039.89
3618,53019.535
6018,52950.28
2719,52927.86
2776,52913.87
1144,52905.406
6800,52894.34
2727,52887.53
2521,52871.633
2420,52871.633
2620,52871.633
2622,52871.633
2621,52871.633
2720,52871.633
2821,52871.633
2820,52871.633
2721,52871.633
2520,52871.633
2722,52871.633
2157,52817.758
2421,52807.55
2626,52794.035
3159,52707.83
4773,52703.188
2522,52692.195
2677,52687.555
5902,52686.87
4788,52669.54
3014,52653.984
2726,52616.863
445,52588.72
2875,52578.74
5724,52575.582
9442,52561.99
469,52556.934
6913,52468.707
6220,52444.332
2876,52418.36
2424,52403.52
8302,52377.062
458,52367.977
6016,52357.8
4294,52341.184
8904,52326.81
2165,52219.12
2166,52218.688
1978,52187.92
1880,52052.062
1979,52027.3
2949,52004.41
9429,51996.582
3893,51988.41
4492,51975.645
2525,51964.438
2480,51945.273
2618,51925.176
1537,51878.934
9306,51862.062
2206,51849.22
7433,51831.297
7218,51826.535
1640,51781.19
1565,51765.082
4087,51748.367
1344,51737.08
2362,51713.14
2334,51710.402
2775,51630.164
4473,51604.332
4694,51591.81
9514,51589.688
8804,51577.85
6421,51574.65
156,51565.355
2604,51537.83
2605,51514.047
2877,51508.29
2134,51464.855
2704,51462.066
2035,51401.31
1245,51369.402
1243,51368.812
1343,51368.812
1342,51368.812
1244,51357.984
2306,51346.63
7208,51315.395
4576,51279.8
2305,51267.81
2405,51263.14
2606,51263.14
2607,51263.14
2706,51263.14
2506,51263.14
2505,51255.41
8526,51245.527
4484,51232.59
636,51227.46
2406,51222.504
2167,51134.312
871,51130.574
6320,51105.453
6322,51105.453
6321,51105.453
6221,51105.453
8501,51103.87
43,51103.617
7117,51100.113
6900,51087.492
5825,50996.496
4597,50989.918
2205,50978.01
6988,50954.81
7009,50908.793
167,50824.695
2234,50819.355
6036,50756.707
345,50751.21
2207,50677.34
2307,50667.72
7928,50661.74
267,50661.68
2507,50627.547
145,50610.28
1977,50610.094
9307,50530.742
2504,50503.83
7209,50495.652
7332,50494.566
2707,50492.504
7109,50420.516
7110,50420.516
934,50404.617
2826,50381.82
7534,50352.305
6923,50308.69
8228,50227.277
1844,50214.62
4689,50167.418
357,50151.688
7452,50140.324
2423,50135.203
7533,50104.895
976,50104.848
1879,50046.434
4418,50045.508
2419,50044.36
4594,49974.66
9813,49957.094
2749,49922.586
240,49799.36
3519,49764.992
8666,49740.33
5918,49730.926
1759,49693.676
9513,49692.88
443,49675.688
8127,49634.17
8126,49616.195
8128,49610.28
8028,49599.11
8027,49579.82
4390,49554.844
8665,49553.37
6312,49528.887
7011,49505.84
2804,49491.86
1543,49456.11
5516,49358.97
971,49313.47
1875,49307.79
2079,49301.58
2548,49245.215
2549,49245.215
2649,49245.215
2648,49245.215
2107,49233.902
7927,49220.848
3445,49200.66
8664,49189.742
1878,49141.668
5584,49087.89
2078,49080.58
1542,49076.59
2806,49013.47
8680,48991.953
9309,48986.004
2281,48978.438
8201,48971.254
8226,48943.348
8227,48911.4
1643,48906.43
643,48885.72
6116,48884.645
6422,48884.22
1644,48882.156
1745,48879.684
1744,48871.87
1845,48871.87
2748,48862.79
1371,48785.887
861,48784.688
1986,48668.63
2086,48668.63
1987,48668.63
2087,48668.63
2846,48605.66
1877,48596.652
3641,48566.656
1573,48561.625
5000,48518.88
3413,48517.93
1474,48501.49
6012,48474.367
5790,48436.293
7010,48317.445
2508,48302.094
2905,48274.68
2823,48252.13
1772,48203.625
2320,48201.73
4493,48187.684
1876,48154.26
6136,48137.094
4593,48134.54
1669,48122.785
2075,48074.668
9927,48041.656
1484,47991.59
4019,47961.984
1775,47953.31
1675,47953.31
3248,47929.914
3247,47929.914
3042,47922.113
1674,47911.383
567,47902.01
5904,47894.223
8778,47891.066
6514,47854.04
6301,47850.31
4499,47844.543
2608,47788.324
8579,47726.7
7012,47703.56
6311,47700.617
1872,47690.418
1871,47636.93
6410,47621.734
8301,47555.03
6289,47527.984
4596,47506.848
564,47435.902
9830,47399.36
6590,47385.98
1477,47375.953
1676,47375.953
1678,47375.953
1677,47375.953
1776,47375.953
1576,47375.953
1577,47375.953
1578,47375.953
1777,47363.25
3822,47360.637
1574,47360.08
3360,47355.348
1572,47347.13
6805,47342.05
5098,47341.414
2462,47331.76
2407,47322.168
4494,47300.125
9932,47273.85
9933,47264.465
1779,47262.24
9717,47258.633
962,47237.406
1162,47237.406
1161,47237.406
1778,47233.824
1780,47223.03
7925,47211.703
3162,47150.58
4886,47146.246
3921,47137.58
69,47130.74
3718,47093.074
6517,47068.016
9629,47048.523
1673,47028.035
1062,46997.785
2066,46973.355
3513,46968.484
4490,46964.4
8327,46913.84
1672,46909.324
2705,46903.45
4475,46899.184
6409,46839.332
1971,46829.117
5733,46796.547
1679,46763.594
4595,46760.04
6723,46727.895
1771,46685.363
8026,46679.19
6411,46677.555
1476,46674.598
3715,46668.38
1773,46612.4
9941,46607.25
6724,46532.164
465,46522.492
3441,46504.133
366,46469.125
8580,46421.574
2807,46421.508
5817,46369.62
5792,46353.47
9931,46350.008
7100,46309.496
2708,46292.715
9831,46291.508
9934,46226.65
6509,46205.6
6203,46205.168
1061,46201.723
7826,46162.69
1287,46128.223
1774,46070.113
1670,46044.516
4808,46028.836
3722,46013.656
3315,45979.496
6310,45935.062
5791,45934.65
4187,45933.516
1575,45895.57
3816,45894.55
2848,45850.035
2473,45828.984
6113,45827.098
6721,45826.89
1473,45825.527
3818,45824.207
3146,45808.402
3147,45808.332
3148,45808.332
3047,45808.332
3046,45808.332
2948,45808.332
2947,45808.332
3048,45808.332
2946,45808.332
2945,45808.332
2847,45801.68
3614,45785.637
2175,45780.5
5912,45763.477
1976,45742.293
2808,45720.527
1579,45704.688
9930,45689.277
9929,45670.906
9928,45670.906
6614,45566.688
6490,45527.02
2408,45525.508
2275,45519.45
9911,45507.4
2709,45501.35
6910,45460.434
3993,45455.066
1372,45437.64
6491,45436.53
6391,45435.6
468,45386.27
1472,45367.11
7118,45338.383
2926,45319.31
1671,45305.332
6909,45298.926
2556,45275.26
166,45266.754
4188,45251.44
4312,45248.9
4513,45248.9
4612,45248.9
4511,45248.9
4313,45248.9
5903,45245.41
365,45243.492
266,45243.492
265,45243.492
862,45237.1
4411,45223.6
4512,45221.562
4311,45216.418
7926,45214.38
67,45212.04
8679,45205.254
4611,45188.258
4711,45184.68
4412,45166.89
4413,45166.89
9539,45146.15
2308,45142.785
4707,45112.496
4673,45106.05
471,45080.016
1373,45064.49
1970,45061.723
1870,45053.07
6390,45032.105
7532,45027.773
5915,45014.188
2509,45008.098
5292,44989.598
9430,44965.703
4710,44948.176
5187,44912.254
5702,44907.637
6309,44868.6
6135,44849.08
4410,44844.96
8864,44816.863
2609,44770.92
2907,44767.004
3361,44756.37
961,44745.848
6700,44725.81
7201,44710.03
1770,44704.266
899,44679.555
4186,44646.176
5196,44620.742
6911,44573.074
4510,44554.555
2067,44525.188
1272,44516.438
4809,44509.363
2773,44500.098
6608,44458.293
2171,44412.098
464,44374.812
2068,44352.63
1869,44352.63
1968,44352.63
1868,44352.63
1969,44352.63
1967,44352.63
9729,44351.52
6412,44351.125
9333,44349.94
1767,44349.5
1867,44344.652
1769,44341.523
2625,44334.7
6004,44321.094
1667,44320.574
8025,44301.707
7016,44287.99
1768,44282.582
2058,44263.82
2069,44214.35
2208,44199.42
1815,44150.617
1915,44150.617
8700,44124.023
2164,44044.56
9829,43939.12
9529,43928.473
9636,43912.332
1478,43912.004
4708,43904.82
2070,43898.688
667,43882.617
1781,43878.97
3262,43873.027
5841,43870.367
9730,43861.46
372,43761.098
1383,43743.574
2034,43734.03
7432,43645.24
1483,43643.68
9736,43633.113
5621,43598.684
4118,43520.58
6213,43502.56
1972,43475.508
2523,43475.062
863,43382.91
165,43346.01
6237,43343.805
1374,43329.074
1060,43318.516
3124,43293.336
6236,43208.797
9832,43208.266
6015,43139.465
8779,43111.727
2472,43073.785
2071,43060.62
5842,43031.176
2906,43008.938
5383,42984.28
50,42962.82
6437,42943.49
1668,42928.715
735,42925.758
2627,42922.105
4509,42898.277
9431,42870.41
1263,42859.855
6115,42817.97
4414,42805.156
6013,42689.605
2121,42658.883
9828,42646.855
2526,42642.246
1966,42640.414
1766,42640.414
1866,42640.414
6709,42596.062
6629,42573.69
1666,42569.934
668,42568.523
9435,42546.13
144,42536.05
4310,42488.12
9432,42451.28
9530,42444.05
9834,42444.05
9533,42444.05
9633,42444.05
9732,42444.05
9734,42444.05
9632,42444.05
9733,42444.05
9833,42444.05
9630,42444.05
9731,42444.05
9531,42443.555
9532,42443.42
9631,42442.684
9334,42442.684
9433,42438.465
1436,42438.312
6609,42437.34
9634,42437.273
9434,42437.02
9735,42431.51
9635,42430.156
9534,42426.1
2411,42418.78
5913,42389.0
6222,42365.66
2077,42359.656
3246,42348.246
1376,42324.688
2811,42322.332
570,42259.867
6192,42258.355
6235,42195.44
55,42179.75
2676,42163.797
3821,42138.81
6889,42136.176
4485,42128.09
7000,42118.043
2511,42109.37
568,42098.188
6302,42079.363
4314,42057.355
2912,42053.797
3045,42052.676
4288,42030.188
5116,42002.094
300,41990.883
98,41976.086
6208,41962.445
299,41961.062
200,41958.53
97,41958.24
95,41958.24
94,41958.24
197,41958.24
96,41958.24
298,41958.24
199,41958.24
198,41958.24
196,41958.24
296,41958.24
297,41958.24
99,41958.24
195,41958.24
100,41956.516
4489,41956.508
3920,41945.086
4289,41827.66
2712,41816.77
1475,41768.02
5585,41767.113
4787,41743.188
9503,41738.113
4389,41696.46
2267,41645.953
569,41618.004
996,41596.45
2014,41576.707
4488,41548.406
2772,41541.688
6014,41522.71
2524,41510.42
4409,41502.973
3125,41495.445
6408,41460.453
4589,41410.45
3126,41389.504
5588,41354.1
2108,41347.547
4386,41341.547
6211,41338.91
397,41335.223
9535,41319.703
396,41289.676
66,41279.633
4810,41278.3
6510,41265.79
6207,41257.004
6308,41257.004
6508,41257.004
6206,41257.004
6307,41257.004
5823,41244.676
1234,41229.41
6306,41228.996
2510,41220.05
4388,41216.465
9614,41204.51
1680,41174.043
6215,41145.957
4487,41119.242
5813,41013.15
171,41010.453
4387,41004.406
1874,40968.86
712,40915.03
6407,40913.133
6114,40854.984
2710,40791.04
4514,40784.1
6809,40730.03
2180,40726.055
2404,40722.57
65,40693.594
8125,40685.785
5484,40669.805
272,40657.457
174,40640.457
7529,40623.918
444,40609.977
2809,40587.25
1873,40558.547
6710,40456.91
6111,40402.027
4287,40394.18
4286,40394.18
5430,40371.242
5213,40355.12
6725,40335.164
6989,40331.555
4610,40308.992
9938,40307.145
79,40291.27
78,40291.27
178,40291.27
177,40291.27
179,40291.27
175,40291.27
375,40291.27
378,40291.27
374,40291.27
176,40291.27
276,40291.27
278,40291.27
275,40291.27
274,40291.27
279,40291.27
75,40291.27
77,40291.27
76,40291.27
273,40291.254
376,40289.64
373,40287.734
74,40279.09
173,40274.664
172,40263.652
7122,40190.44
398,40154.51
9915,40132.223
6209,40129.953
379,40120.133
73,40099.613
2518,40093.168
7331,40084.152
4613,40067.14
3712,40043.934
4486,40013.133
3557,39973.96
4807,39937.637
2944,39915.695
4774,39832.207
6214,39823.992
3224,39814.164
6435,39798.656
277,39796.863
1464,39770.05
1814,39735.516
6912,39722.48
2703,39567.61
4712,39518.582
2015,39509.54
6507,39504.605
4909,39447.71
5587,39424.28
5485,39365.996
561,39334.945
5812,39271.355
180,39261.176
6210,39234.168
2133,39202.965
6313,39180.074
3721,39135.773
960,39116.758
6829,39111.37
2422,39087.71
2110,39064.566
2010,39064.566
2012,39064.566
2212,39064.566
1912,39064.566
6425,39056.582
2013,39014.84
54,39012.38
2412,39007.73
6315,38983.895
781,38966.68
2771,38924.766
2112,38909.79
8879,38901.0
2111,38857.855
2398,38797.7
2211,38786.277
6622,38727.16
2629,38699.81
2163,38697.312
295,38695.11
2009,38659.92
1382,38642.285
4688,38606.75
2011,38592.51
4588,38589.453
6436,38587.387
6337,38585.375
6336,38585.375
343,38579.844
1395,38555.285
6334,38553.53
9536,38551.51
782,38538.223
1072,38505.9
2723,38500.844
6335,38486.38
4686,38413.555
4587,38413.555
4785,38413.555
4584,38413.555
4684,38413.555
4687,38413.555
4685,38413.555
4585,38413.555
4586,38413.555
4786,38413.555
9835,38404.62
474,38401.77
2109,38379.08
8400,38375.17
6512,38345.81
6522,38308.367
1273,38305.465
1375,38259.812
4211,38227.3
6011,38222.223
2312,38201.74
242,38162.938
6423,38118.688
2961,38109.395
2409,38025.61
2725,38020.95
364,38017.2
2610,38016.547
762,37994.746
475,37980.242
536,37976.656
9308,37866.242
3820,37850.24
3619,37826.0
1911,37814.12
6424,37797.746
2210,37796.67
1173,37792.215
5438,37778.43
5722,37719.426
4709,37701.07
860,37695.066
2162,37683.17
5017,37681.535
4515,37648.95
2861,37629.02
5914,37622.86
9538,37622.47
4616,37618.355
882,37616.785
5889,37616.07
4117,37614.67
4516,37608.016
4718,37607.863
4315,37607.863
4417,37607.863
4216,37607.863
4415,37607.863
4617,37607.863
4317,37607.863
4316,37607.863
4518,37607.863
4217,37607.863
4719,37607.863
4618,37607.863
4416,37607.863
4517,37607.863
4619,37607.863
6406,37606.18
1174,37553.9
6914,37528.445
2113,37495.605
4717,37493.156
6524,37492.36
2810,37476.582
2310,37475.3
5586,37445.66
6523,37377.61
2512,37348.16
2311,37342.258
1172,37323.355
2209,37315.79
1898,37309.633
2770,37296.812
2925,37292.227
6205,37286.863
56,37286.027
3114,37224.8
2309,37223.266
9812,37198.48
6525,37191.082
883,37187.547
1076,37177.496
2168,37161.61
5185,37158.605
2319,37096.92
6526,37054.23
6109,37035.15
6624,37012.79
6625,37012.79
6626,37012.79
6623,36993.055
5487,36988.992
4116,36978.766
5288,36970.645
6010,36932.586
2233,36930.195
5910,36926.715
5911,36926.715
5811,36890.152
5711,36884.438
2612,36868.926
2410,36836.395
6110,36832.16
6120,36825.188
80,36797.32
2479,36791.305
669,36773.1
2624,36733.4
3061,36711.207
479,36652.758
8426,36645.07
7429,36629.645
7119,36598.473
763,36558.996
52,36541.55
2611,36529.37
1859,36512.785
2711,36507.695
1377,36478.004
2623,36474.418
473,36473.242
476,36469.566
1261,36439.66
5488,36395.09
7531,36387.816
6511,36385.98
7530,36385.824
7430,36385.824
7431,36385.824
1275,36369.582
239,36367.574
2724,36338.766
2825,36323.547
1274,36297.88
1175,36291.54
4215,36286.73
5712,36249.617
859,36233.656
5824,36213.094
4400,36144.305
4305,36115.465
1335,36096.836
5890,36078.22
5891,36057.395
3008,36026.297
3521,35995.312
337,35985.566
9637,35960.684
6234,35954.46
2213,35917.49
1913,35910.688
2562,35909.953
3060,35906.72
3260,35904.6
3161,35904.6
3261,35904.6
3160,35904.6
4508,35898.344
5486,35819.562
3621,35803.06
2578,35790.617
3720,35786.438
3620,35779.35
3719,35779.35
3819,35779.35
3520,35779.35
5286,35770.266
5387,35770.266
4205,35737.38
5386,35711.29
571,35685.68
5385,35662.227
6722,35606.08
1490,35595.523
5186,35581.883
2418,35562.68
6915,35561.164
5993,35508.2
472,35493.95
1816,35469.863
1389,35469.227
6426,35451.566
6822,35370.055
6918,35356.42
6916,35356.42
6917,35356.42
6817,35356.42
51,35352.984
1482,35333.81
6818,35309.812
2909,35306.023
280,35298.7
53,35283.996
6513,35266.254
4706,35201.316
4105,35197.023
2824,35188.676
6819,35185.992
399,35166.59
5287,35165.887
9411,35161.64
6816,35083.492
4306,35070.324
959,35041.098
4474,35026.61
4206,34975.555
478,34971.164
5827,34969.055
4407,34957.254
5828,34956.715
4204,34955.703
344,34951.293
2321,34943.613
5384,34905.043
1539,34904.79
5989,34882.46
1262,34872.3
2425,34853.793
1580,34844.76
72,34836.03
7018,34823.39
4017,34799.574
5727,34742.66
1813,34729.79
1074,34725.88
4309,34719.8
4106,34707.805
6413,34682.54
670,34644.82
6919,34637.863
9305,34630.207
3708,34615.19
6019,34602.125
2271,34563.727
2313,34537.934
8500,34532.176
8600,34528.145
5928,34505.42
4005,34428.13
4210,34374.355
7017,34373.12
2960,34334.2
6810,34323.414
2617,34312.195
2529,34300.207
9935,34293.785
4104,34278.52
3808,34273.613
2414,34260.016
4404,34242.92
4504,34242.92
3806,34242.92
4405,34242.92
3807,34242.92
4505,34242.92
3707,34242.92
4304,34242.92
4107,34232.6
4605,34230.816
3906,34206.793
3908,34199.117
4109,34195.348
2615,34178.02
3905,34177.15
1284,34145.992
4108,34145.723
3907,34142.082
6812,34141.203
2513,34141.02
3919,34137.906
4209,34121.492
6106,34112.555
4408,34101.1
2215,34087.543
2317,34087.543
2214,34087.543
2416,34087.543
2315,34087.543
2116,34087.543
2115,34087.543
2216,34087.543
2017,34087.543
2314,34087.543
2318,34087.543
2316,34087.543
2218,34085.945
2516,34082.8
4008,34078.78
6414,34076.637
2417,34048.93
2517,34042.8
5741,34030.13
6612,34004.27
4007,33983.777
6811,33968.15
3909,33949.355
896,33946.582
477,33930.434
2217,33924.676
4203,33917.25
5814,33902.656
4606,33855.047
4208,33793.418
4308,33788.766
4006,33788.26
2616,33785.133
5738,33782.91
4307,33766.555
5195,33734.992
2119,33716.434
9537,33709.043
2375,33693.58
4212,33664.312
5701,33641.633
4110,33635.645
2515,33632.43
4406,33622.9
7002,33604.707
2904,33588.168
1073,33579.758
2613,33568.492
5892,33542.562
7120,33533.117
2415,33521.5
2106,33521.434
677,33513.746
1714,33511.26
2114,33447.95
4009,33440.867
578,33430.78
2018,33423.46
3025,33420.156
5388,33405.47
6009,33392.79
380,33316.51
245,33316.215
577,33304.46
4303,33304.203
5728,33253.46
4506,33243.363
2118,33224.332
576,33171.74
6712,33160.914
579,33098.21
2219,33015.85
4207,33012.523
6105,32995.535
3809,32969.816
5939,32944.72
3409,32876.39
2380,32831.168
2478,32830.12
459,32820.0
194,32809.77
2280,32795.49
2379,32795.49
2278,32790.477
3410,32760.455
2178,32750.072
2279,32747.982
6610,32747.63
3706,32727.32
4608,32716.291
2179,32710.432
264,32682.725
678,32669.154
6104,32656.104
5803,32622.293
2514,32602.896
6820,32561.25
4018,32559.309
3006,32559.16
6607,32543.445
461,32512.496
1812,32506.283
3608,32498.533
8401,32486.746
3805,32475.203
4604,32445.822
6613,32434.348
2008,32394.455
2413,32384.963
4812,32383.79
2378,32370.725
2614,32318.176
70,32313.838
460,32307.648
5529,32244.553
3007,32229.146
975,32227.129
1460,32225.016
143,32133.67
4004,32098.42
9404,32089.576
1581,32052.467
2277,32034.662
572,32020.871
8764,32011.496
671,31939.93
244,31923.162
142,31923.162
5432,31878.76
3145,31857.307
6711,31788.021
6108,31770.555
6107,31747.135
2177,31734.248
1681,31688.828
6815,31677.098
5829,31674.014
4599,31664.783
1479,31609.121
5927,31607.129
1360,31596.938
305,31594.389
9913,31587.736
983,31564.709
2910,31467.492
2908,31466.299
304,31428.186
5990,31407.168
306,31388.338
776,31344.057
6804,31303.752
6903,31303.752
6803,31303.752
2430,31302.34
6703,31295.773
7001,31294.293
6902,31291.904
6704,31271.033
5826,31270.713
1627,31245.473
307,31228.812
5101,31226.438
1276,31220.959
2571,31213.209
881,31209.377
1283,31178.986
308,31175.166
205,31167.855
203,31166.418
7,31166.15
8,31166.15
9,31166.15
103,31166.15
104,31166.15
106,31166.15
105,31166.15
108,31166.15
204,31166.15
3,31166.15
6,31166.15
208,31166.15
206,31166.15
207,31166.15
209,31166.15
309,31166.15
109,31166.15
107,31166.15
201,31080.85
141,31076.936
1910,31074.014
42,31064.473
2,31021.14
1582,31017.133
2433,31010.715
58,31007.656
7019,31000.791
57,30989.828
2176,30968.963
101,30963.682
6802,30963.504
5830,30961.043
6314,30948.51
4893,30930.277
5834,30927.848
3211,30886.62
1,30884.912
1682,30848.865
2117,30813.111
2261,30757.37
6091,30724.38
5211,30704.49
6035,30685.879
1391,30675.768
2304,30597.32
4615,30588.002
6305,30584.895
5730,30569.031
5729,30569.031
5731,30569.031
5531,30569.031
5629,30569.031
5631,30569.031
5532,30569.031
5630,30569.031
5530,30569.031
5632,30569.031
2161,30566.227
158,30557.035
9839,30554.66
4716,30536.979
1033,30516.324
5815,30509.982
303,30507.35
3310,30499.66
4,30490.324
6920,30475.98
6713,30472.676
783,30438.6
5431,30436.227
7101,30429.54
1096,30429.473
2911,30428.154
4817,30424.727
5501,30390.25
5502,30390.25
5402,30390.25
5602,30390.25
5601,30390.25
360,30370.537
5938,30351.213
71,30338.555
4713,30324.11
3512,30320.047
5839,30309.22
243,30308.895
2669,30303.027
2333,30295.867
1392,30295.104
9914,30275.791
1291,30274.105
1390,30247.553
1959,30230.014
3408,30220.44
563,30210.264
9737,30179.428
3309,30141.393
3308,30139.377
3009,30139.377
3011,30139.377
3210,30139.377
3010,30139.377
3109,30139.377
3110,30139.377
3108,30139.377
3209,30139.377
3208,30139.377
3107,30139.377
3111,30137.977
5016,30127.377
676,30119.469
5014,30096.387
4609,30096.387
3215,30089.176
3012,30054.053
3214,30041.352
3112,30032.95
4917,30026.404
6821,30009.81
3314,30002.422
1636,29997.293
575,29990.777
41,29986.863
6529,29969.42
1292,29967.365
5294,29943.086
3213,29942.39
2076,29933.736
202,29931.617
4908,29888.645
1282,29869.744
663,29840.348
2377,29793.748
3113,29792.082
6930,29788.373
4813,29786.95
2675,29780.78
3212,29767.408
3013,29741.371
681,29735.984
358,29699.365
4698,29691.223
5935,29680.352
1363,29666.908
5810,29632.29
9838,29624.07
9939,29624.07
9940,29624.07
9738,29624.07
462,29615.791
3207,29605.684
6705,29601.479
5111,29581.033
931,29569.133
302,29549.809
5201,29545.896
1481,29534.467
9836,29496.44
9837,29458.617
5285,29455.44
361,29408.326
4403,29402.73
59,29379.213
6830,29375.152
6931,29375.059
400,29355.4
4794,29338.47
6717,29312.459
7121,29301.07
573,29295.46
5837,29245.299
2220,29216.785
4913,29209.46
310,29201.086
1393,29199.18
4103,29195.97
933,29184.14
1434,29124.344
4607,29070.926
3043,29053.5
1183,28987.582
1935,28973.852
662,28926.691
5013,28923.223
5611,28873.742
1196,28861.098
7701,28840.453
4910,28823.857
5401,28822.941
6831,28811.498
1184,28801.027
1280,28798.37
4695,28794.926
895,28692.885
795,28687.965
6333,28629.19
4705,28629.152
2276,28604.074
5302,28571.62
5113,28568.926
874,28545.652
772,28545.652
875,28545.652
673,28545.652
675,28545.652
974,28545.652
873,28545.652
775,28545.652
774,28545.652
872,28545.652
773,28545.652
973,28545.652
672,28545.652
674,28545.652
972,28540.412
1182,28532.703
574,28486.104
3607,28455.223
6506,28378.639
777,28321.373
5929,28308.543
6616,28301.014
463,28256.035
834,28232.219
562,28231.082
258,28223.213
6813,28190.455
6134,28075.643
1083,28068.053
1281,28014.12
6901,27988.613
2603,27979.842
480,27928.041
157,27924.824
359,27915.408
6921,27914.816
982,27897.71
4914,27886.104
33,27872.877
5301,27853.746
4696,27842.033
4697,27842.033
5991,27828.045
5114,27806.059
102,27802.084
900,27794.096
5,27773.473
4507,27745.686
2169,27718.432
5732,27692.818
7021,27654.682
4614,27593.232
5920,27585.246
1082,27561.877
1181,27537.77
1279,27524.85
981,27524.85
1277,27524.85
1081,27524.85
1179,27524.85
1278,27524.85
1180,27524.85
1080,27524.688
1178,27515.32
9638,27509.787
9601,27509.135
1079,27505.559
7022,27468.988
3411,27463.469
5112,27415.855
3542,27408.93
4500,27408.357
6204,27402.312
5926,27371.38
257,27367.48
6922,27349.66
980,27317.303
64,27315.426
5838,27246.71
301,27231.785
584,27226.34
6604,27220.006
362,27199.291
880,27183.014
683,27156.006
979,27116.639
2761,27116.408
4600,27082.635
4800,27082.355
4700,27076.803
4900,27076.725
2065,27076.705
4699,27067.822
4213,27050.793
6606,26968.2
6304,26961.82
6605,26957.047
6505,26957.047
6504,26957.047
6503,26957.047
6404,26957.047
2659,26939.123
4916,26939.041
4912,26928.49
2170,26922.389
260,26911.467
159,26907.592
6303,26902.174
7020,26895.576
4899,26892.66
160,26881.209
5115,26870.318
6403,26857.107
5097,26853.797
3709,26846.77
4814,26831.514
4714,26831.514
4010,26830.393
4799,26786.557
1811,26777.02
6405,26766.6
5822,26734.78
259,26729.44
1078,26722.38
6005,26711.871
1176,26709.893
1378,26698.566
1909,26695.744
406,26585.217
2060,26577.305
4895,26560.545
4896,26560.545
4795,26560.545
4996,26560.545
5096,26560.545
4796,26560.545
4997,26560.545
4897,26559.855
4898,26559.227
3313,26558.504
4998,26558.227
4797,26558.08
1192,26550.402
4798,26540.379
6603,26491.752
6731,26487.951
484,26470.86
261,26462.785
1381,26418.436
2059,26377.094
60,26318.8
93,26286.254
780,26282.414
1379,26273.229
385,26254.51
2019,26222.848
1177,26199.836
1380,26180.422
4214,26146.65
5919,26145.898
4816,26090.178
4815,26090.178
4715,26090.178
9814,26056.566
1480,26056.547
5619,26010.8
4915,26005.73
5618,25997.148
682,25989.941
6006,25984.727
34,25939.207
9817,25920.258
1917,25882.154
1713,25774.502
583,25756.47
2257,25753.135
4016,25727.6
4995,25726.633
3711,25695.916
3412,25694.037
3106,25691.596
6814,25688.38
1084,25601.682
9937,25583.37
2568,25566.498
2160,25555.438
679,25495.818
1535,25481.383
5012,25476.855
496,25434.5
407,25434.129
2371,25420.951
831,25413.744
6432,25337.81
5713,25335.242
684,25324.967
5818,25258.344
238,25257.28
3910,25219.057
140,25215.47
32,25165.082
3509,25153.703
4115,25150.271
3714,25132.342
4811,25114.951
5202,25081.264
6090,25034.514
634,25026.26
5820,24989.791
879,24987.9
635,24979.404
3904,24968.723
5720,24943.979
2803,24942.844
3511,24890.893
6402,24890.41
2376,24868.607
2232,24854.414
2432,24854.414
2431,24854.414
2331,24854.414
2332,24854.414
6611,24850.018
534,24841.324
4894,24840.6
4111,24831.557
1185,24827.555
5821,24826.115
497,24798.578
5617,24767.592
3026,24763.834
1712,24748.34
1810,24748.34
1710,24740.498
2860,24716.105
6089,24621.74
39,24590.842
3916,24566.709
232,24527.408
5909,24521.516
6020,24519.148
3541,24393.314
6631,24392.562
436,24388.291
794,24352.229
6034,24340.215
5719,24307.484
40,24283.016
3311,24268.43
978,24256.766
131,24251.965
3510,24223.262
6427,24150.484
164,24082.312
3710,24048.21
1362,24027.793
6730,24025.25
5515,23989.785
798,23973.441
408,23921.818
533,23919.139
6291,23845.852
5716,23814.385
5718,23795.23
778,23763.178
3814,23738.516
5905,23721.824
1077,23651.947
4911,23636.64
894,23611.992
1809,23530.744
132,23514.184
6429,23499.824
210,23481.549
5717,23431.607
5284,23408.936
4704,23392.904
2361,23387.412
877,23384.295
5819,23380.457
3609,23379.256
977,23345.691
878,23345.691
779,23345.691
2470,23222.824
2370,23222.824
2270,23222.824
2471,23222.824
6531,23214.936
286,23181.545
6323,23175.105
5620,23171.924
377,23140.16
2570,23128.902
680,23125.652
2324,23049.191
5616,23029.232
1230,23024.096
2367,22997.012
6714,22929.357
2322,22904.496
5015,22897.969
433,22875.438
35,22837.748
139,22837.748
38,22837.748
36,22837.748
37,22837.748
138,22837.371
136,22835.479
137,22834.97
3610,22821.477
3611,22817.342
237,22809.828
1711,22779.166
2221,22778.648
6530,22727.521
734,22702.828
5721,22685.857
830,22669.947
236,22651.01
5612,22649.56
3815,22623.908
1463,22618.969
5102,22613.998
928,22611.928
135,22611.537
231,22610.262
825,22605.371
229,22603.266
228,22603.266
230,22603.266
130,22603.266
427,22603.266
426,22603.266
425,22603.266
528,22603.266
529,22603.266
530,22603.266
129,22603.266
428,22603.266
327,22603.266
629,22603.266
31,22603.266
328,22603.266
429,22603.266
430,22603.266
330,22603.266
329,22603.266
527,22603.248
431,22603.154
531,22603.025
435,22602.9
628,22602.855
630,22602.523
331,22602.293
526,22601.85
3911,22601.51
826,22601.363
335,22601.283
631,22601.227
525,22600.367
336,22600.162
729,22599.887
627,22599.703
332,22599.648
827,22599.414
235,22599.271
234,22598.318
632,22598.254
334,22598.049
434,22597.871
728,22597.652
725,22597.652
732,22597.54
726,22597.523
524,22597.398
731,22597.367
730,22597.361
233,22597.344
828,22597.322
824,22597.074
633,22597.064
626,22596.934
625,22596.934
721,22596.934
622,22596.934
624,22596.934
930,22596.934
821,22596.934
822,22596.934
722,22596.934
733,22596.934
333,22596.934
727,22596.934
724,22596.934
723,22596.934
921,22596.934
922,22596.934
932,22596.934
623,22596.934
832,22596.934
532,22596.934
823,22596.934
833,22596.934
829,22596.934
923,22584.318
81,22584.08
3915,22583.975
820,22580.564
6630,22577.967
326,22563.695
128,22547.158
927,22536.504
4113,22515.059
6716,22501.7
925,22489.393
926,22482.78
4114,22474.023
4015,22474.023
4014,22473.834
4674,22471.158
924,22469.018
4112,22451.584
3713,22447.588
30,22438.281
404,22437.13
4011,22435.12
929,22426.865
2670,22422.42
3914,22413.75
3345,22388.785
227,22381.852
920,22372.908
9410,22367.8
5095,22366.314
3810,22342.266
4013,22312.736
2269,22296.695
4012,22281.182
3307,22262.842
5925,22253.828
1716,22231.262
2672,22218.365
6028,22216.959
523,22215.229
403,22197.463
1191,22185.354
2120,22176.629
784,22141.285
1536,22101.96
2674,22093.395
3612,22063.654
2323,22056.287
5831,22016.521
6290,22006.506
485,21991.174
3044,21907.01
1633,21877.355
3912,21863.072
9917,21840.266
6121,21819.162
1212,21806.604
424,21790.002
720,21754.027
1612,21660.234
29,21638.57
133,21600.7
9910,21590.273
2369,21575.416
713,21569.69
5934,21544.135
1334,21525.168
1506,21453.229
2022,21435.203
2572,21400.564
1032,21398.9
5714,21396.404
1435,21336.45
498,21277.982
3142,21272.014
2569,21253.582
621,21142.885
294,21142.76
6325,21076.492
2298,21056.857
6702,21048.473
6428,21043.734
134,21032.322
6617,21028.475
432,21023.66
1799,21012.174
6715,20984.896
3613,20950.598
325,20898.754
405,20885.877
3812,20856.875
127,20853.709
395,20804.38
389,20783.977
2469,20775.97
161,20729.812
3913,20722.51
181,20698.15
1311,20559.525
1031,20549.266
2477,20526.613
522,20505.201
1411,20503.355
9602,20462.383
1908,20397.752
2500,20371.326
2671,20343.062
1934,20293.89
5212,20283.486
3312,20282.482
226,20275.014
2467,20274.902
2061,20264.281
5414,20254.393
1835,20137.197
500,20009.633
499,20006.973
600,19999.195
599,19992.666
598,19991.375
698,19991.375
799,19991.375
699,19991.375
700,19982.615
800,19972.758
3245,19967.654
4994,19965.605
1825,19964.957
423,19948.445
2268,19935.518
4503,19903.482
6431,19869.725
1507,19853.244
1133,19851.105
535,19850.123
3813,19836.516
2499,19834.584
324,19814.264
225,19800.086
323,19795.889
262,19779.314
9705,19779.2
3005,19764.938
4302,19762.168
819,19761.52
1718,19758.436
422,19755.158
3705,19741.918
9407,19725.22
5710,19721.125
28,19679.79
3444,19655.07
9504,19627.342
695,19626.734
2231,19600.176
6326,19556.248
1907,19540.32
1333,19515.25
1611,19487.21
984,19478.502
188,19472.896
9905,19423.082
3242,19419.82
3143,19419.82
3243,19419.82
3343,19419.82
3442,19419.82
3443,19419.82
3144,19419.82
3244,19419.82
3344,19419.82
3342,19419.82
363,19368.678
2122,19347.01
9904,19340.926
1511,19339.342
9805,19336.438
9804,19318.105
483,19317.727
9702,19314.879
9803,19314.879
9903,19314.285
9802,19312.77
193,19311.725
224,19309.928
2468,19266.098
2368,19266.098
9902,19260.06
126,19235.49
92,19200.605
293,19200.605
192,19200.605
191,19190.787
2020,19180.205
292,19169.66
2204,19168.203
6328,19136.027
409,19102.326
3508,19098.533
1564,19056.078
5906,19054.73
797,19044.402
63,19004.492
393,18988.95
394,18978.113
1918,18978.045
9901,18968.527
919,18956.24
9604,18898.717
10,18866.055
1709,18852.617
2577,18829.066
9704,18811.79
110,18777.295
4202,18771.404
1613,18752.994
1660,18738.984
5715,18717.938
1394,18693.764
9603,18688.484
1610,18657.514
2661,18576.695
1293,18563.082
884,18542.752
61,18489.555
62,18489.555
162,18489.555
163,18489.555
263,18489.555
9715,18454.562
9703,18448.314
2429,18439.074
1008,18436.895
1735,18422.756
6430,18393.97
4676,18390.598
6189,18373.715
5413,18332.828
5514,18332.822
1899,18331.816
5512,18312.451
6007,18311.678
5513,18304.87
223,18242.562
9409,18233.379
5613,18189.494
5615,18142.873
9716,18133.734
620,18129.502
5614,18117.285
2007,18113.244
9801,18091.055
521,18039.078
9408,18030.975
5011,18025.56
4775,18017.006
1462,17999.203
5412,17998.396
1560,17982.318
125,17963.691
6128,17943.023
6027,17913.254
2105,17863.871
6330,17856.73
1361,17818.502
1727,17805.596
5010,17790.955
281,17741.768
5511,17739.252
91,17701.291
597,17686.479
27,17679.463
612,17632.996
4573,17559.39
3206,17555.705
5194,17545.785
6228,17526.768
6008,17511.4
1817,17509.361
1819,17509.361
1818,17509.361
1919,17509.361
1616,17509.361
1619,17509.361
1518,17509.361
1719,17509.361
495,17501.707
1617,17497.803
4806,17492.104
1618,17484.36
402,17458.818
1517,17449.73
384,17429.846
5930,17393.227
2474,17333.943
2033,17247.887
1418,17205.727
494,17119.613
6331,17110.861
5806,17090.379
6233,17078.023
322,17070.879
9701,17070.586
5809,17059.865
2461,16975.773
6191,16947.09
1290,16934.113
6329,16896.91
5439,16889.113
5908,16883.482
5708,16882.834
5709,16882.512
582,16876.42
1717,16837.807
6190,16836.105
1288,16832.498
6229,16822.13
3606,16813.451
5807,16783.451
1614,16734.137
6502,16733.04
5411,16713.865
2132,16681.252
5921,16678.504
1519,16653.225
89,16637.031
90,16637.031
88,16637.031
6129,16627.354
5907,16621.115
5313,16592.326
6133,16591.963
26,16585.459
25,16585.459
6127,16584.742
5923,16560.64
5924,16560.64
5610,16554.88
697,16550.215
6230,16526.238
9605,16516.959
6324,16510.178
124,16508.451
2561,16482.904
6327,16458.754
1211,16448.418
24,16441.965
5808,16436.656
5922,16402.006
3811,16401.664
6033,16367.887
1516,16365.498
2456,16350.765
6227,16321.648
6026,16321.298
1515,16297.744
2557,16266.474
1233,16251.719
2660,16231.275
6226,16174.003
2062,16173.857
1808,16169.569
2260,16138.551
5609,16135.63
1514,16089.197
1419,16028.696
87,16027.526
2760,16021.945
595,16010.468
187,15986.855
2198,15943.782
421,15849.468
2330,15848.048
5707,15847.889
5804,15828.981
596,15822.269
5312,15743.612
5094,15727.329
2426,15697.428
719,15679.8955
1415,15654.183
1029,15607.959
1205,15535.708
9405,15486.044
289,15449.915
1414,15403.048
2064,15364.177
2558,15363.156
1508,15347.557
1412,15347.557
1214,15347.557
1209,15347.557
1314,15347.557
1708,15347.557
1309,15347.557
1315,15347.557
1305,15347.557
1408,15347.557
1410,15347.557
1409,15347.557
1512,15347.557
1513,15347.557
1505,15347.557
1509,15347.557
1510,15347.557
1604,15347.557
1608,15347.557
1413,15347.557
1405,15347.557
1609,15347.557
1502,15347.557
1603,15347.557
1312,15347.557
1313,15347.557
1602,15347.557
1213,15347.557
1113,15347.557
1707,15332.087
1112,15324.785
1304,15323.418
1706,15312.033
2628,15304.677
2673,15303.932
1704,15244.446
1296,15243.958
1806,15239.694
5805,15196.454
2159,15174.063
1021,15163.124
6126,15160.69
4003,15146.63
2573,15145.958
2476,15145.1
1111,15144.5625
1605,15124.388
1702,15108.369
1210,15108.199
1110,15104.545
9916,15101.799
1601,15091.885
1620,15091.418
2576,15068.59
1920,15068.124
2023,15065.089
6029,15030.322
1404,14983.706
2503,14967.671
2575,14959.049
2475,14959.049
2574,14959.049
1030,14949.183
1820,14943.295
1563,14936.6
1665,14931.2
2360,14912.299
2359,14902.425
2559,14902.425
2459,14902.425
2358,14902.425
2357,14902.425
2460,14902.425
2560,14902.425
2457,14902.425
2458,14902.425
2259,14902.425
2258,14902.425
893,14897.453
1109,14893.56
2158,14886.982
1114,14877.771
1960,14869.237
1402,14857.738
1504,14847.158
1705,14830.017
1863,14804.397
1764,14804.397
1662,14804.397
1663,14804.397
1962,14804.397
1763,14804.397
1762,14804.397
1862,14804.397
1664,14804.397
1961,14804.397
2063,14804.397
1963,14804.397
1965,14804.397
1964,14804.397
1864,14804.397
1861,14804.397
1865,14802.915
1765,14802.485
1761,14802.248
1562,14798.104
1607,14792.957
1661,14776.245
1860,14760.105
6025,14759.548
1215,14751.749
1760,14740.059
1461,14738.866
5293,14737.925
1561,14732.035
5510,14699.863
1802,14635.26
1703,14619.564
6801,14563.292
1012,14538.872
1720,14535.271
6332,14530.405
392,14521.924
5832,14516.399
694,14508.181
6024,14495.118
1803,14485.092
1805,14476.428
1022,14453.435
190,14443.277
818,14386.295
1606,14347.691
9505,14332.078
1725,14325.169
1807,14317.862
1204,14317.266
6231,14316.001
189,14309.851
1501,14307.958
291,14303.897
311,14301.64
1013,14271.731
5193,14256.585
5092,14256.585
5192,14256.585
4993,14256.585
5093,14256.585
1092,14236.364
1303,14221.506
5002,14200.038
386,14154.406
5933,14150.288
520,14146.136
1904,14097.8545
1804,14074.916
1186,14009.083
1903,13999.787
5603,13973.336
1011,13953.244
9406,13943.554
718,13934.153
2004,13932.76
519,13925.253
518,13925.253
419,13925.253
420,13925.253
619,13925.253
618,13925.253
1503,13923.251
5009,13912.104
6130,13904.337
6032,13903.044
5931,13903.044
5833,13903.044
5932,13903.044
6031,13902.906
6132,13901.161
6131,13900.706
6232,13900.623
6030,13899.915
1417,13887.713
1520,13872.666
1308,13871.432
585,13869.918
2005,13841.689
517,13791.122
6122,13781.547
2223,13774.412
410,13773.719
2527,13771.04
918,13758.999
2224,13742.078
1010,13737.272
321,13728.262
1406,13724.447
1115,13669.946
1905,13648.567
6023,13647.916
1028,13637.137
9816,13629.241
1701,13545.776
1014,13521.542
1906,13506.257
617,13484.412
418,13484.235
1020,13453.846
1116,13408.841
1015,13405.447
2123,13393.081
1998,13382.405
1622,13359.743
1216,13340.161
285,13327.843
9510,13317.455
1009,13293.35
814,13289.913
2222,13272.428
2326,13251.388
2325,13251.388
2226,13251.388
2225,13251.388
2227,13244.047
5503,13238.682
6223,13238.605
914,13237.342
5703,13236.459
123,13182.841
186,13165.711
915,13160.249
2104,13119.06
907,13081.359
1403,13079.085
1108,13078.547
1728,13046.099
1521,13000.983
1104,12993.351
908,12942.135
2127,12864.01
1729,12801.254
1827,12801.254
2028,12801.254
2128,12801.254
1927,12801.254
1926,12801.254
1828,12801.254
1829,12801.254
2027,12801.254
1928,12801.254
9909,12792.853
493,12787.875
1421,12773.911
1621,12763.109
1929,12748.213
2021,12730.401
2025,12709.943
1319,12699.049
1004,12692.455
388,12678.087
1203,12676.459
2228,12672.382
1407,12658.482
1721,12647.475
9815,12644.705
2125,12614.353
717,12604.69
1533,12597.364
6225,12583.339
222,12582.588
2327,12580.322
1316,12574.606
906,12559.427
808,12553.159
1117,12548.325
1730,12544.532
320,12532.666
1401,12530.333
3105,12491.003
1320,12465.608
1220,12464.497
1321,12454.426
1826,12452.676
2029,12441.497
1120,12436.682
1119,12434.946
1019,12434.946
401,12426.228
1018,12393.576
2006,12393.254
1202,12388.454
1102,12370.412
1219,12353.267
9608,12346.867
801,12337.827
807,12332.846
1830,12316.911
1302,12311.747
904,12310.261
411,12305.611
702,12300.481
1221,12297.203
4907,12296.08
287,12289.559
905,12288.186
1921,12287.783
817,12279.863
6022,12250.017
1103,12248.076
806,12246.497
607,12245.94
1101,12233.092
912,12224.056
913,12222.886
6124,12222.258
6224,12222.258
6125,12222.258
6123,12222.258
6021,12221.687
796,12209.692
1023,12206.991
903,12203.119
1105,12195.689
707,12190.91
803,12188.612
804,12187.332
506,12180.55
605,12180.55
604,12180.55
1301,12180.55
601,12180.55
602,12180.55
603,12180.55
503,12180.55
505,12180.55
504,12180.55
606,12180.55
704,12180.55
701,12180.55
703,12180.55
502,12180.55
902,12180.55
901,12180.55
1201,12180.55
705,12180.55
1001,12180.55
805,12180.55
501,12180.55
706,12180.55
512,12132.888
507,12103.858
802,12103.351
1002,12097.81
1420,12083.575
9908,12070.452
1208,12066.691
2427,12034.519
1925,11987.611
5311,11979.746
2124,11975.953
1821,11969.993
3804,11923.387
708,11905.05
1003,11903.557
613,11901.412
417,11895.311
312,11874.657
288,11845.965
1217,11832.524
2126,11815.221
2129,11793.939
608,11784.809
715,11780.285
813,11771.234
1922,11761.733
1187,11735.423
513,11735.382
508,11712.935
910,11700.981
714,11698.997
911,11696.653
381,11695.892
812,11692.325
810,11692.325
811,11692.325
909,11692.325
711,11691.614
809,11690.547
1416,11687.673
710,11687.643
611,11684.167
709,11683.912
510,11683.338
509,11683.338
609,11683.338
610,11683.338
1189,11681.836
1017,11669.127
511,11657.895
1318,11653.926
313,11651.891
917,11650.024
594,11623.272
1016,11621.121
916,11616.729
614,11615.945
816,11608.591
1306,11608.385
716,11598.856
319,11596.905
615,11594.116
514,11588.642
412,11585.128
413,11585.128
414,11584.777
1289,11581.223
1629,11581.046
515,11577.185
685,11572.827
1085,11556.809
1317,11551.535
1130,11533.321
1089,11506.818
1086,11499.433
885,11499.04
689,11499.04
586,11499.04
785,11499.04
786,11499.04
889,11499.04
686,11499.04
687,11499.04
886,11499.04
989,11499.04
589,11499.04
1088,11499.04
1087,11499.04
590,11499.04
587,11499.04
588,11499.04
688,11499.04
490,11499.04
789,11499.04
489,11499.04
986,11499.04
690,11499.04
486,11499.04
488,11499.04
487,11499.04
987,11499.04
988,11499.04
1188,11499.04
491,11498.424
790,11494.927
788,11481.764
387,11480.527
787,11474.608
985,11463.376
616,11443.359
1722,11436.671
211,11433.281
23,11412.438
1522,11399.4375
5706,11396.495
2802,11386.856
888,11375.107
887,11368.471
1218,11367.576
390,11364.336
2229,11351.014
890,11318.1
415,11317.487
1121,11306.705
1726,11303.68
516,11301.727
86,11300.511
591,11263.871
2026,11262.079
391,11217.269
1731,11216.856
1930,11176.111
111,11166.131
315,11122.054
290,11113.491
221,11086.689
1822,11051.094
416,11040.311
1329,11026.761
9906,10974.349
2003,10954.237
318,10950.897
1027,10948.794
1118,10948.547
990,10946.151
1831,10934.826
5403,10919.846
1422,10886.4795
6602,10854.138
314,10844.977
3407,10832.744
4574,10818.042
2328,10774.311
316,10743.031
696,10741.208
492,10724.969
22,10716.957
122,10716.131
21,10713.824
20,10711.546
19,10711.274
121,10710.776
18,10710.644
17,10710.637
217,10710.625
119,10710.625
120,10710.625
118,10710.625
117,10710.625
219,10710.625
220,10710.625
218,10710.625
317,10710.625
216,10710.625
1630,10708.165
2428,10703.331
2528,10699.327
383,10698.144
116,10567.105
2329,10549.654
4805,10548.823
9506,10547.944
1006,10510.406
5608,10486.912
4575,10481.854
1090,10464.149
1228,10451.497
691,10402.843
5001,10389.978
1626,10383.571
2299,10376.215
2399,10376.215
2400,10376.215
2098,10376.215
215,10350.324
2024,10343.459
2199,10333.007
2702,10308.473
1723,10244.899
1625,10244.899
1624,10244.899
1623,10244.899
1523,10244.899
1526,10244.899
1525,10244.899
1524,10244.899
1527,10242.034
4675,10224.575
1528,10220.125
1529,10214.237
1530,10214.237
1328,10214.043
1427,10200.344
1190,10199.921
9809,10194.5
5103,10160.694
1428,10144.316
1327,10093.153
11,10080.26
1310,10063.577
1924,10043.371
1425,10018.358
1005,10017.261
1430,9987.697
2099,9978.765
1132,9966.257
791,9957.726
1429,9954.475
1424,9948.754
1423,9942.435
1322,9928.803
1426,9923.211
1634,9891.086
2300,9869.01
3504,9868.852
1431,9865.561
82,9852.945
1229,9843.438
1531,9832.501
6401,9824.101
1227,9817.525
9808,9808.926
2230,9793.316
1824,9786.064
581,9773.503
995,9764.036
1628,9762.528
9806,9754.358
1724,9752.239
1127,9741.924
5604,9731.013
9713,9716.93
1026,9709.109
1323,9709.109
1025,9709.109
1324,9705.855
1222,9696.726
1325,9693.777
1126,9693.118
1125,9684.7295
1326,9681.765
1223,9680.248
1224,9678.663
1124,9678.562
1231,9678.447
1226,9678.447
1330,9678.447
1122,9678.447
1123,9678.447
1232,9678.447
1225,9678.447
1331,9678.447
1332,9665.461
1823,9662.652
282,9661.437
283,9661.437
183,9661.437
184,9661.437
284,9661.437
185,9661.437
482,9661.437
382,9661.437
85,9661.437
83,9661.437
84,9661.437
481,9661.065
592,9660.952
1832,9641.419
2030,9637.035
182,9623.539
1933,9608.99
1902,9570.619
1999,9558.2705
9712,9558.11
2131,9538.693
1931,9528.877
2031,9528.877
2032,9528.877
1932,9528.877
1631,9522.08
1833,9499.579
1432,9497.254
1732,9489.753
1433,9483.834
1734,9483.834
1632,9483.834
1635,9483.834
1532,9483.834
1733,9483.834
1834,9483.834
2130,9477.237
891,9402.972
1923,9389.07
1128,9378.965
1801,9343.063
5303,9273.761
593,9255.929
692,9207.557
892,9207.557
1091,9207.557
991,9207.557
792,9207.557
693,9207.557
212,9118.913
992,9036.215
5003,9014.862
16,8993.929
6601,8955.499
6701,8955.499
6501,8955.499
793,8929.2705
1193,8924.868
9811,8809.99
2403,8735.222
9509,8729.226
3104,8627.528
9512,8569.623
4603,8566.903
5203,8389.999
1007,8368.458
2103,8357.706
9714,8350.279
213,8336.378
115,8331.528
9706,8148.078
2203,8119.5474
993,8114.7227
2200,8101.663
9609,8068.7095
3205,8053.0723
1195,8011.6274
1294,8011.6274
1095,8011.6274
1093,8011.6274
1295,8011.6274
1194,8010.9434
994,8009.6714
1094,8008.1753
4804,7963.8345
9936,7936.8984
2002,7931.0337
4102,7929.006
4903,7891.104
2001,7885.325
2102,7874.634
2401,7874.634
2602,7874.634
2502,7874.634
2601,7874.634
2501,7874.634
2402,7874.634
2303,7874.634
1901,7874.634
2302,7837.2686
5110,7832.743
2201,7828.068
1106,7822.0103
2301,7806.458
5509,7771.3813
2101,7740.54
2902,7736.1167
9508,7711.5796
2202,7657.5386
214,7617.865
114,7606.317
5607,7602.2383
15,7541.9585
2701,7536.705
4402,7524.5513
9610,7510.8604
815,7504.3315
2100,7502.491
2000,7486.339
9606,7482.0176
9607,7440.471
9511,7411.997
3306,7381.6084
9507,7342.314
12,7337.9746
9708,7297.6
9709,7244.3345
1129,7237.3843
1900,7226.551
14,7214.3574
9707,7210.2676
4902,7178.4775
9611,7170.7295
9807,7168.477
9710,7164.14
9612,7163.099
9907,7163.099
9810,7163.099
9711,7163.099
4703,7118.9307
3204,7118.9077
3507,7075.3784
9613,6999.0586
2903,6991.284
1800,6960.975
3604,6911.6685
4803,6851.051
5104,6749.169
3704,6737.0933
5205,6728.3325
1206,6719.055
3903,6688.408
4002,6680.6533
3902,6665.6387
3701,6665.6387
3702,6665.6387
3502,6665.6387
4001,6665.6387
3901,6665.6387
4101,6665.6387
3503,6665.6387
3802,6665.6387
3801,6665.6387
3703,6665.6387
3605,6665.6387
3603,6665.6387
3601,6665.6387
3602,6665.6387
3803,6665.6387
3402,6664.6787
3301,6663.285
3403,6659.7456
3505,6658.1724
3302,6658.0767
3404,6657.4663
3506,6657.337
3201,6657.2227
3305,6657.209
3202,6657.209
3405,6657.209
3101,6657.209
3406,6657.209
3102,6657.209
3103,6657.209
3002,6657.209
3003,6657.209
3203,6657.209
3004,6657.209
3303,6657.209
3304,6657.209
3001,6640.5264
3401,6640.3135
5105,6595.787
3501,6581.62
5004,6506.7754
5504,6408.492
5705,6183.7886
4801,6085.27
4904,6003.3877
5704,5970.8765
5605,5970.181
5606,5969.48
5106,5968.009
5305,5968.009
5307,5968.009
5404,5968.009
5505,5968.009
5506,5968.009
5405,5968.009
5406,5968.009
5507,5968.009
5304,5968.009
5005,5968.009
4901,5953.6475
4802,5953.6475
5204,5948.2866
5207,5933.7964
4701,5923.3154
5306,5878.203
5206,5804.427
4201,5773.36
5107,5729.839
5407,5680.408
5408,5652.6074
5208,5590.149
5008,5570.9683
5006,5437.356
5508,5383.244
5109,5314.2656
1307,5282.243
5108,5210.689
4905,5194.142
5308,5145.1855
5410,5143.4707
4702,5012.78
4601,4947.4233
5409,4846.4414
5309,4762.426
5209,4666.655
5007,4561.2847
13,4521.4717
1534,4492.673
4301,4462.6753
4906,4457.916
5210,4454.1616
5310,4443.498
4401,4439.8003
4502,4439.8003
4602,4439.8003
113,4420.3955
4501,4377.7793
1107,4359.6987
2901,4169.931
5338,2666.4202
5238,2153.7883
1207,1803.6074
112,1169.7736
2801,973.8674
5339,430.98776
5239,147.27899
