square_id,model,datetime,actual,predicted
5161,MLP,2013-12-16 04:00:00,210.14604,182.29979
5161,MLP,2013-12-16 04:10:00,205.14394,194.64473
5161,MLP,2013-12-16 04:20:00,189.92653,190.77446
5161,MLP,2013-12-16 04:30:00,202.23596,189.15709
5161,MLP,2013-12-16 04:40:00,209.58281,198.33731
5161,MLP,2013-12-16 04:50:00,187.69508,188.53589
5161,MLP,2013-12-16 05:00:00,199.13739,194.3167
5161,MLP,2013-12-16 05:10:00,207.1426,198.63062
5161,MLP,2013-12-16 05:20:00,193.52405,196.57841
5161,MLP,2013-12-16 05:30:00,233.35507,196.19968
5161,MLP,2013-12-16 05:40:00,318.2609,210.53049
5161,MLP,2013-12-16 05:50:00,289.03192,251.06883
5161,MLP,2013-12-16 06:00:00,270.34906,274.15274
5161,MLP,2013-12-16 06:10:00,247.3762,297.1986
5161,MLP,2013-12-16 06:20:00,269.4001,285.9032
5161,MLP,2013-12-16 06:30:00,277.7562,277.7661
5161,MLP,2013-12-16 06:40:00,299.50864,293.04434
5161,MLP,2013-12-16 06:50:00,318.23898,308.67358
5161,MLP,2013-12-16 07:00:00,395.32352,331.62796
5161,MLP,2013-12-16 07:10:00,432.19434,379.35553
5161,MLP,2013-12-16 07:20:00,419.68817,415.05487
5161,MLP,2013-12-16 07:30:00,572.12714,456.51044
5161,MLP,2013-12-16 07:40:00,695.29205,560.13367
5161,MLP,2013-12-16 07:50:00,704.80206,671.41034
5161,MLP,2013-12-16 08:00:00,789.2132,771.692
5161,MLP,2013-12-16 08:10:00,869.79865,866.1768
5161,MLP,2013-12-16 08:20:00,834.4706,936.75665
5161,MLP,2013-12-16 08:30:00,946.5521,986.08575
5161,MLP,2013-12-16 08:40:00,943.60834,1065.4856
5161,MLP,2013-12-16 08:50:00,961.70447,1077.5787
5161,MLP,2013-12-16 09:00:00,1011.94965,1138.1678
5161,MLP,2013-12-16 09:10:00,947.59705,1161.8636
5161,MLP,2013-12-16 09:20:00,1048.656,1095.5493
5161,MLP,2013-12-16 09:30:00,1179.4794,1156.9326
5161,MLP,2013-12-16 09:40:00,1383.9191,1219.9728
5161,MLP,2013-12-16 09:50:00,1328.7418,1343.493
5161,MLP,2013-12-16 10:00:00,1379.0597,1424.1198
5161,MLP,2013-12-16 10:10:00,1550.8689,1502.4424
5161,MLP,2013-12-16 10:20:00,1559.0098,1570.9442
5161,MLP,2013-12-16 10:30:00,1864.4413,1621.0806
5161,MLP,2013-12-16 10:40:00,1848.016,1823.856
5161,MLP,2013-12-16 10:50:00,1709.3956,1908.9564
5161,MLP,2013-12-16 11:00:00,1961.1587,1951.091
5161,MLP,2013-12-16 11:10:00,2086.6458,2056.096
5161,MLP,2013-12-16 11:20:00,1910.0787,2035.196
5161,MLP,2013-12-16 11:30:00,2116.0876,2064.6272
5161,MLP,2013-12-16 11:40:00,2292.748,2208.1147
5161,MLP,2013-12-16 11:50:00,2109.0095,2190.282
5161,MLP,2013-12-16 12:00:00,2360.4446,2254.577
5161,MLP,2013-12-16 12:10:00,2505.1448,2368.4658
5161,MLP,2013-12-16 12:20:00,2585.238,2375.4072
5161,MLP,2013-12-16 12:30:00,2969.4912,2545.066
5161,MLP,2013-12-16 12:40:00,3057.33,2795.4456
5161,MLP,2013-12-16 12:50:00,2938.056,2894.5686
5161,MLP,2013-12-16 13:00:00,2866.0698,3041.4355
5161,MLP,2013-12-16 13:10:00,2798.73,3054.406
5161,MLP,2013-12-16 13:20:00,2803.0942,2908.0764
5161,MLP,2013-12-16 13:30:00,2646.84,2950.786
5161,MLP,2013-12-16 13:40:00,2462.6577,2889.9272
5161,MLP,2013-12-16 13:50:00,2350.5298,2718.4968
5161,MLP,2013-12-16 14:00:00,2328.2554,2591.3804
5161,MLP,2013-12-16 14:10:00,2480.486,2495.2134
5161,MLP,2013-12-16 14:20:00,2310.5579,2450.0754
5161,MLP,2013-12-16 14:30:00,2615.6433,2344.6392
5161,MLP,2013-12-16 14:40:00,2538.4104,2429.8047
5161,MLP,2013-12-16 14:50:00,2448.4739,2422.325
5161,MLP,2013-12-16 15:00:00,2772.0137,2345.642
5161,MLP,2013-12-16 15:10:00,2690.5195,2545.2039
5161,MLP,2013-12-16 15:20:00,2592.648,2542.27
5161,MLP,2013-12-16 15:30:00,2785.3909,2597.192
5161,MLP,2013-12-16 15:40:00,2619.2585,2699.3127
5161,MLP,2013-12-16 15:50:00,2633.5862,2590.5664
5161,MLP,2013-12-16 16:00:00,2544.4758,2655.996
5161,MLP,2013-12-16 16:10:00,2674.0369,2580.3809
5161,MLP,2013-12-16 16:20:00,2557.1147,2559.411
5161,MLP,2013-12-16 16:30:00,2391.7551,2579.24
5161,MLP,2013-12-16 16:40:00,2553.3015,2444.359
5161,MLP,2013-12-16 16:50:00,2696.6912,2443.3555
5161,MLP,2013-12-16 17:00:00,2386.3591,2496.8943
5161,MLP,2013-12-16 17:10:00,2363.5815,2381.3684
5161,MLP,2013-12-16 17:20:00,2429.09,2359.7102
5161,MLP,2013-12-16 17:30:00,2416.3308,2323.2593
5161,MLP,2013-12-16 17:40:00,2332.4739,2352.4475
5161,MLP,2013-12-16 17:50:00,2197.7908,2264.9502
5161,MLP,2013-12-16 18:00:00,2127.2327,2174.505
5161,MLP,2013-12-16 18:10:00,2131.437,2173.0137
5161,MLP,2013-12-16 18:20:00,1931.2819,2054.2576
5161,MLP,2013-12-16 18:30:00,1857.6206,1927.568
5161,MLP,2013-12-16 18:40:00,1720.8193,1892.4012
5161,MLP,2013-12-16 18:50:00,1719.8895,1747.1725
5161,MLP,2013-12-16 19:00:00,1494.5803,1664.4285
5161,MLP,2013-12-16 19:10:00,1387.2498,1497.6277
5161,MLP,2013-12-16 19:20:00,1310.2694,1378.0028
5161,MLP,2013-12-16 19:30:00,1161.1025,1291.6423
5161,MLP,2013-12-16 19:40:00,1097.789,1117.4928
5161,MLP,2013-12-16 19:50:00,1052.019,1073.8584
5161,MLP,2013-12-16 20:00:00,966.3625,969.9034
5161,MLP,2013-12-16 20:10:00,789.50476,901.75745
5161,MLP,2013-12-16 20:20:00,889.26215,855.65625
5161,MLP,2013-12-16 20:30:00,790.8689,783.96063
5161,MLP,2013-12-16 20:40:00,795.4714,778.44275
5161,MLP,2013-12-16 20:50:00,769.1046,795.15546
5161,MLP,2013-12-16 21:00:00,695.05756,767.3228
5161,MLP,2013-12-16 21:10:00,614.00037,719.23364
5161,MLP,2013-12-16 21:20:00,642.0887,682.12146
5161,MLP,2013-12-16 21:30:00,682.7367,629.69183
5161,MLP,2013-12-16 21:40:00,582.5713,632.05133
5161,MLP,2013-12-16 21:50:00,860.38293,594.02057
5161,MLP,2013-12-16 22:00:00,633.47144,613.4741
5161,MLP,2013-12-16 22:10:00,543.3787,542.21954
5161,MLP,2013-12-16 22:20:00,597.4092,529.8092
5161,MLP,2013-12-16 22:30:00,610.5447,452.36633
5161,MLP,2013-12-16 22:40:00,333.73605,492.09827
5161,MLP,2013-12-16 22:50:00,394.09167,402.8445
5161,MLP,2013-12-16 23:00:00,417.16583,376.26996
5161,MLP,2013-12-16 23:10:00,311.1909,331.34613
5161,MLP,2013-12-16 23:20:00,445.8625,299.56094
5161,MLP,2013-12-16 23:30:00,342.1666,339.51956
5161,MLP,2013-12-16 23:40:00,318.08643,268.2817
5161,MLP,2013-12-16 23:50:00,304.5793,320.54062
5161,MLP,2013-12-17 00:00:00,302.76498,272.63928
5161,MLP,2013-12-17 00:10:00,232.73166,262.62292
5161,MLP,2013-12-17 00:20:00,268.7748,256.1929
5161,MLP,2013-12-17 00:30:00,226.48288,253.29541
5161,MLP,2013-12-17 00:40:00,187.17807,226.71503
5161,MLP,2013-12-17 00:50:00,223.17186,189.95747
5161,MLP,2013-12-17 01:00:00,234.36075,223.20021
5161,MLP,2013-12-17 01:10:00,216.70508,189.5909
5161,MLP,2013-12-17 01:20:00,229.82294,211.8916
5161,MLP,2013-12-17 01:30:00,209.51703,184.53418
5161,MLP,2013-12-17 01:40:00,183.1384,202.81741
5161,MLP,2013-12-17 01:50:00,202.82635,173.93945
5161,MLP,2013-12-17 02:00:00,204.51138,191.85632
5161,MLP,2013-12-17 02:10:00,173.6049,159.24954
5161,MLP,2013-12-17 02:20:00,195.62657,204.39204
5161,MLP,2013-12-17 02:30:00,199.54,184.53659
5161,MLP,2013-12-17 02:40:00,188.96452,152.52306
5161,MLP,2013-12-17 02:50:00,206.67401,186.47708
5161,MLP,2013-12-17 03:00:00,213.5412,162.82652
5161,MLP,2013-12-17 03:10:00,164.3832,185.1588
5161,MLP,2013-12-17 03:20:00,205.71875,178.47092
5161,MLP,2013-12-17 03:30:00,189.8338,185.64612
5161,MLP,2013-12-17 03:40:00,165.30069,170.7065
5161,MLP,2013-12-17 03:50:00,211.25015,187.77655
5161,MLP,2013-12-17 04:00:00,207.73288,188.0248
5161,MLP,2013-12-17 04:10:00,186.83727,183.38223
5161,MLP,2013-12-17 04:20:00,212.57007,196.63223
5161,MLP,2013-12-17 04:30:00,199.12,195.29324
5161,MLP,2013-12-17 04:40:00,189.68364,186.606
5161,MLP,2013-12-17 04:50:00,206.41656,193.62354
5161,MLP,2013-12-17 05:00:00,199.14429,201.5873
5161,MLP,2013-12-17 05:10:00,175.57236,194.69347
5161,MLP,2013-12-17 05:20:00,211.8952,199.6696
5161,MLP,2013-12-17 05:30:00,229.97296,196.24733
5161,MLP,2013-12-17 05:40:00,222.11827,206.09239
5161,MLP,2013-12-17 05:50:00,266.95532,213.85567
5161,MLP,2013-12-17 06:00:00,266.6577,242.637
5161,MLP,2013-12-17 06:10:00,264.9794,254.90984
5161,MLP,2013-12-17 06:20:00,299.75565,263.5121
5161,MLP,2013-12-17 06:30:00,341.219,292.84784
5161,MLP,2013-12-17 06:40:00,302.00635,319.4069
5161,MLP,2013-12-17 06:50:00,336.06754,339.1436
5161,MLP,2013-12-17 07:00:00,375.19308,364.02325
5161,MLP,2013-12-17 07:10:00,397.58102,376.64575
5161,MLP,2013-12-17 07:20:00,489.18375,419.54507
5161,MLP,2013-12-17 07:30:00,534.2422,489.876
5161,MLP,2013-12-17 07:40:00,660.0387,553.1991
5161,MLP,2013-12-17 07:50:00,617.42114,671.4343
5161,MLP,2013-12-17 08:00:00,824.71655,717.45154
5161,MLP,2013-12-17 08:10:00,862.9117,836.2568
5161,MLP,2013-12-17 08:20:00,903.38446,909.69086
5161,MLP,2013-12-17 08:30:00,993.2105,1015.0105
5161,MLP,2013-12-17 08:40:00,1057.9623,1094.9135
5161,MLP,2013-12-17 08:50:00,1036.0688,1159.0698
5161,MLP,2013-12-17 09:00:00,1217.5115,1209.3055
5161,MLP,2013-12-17 09:10:00,1188.2633,1305.5717
5161,MLP,2013-12-17 09:20:00,1214.9235,1316.3973
5161,MLP,2013-12-17 09:30:00,1532.3738,1388.024
5161,MLP,2013-12-17 09:40:00,1466.2655,1527.6696
5161,MLP,2013-12-17 09:50:00,1664.7877,1523.1449
5161,MLP,2013-12-17 10:00:00,1818.2194,1725.4121
5161,MLP,2013-12-17 10:10:00,1694.5822,1797.618
5161,MLP,2013-12-17 10:20:00,1874.4421,1821.2518
5161,MLP,2013-12-17 10:30:00,2035.2654,1991.0541
5161,MLP,2013-12-17 10:40:00,2138.9644,2016.1072
5161,MLP,2013-12-17 10:50:00,2250.6003,2159.4355
5161,MLP,2013-12-17 11:00:00,2388.473,2311.2383
5161,MLP,2013-12-17 11:10:00,2460.7341,2373.5027
5161,MLP,2013-12-17 11:20:00,2415.1035,2484.3203
5161,MLP,2013-12-17 11:30:00,2763.068,2544.9807
5161,MLP,2013-12-17 11:40:00,2744.7373,2635.5754
5161,MLP,2013-12-17 11:50:00,2774.4429,2730.5884
5161,MLP,2013-12-17 12:00:00,3062.4578,2826.1382
5161,MLP,2013-12-17 12:10:00,3291.7275,3005.1228
5161,MLP,2013-12-17 12:20:00,3444.106,3099.1343
5161,MLP,2013-12-17 12:30:00,3373.3855,3318.6587
5161,MLP,2013-12-17 12:40:00,3342.427,3436.184
5161,MLP,2013-12-17 12:50:00,3505.4324,3371.3088
5161,MLP,2013-12-17 13:00:00,3803.9375,3552.6526
5161,MLP,2013-12-17 13:10:00,3543.5134,3643.8572
5161,MLP,2013-12-17 13:20:00,3208.6392,3602.5781
5161,MLP,2013-12-17 13:30:00,3234.5732,3550.8948
5161,MLP,2013-12-17 13:40:00,3110.6792,3414.773
5161,MLP,2013-12-17 13:50:00,3139.6963,3290.751
5161,MLP,2013-12-17 14:00:00,2945.2466,3239.8289
5161,MLP,2013-12-17 14:10:00,2766.0857,3138.995
5161,MLP,2013-12-17 14:20:00,3100.932,2970.7678
5161,MLP,2013-12-17 14:30:00,3517.678,2932.1091
5161,MLP,2013-12-17 14:40:00,3524.895,3058.1968
5161,MLP,2013-12-17 14:50:00,3358.1033,3157.873
5161,MLP,2013-12-17 15:00:00,3876.9597,3267.1038
5161,MLP,2013-12-17 15:10:00,3759.038,3434.214
5161,MLP,2013-12-17 15:20:00,3837.1492,3488.5667
5161,MLP,2013-12-17 15:30:00,3774.914,3706.4148
5161,MLP,2013-12-17 15:40:00,3495.1526,3731.5288
5161,MLP,2013-12-17 15:50:00,3764.5986,3669.0198
5161,MLP,2013-12-17 16:00:00,3746.0464,3707.8423
5161,MLP,2013-12-17 16:10:00,3641.88,3663.8894
5161,MLP,2013-12-17 16:20:00,3795.984,3633.4678
5161,MLP,2013-12-17 16:30:00,3566.9692,3725.8057
5161,MLP,2013-12-17 16:40:00,3228.2769,3530.469
5161,MLP,2013-12-17 16:50:00,3273.0974,3303.6675
5161,MLP,2013-12-17 17:00:00,3197.3655,3309.9006
5161,MLP,2013-12-17 17:10:00,3225.8516,3132.6611
5161,MLP,2013-12-17 17:20:00,2850.039,3094.559
5161,MLP,2013-12-17 17:30:00,3065.798,2868.0132
5161,MLP,2013-12-17 17:40:00,2853.2896,2857.1062
5161,MLP,2013-12-17 17:50:00,2902.8008,2771.324
5161,MLP,2013-12-17 18:00:00,2814.6863,2692.358
5161,MLP,2013-12-17 18:10:00,2951.324,2645.2068
5161,MLP,2013-12-17 18:20:00,2730.4817,2643.3167
5161,MLP,2013-12-17 18:30:00,2447.7034,2630.6345
5161,MLP,2013-12-17 18:40:00,2416.3674,2438.59
5161,MLP,2013-12-17 18:50:00,2257.1748,2315.0527
5161,MLP,2013-12-17 19:00:00,2049.7354,2232.3933
5161,MLP,2013-12-17 19:10:00,1769.0593,2052.344
5161,MLP,2013-12-17 19:20:00,1671.0309,1814.6588
5161,MLP,2013-12-17 19:30:00,1472.355,1688.7152
5161,MLP,2013-12-17 19:40:00,1444.2585,1411.5409
5161,MLP,2013-12-17 19:50:00,1219.8506,1326.1947
5161,MLP,2013-12-17 20:00:00,1171.9624,1192.1874
5161,MLP,2013-12-17 20:10:00,1066.5072,1114.865
5161,MLP,2013-12-17 20:20:00,1065.6753,1061.4469
5161,MLP,2013-12-17 20:30:00,1107.4401,1005.42035
5161,MLP,2013-12-17 20:40:00,1170.1951,1036.577
5161,MLP,2013-12-17 20:50:00,881.85944,987.4539
5161,MLP,2013-12-17 21:00:00,747.4791,967.8674
5161,MLP,2013-12-17 21:10:00,636.772,926.33435
5161,MLP,2013-12-17 21:20:00,549.43256,901.2628
5161,MLP,2013-12-17 21:30:00,636.7148,796.8057
5161,MLP,2013-12-17 21:40:00,583.74817,761.6728
5161,MLP,2013-12-17 21:50:00,538.8654,715.9168
5161,MLP,2013-12-17 22:00:00,543.96155,628.9344
5161,MLP,2013-12-17 22:10:00,439.51578,533.4891
5161,MLP,2013-12-17 22:20:00,424.59024,450.7047
5161,MLP,2013-12-17 22:30:00,452.19907,411.16803
5161,MLP,2013-12-17 22:40:00,361.0226,406.25366
5161,MLP,2013-12-17 22:50:00,371.866,378.27798
5161,MLP,2013-12-17 23:00:00,434.7364,339.20297
5161,MLP,2013-12-17 23:10:00,406.53528,350.67288
5161,MLP,2013-12-17 23:20:00,314.7144,279.40198
5161,MLP,2013-12-17 23:30:00,311.52432,289.5764
5161,MLP,2013-12-17 23:40:00,268.64502,267.76886
5161,MLP,2013-12-17 23:50:00,269.08862,267.0998
5161,MLP,2013-12-18 00:00:00,303.09613,261.6434
5161,MLP,2013-12-18 00:10:00,274.72974,244.8102
5161,MLP,2013-12-18 00:20:00,234.28204,228.32394
5161,MLP,2013-12-18 00:30:00,258.46707,217.22499
5161,MLP,2013-12-18 00:40:00,235.9508,212.18185
5161,MLP,2013-12-18 00:50:00,214.01556,199.24603
5161,MLP,2013-12-18 01:00:00,244.06613,209.99002
5161,MLP,2013-12-18 01:10:00,221.39583,214.34229
5161,MLP,2013-12-18 01:20:00,390.53134,187.12065
5161,MLP,2013-12-18 01:30:00,385.1137,259.13416
5161,MLP,2013-12-18 01:40:00,443.7337,297.9034
5161,MLP,2013-12-18 01:50:00,424.5218,384.77347
5161,MLP,2013-12-18 02:00:00,514.8599,426.43048
5161,MLP,2013-12-18 02:10:00,243.27391,486.83023
5161,MLP,2013-12-18 02:20:00,216.10474,408.99408
5161,MLP,2013-12-18 02:30:00,226.1257,375.99377
5161,MLP,2013-12-18 02:40:00,232.07373,310.73495
5161,MLP,2013-12-18 02:50:00,208.05132,262.01724
5161,MLP,2013-12-18 03:00:00,225.40233,277.6675
5161,MLP,2013-12-18 03:10:00,227.49486,263.3575
5161,MLP,2013-12-18 03:20:00,215.54005,265.05374
5161,MLP,2013-12-18 03:30:00,227.6982,236.39392
5161,MLP,2013-12-18 03:40:00,220.47952,239.14145
5161,MLP,2013-12-18 03:50:00,219.93323,191.57455
5161,MLP,2013-12-18 04:00:00,234.73874,249.63168
5161,MLP,2013-12-18 04:10:00,256.21884,229.13144
5161,MLP,2013-12-18 04:20:00,246.57613,243.79591
5161,MLP,2013-12-18 04:30:00,248.08905,256.8826
5161,MLP,2013-12-18 04:40:00,257.0533,256.60596
5161,MLP,2013-12-18 04:50:00,243.37932,245.52655
5161,MLP,2013-12-18 05:00:00,263.1779,215.96231
5161,MLP,2013-12-18 05:10:00,227.68663,250.47772
5161,MLP,2013-12-18 05:20:00,237.63649,206.41687
5161,MLP,2013-12-18 05:30:00,320.8879,236.45576
5161,MLP,2013-12-18 05:40:00,246.09839,249.08507
5161,MLP,2013-12-18 05:50:00,260.01495,284.7976
5161,MLP,2013-12-18 06:00:00,350.64963,296.00302
5161,MLP,2013-12-18 06:10:00,396.9144,313.59207
5161,MLP,2013-12-18 06:20:00,404.74664,348.9767
5161,MLP,2013-12-18 06:30:00,444.64053,420.5562
5161,MLP,2013-12-18 06:40:00,383.8241,470.04657
5161,MLP,2013-12-18 06:50:00,396.3336,460.5956
5161,MLP,2013-12-18 07:00:00,413.65234,482.60574
5161,MLP,2013-12-18 07:10:00,642.7808,466.6332
5161,MLP,2013-12-18 07:20:00,541.2099,601.3528
5161,MLP,2013-12-18 07:30:00,618.90344,646.1893
5161,MLP,2013-12-18 07:40:00,646.4804,715.1839
5161,MLP,2013-12-18 07:50:00,736.52924,717.27374
5161,MLP,2013-12-18 08:00:00,844.3093,772.5242
5161,MLP,2013-12-18 08:10:00,899.5496,880.7249
5161,MLP,2013-12-18 08:20:00,958.5369,948.30457
5161,MLP,2013-12-18 08:30:00,1156.951,1044.5294
5161,MLP,2013-12-18 08:40:00,1070.9885,1193.5521
5161,MLP,2013-12-18 08:50:00,1130.0845,1186.0183
5161,MLP,2013-12-18 09:00:00,1296.178,1278.6641
5161,MLP,2013-12-18 09:10:00,1440.553,1367.1416
5161,MLP,2013-12-18 09:20:00,1529.7799,1462.3888
5161,MLP,2013-12-18 09:30:00,1691.0552,1619.2078
5161,MLP,2013-12-18 09:40:00,1911.0961,1724.4797
5161,MLP,2013-12-18 09:50:00,1785.5616,1862.7335
5161,MLP,2013-12-18 10:00:00,2071.8499,1924.7643
5161,MLP,2013-12-18 10:10:00,2104.384,2043.0826
5161,MLP,2013-12-18 10:20:00,2088.5828,2149.3079
5161,MLP,2013-12-18 10:30:00,2219.114,2220.9048
5161,MLP,2013-12-18 10:40:00,2249.7117,2319.267
5161,MLP,2013-12-18 10:50:00,2448.1501,2294.9858
5161,MLP,2013-12-18 11:00:00,2599.8909,2451.2244
5161,MLP,2013-12-18 11:10:00,2445.932,2588.2622
5161,MLP,2013-12-18 11:20:00,2537.695,2538.973
5161,MLP,2013-12-18 11:30:00,2588.7942,2654.6282
5161,MLP,2013-12-18 11:40:00,2524.9182,2674.3318
5161,MLP,2013-12-18 11:50:00,2801.2405,2628.6643
5161,MLP,2013-12-18 12:00:00,2847.3315,2780.8853
5161,MLP,2013-12-18 12:10:00,3144.238,2808.1353
5161,MLP,2013-12-18 12:20:00,3527.2244,3034.9644
5161,MLP,2013-12-18 12:30:00,3725.421,3238.4778
5161,MLP,2013-12-18 12:40:00,3822.5183,3445.33
5161,MLP,2013-12-18 12:50:00,3866.7158,3719.1838
5161,MLP,2013-12-18 13:00:00,3877.3699,3777.155
5161,MLP,2013-12-18 13:10:00,3581.2974,3869.974
5161,MLP,2013-12-18 13:20:00,3756.3367,3809.558
5161,MLP,2013-12-18 13:30:00,3436.1636,3825.9836
5161,MLP,2013-12-18 13:40:00,3591.0415,3667.363
5161,MLP,2013-12-18 13:50:00,3316.7224,3687.9556
5161,MLP,2013-12-18 14:00:00,3167.509,3524.6953
5161,MLP,2013-12-18 14:10:00,3138.919,3419.9116
5161,MLP,2013-12-18 14:20:00,3047.273,3291.9421
5161,MLP,2013-12-18 14:30:00,3150.5264,3165.4382
5161,MLP,2013-12-18 14:40:00,2938.9463,3052.5742
5161,MLP,2013-12-18 14:50:00,3039.379,2935.66
5161,MLP,2013-12-18 15:00:00,3118.2083,2903.9478
5161,MLP,2013-12-18 15:10:00,3213.4922,2887.9275
5161,MLP,2013-12-18 15:20:00,3012.9036,2958.7795
5161,MLP,2013-12-18 15:30:00,2953.8875,2949.101
5161,MLP,2013-12-18 15:40:00,2920.7847,2928.4734
5161,MLP,2013-12-18 15:50:00,2932.362,2825.4297
5161,MLP,2013-12-18 16:00:00,3075.2095,2805.7417
5161,MLP,2013-12-18 16:10:00,3023.2144,2852.0078
5161,MLP,2013-12-18 16:20:00,2955.8096,2842.0447
5161,MLP,2013-12-18 16:30:00,2909.414,2889.1885
5161,MLP,2013-12-18 16:40:00,2701.2969,2763.7603
5161,MLP,2013-12-18 16:50:00,2824.2446,2741.7268
5161,MLP,2013-12-18 17:00:00,2610.1592,2701.1162
5161,MLP,2013-12-18 17:10:00,2438.9463,2619.7847
5161,MLP,2013-12-18 17:20:00,2638.442,2467.7458
5161,MLP,2013-12-18 17:30:00,2572.8606,2457.4805
5161,MLP,2013-12-18 17:40:00,2564.8267,2424.9768
5161,MLP,2013-12-18 17:50:00,2356.0193,2387.1365
5161,MLP,2013-12-18 18:00:00,2361.8774,2326.3442
5161,MLP,2013-12-18 18:10:00,2249.49,2256.066
5161,MLP,2013-12-18 18:20:00,2056.9507,2209.878
5161,MLP,2013-12-18 18:30:00,2078.2659,2060.8662
5161,MLP,2013-12-18 18:40:00,2282.8704,2005.5433
5161,MLP,2013-12-18 18:50:00,2069.832,2049.7227
5161,MLP,2013-12-18 19:00:00,1856.3398,1946.2754
5161,MLP,2013-12-18 19:10:00,1593.6848,1875.2246
5161,MLP,2013-12-18 19:20:00,1380.7185,1700.5105
5161,MLP,2013-12-18 19:30:00,1368.4242,1486.3436
5161,MLP,2013-12-18 19:40:00,1136.7921,1353.4197
5161,MLP,2013-12-18 19:50:00,1057.0448,1152.428
5161,MLP,2013-12-18 20:00:00,952.5083,1093.7468
5161,MLP,2013-12-18 20:10:00,885.5504,972.1489
5161,MLP,2013-12-18 20:20:00,945.30396,881.3362
5161,MLP,2013-12-18 20:30:00,955.2644,827.9939
5161,MLP,2013-12-18 20:40:00,908.50287,824.7279
5161,MLP,2013-12-18 20:50:00,948.1962,818.7506
5161,MLP,2013-12-18 21:00:00,824.9544,860.5872
5161,MLP,2013-12-18 21:10:00,795.2902,846.9585
5161,MLP,2013-12-18 21:20:00,611.88983,785.98065
5161,MLP,2013-12-18 21:30:00,578.9331,732.5436
5161,MLP,2013-12-18 21:40:00,579.75836,677.7044
5161,MLP,2013-12-18 21:50:00,505.07068,654.31696
5161,MLP,2013-12-18 22:00:00,457.73096,599.89746
5161,MLP,2013-12-18 22:10:00,554.7294,511.65408
5161,MLP,2013-12-18 22:20:00,463.8495,485.53394
5161,MLP,2013-12-18 22:30:00,405.31705,407.97562
5161,MLP,2013-12-18 22:40:00,362.23328,359.27707
5161,MLP,2013-12-18 22:50:00,315.83978,334.6977
5161,MLP,2013-12-18 23:00:00,274.1597,320.9127
5161,MLP,2013-12-18 23:10:00,267.61264,297.3764
5161,MLP,2013-12-18 23:20:00,269.4348,251.07729
5161,MLP,2013-12-18 23:30:00,251.59937,252.94618
5161,MLP,2013-12-18 23:40:00,241.11076,241.66243
5161,MLP,2013-12-18 23:50:00,217.61388,216.51189
5161,MLP,2013-12-19 00:00:00,203.93837,225.078
5161,MLP,2013-12-19 00:10:00,204.19022,200.45175
5161,MLP,2013-12-19 00:20:00,169.83192,199.84717
5161,MLP,2013-12-19 00:30:00,162.9695,181.87056
5161,MLP,2013-12-19 00:40:00,188.53651,169.56403
5161,MLP,2013-12-19 00:50:00,145.82474,164.41211
5161,MLP,2013-12-19 01:00:00,147.1228,157.73686
5161,MLP,2013-12-19 01:10:00,160.85327,150.03844
5161,MLP,2013-12-19 01:20:00,167.06288,134.04922
5161,MLP,2013-12-19 01:30:00,144.11838,120.34621
5161,MLP,2013-12-19 01:40:00,168.72066,134.49382
5161,MLP,2013-12-19 01:50:00,163.0736,117.07621
5161,MLP,2013-12-19 02:00:00,140.6902,139.85277
5161,MLP,2013-12-19 02:10:00,169.9931,151.24866
5161,MLP,2013-12-19 02:20:00,146.30841,151.79884
5161,MLP,2013-12-19 02:30:00,139.73344,144.1062
5161,MLP,2013-12-19 02:40:00,157.53612,150.10828
5161,MLP,2013-12-19 02:50:00,149.2089,141.24918
5161,MLP,2013-12-19 03:00:00,137.03987,135.18872
5161,MLP,2013-12-19 03:10:00,161.42363,140.39836
5161,MLP,2013-12-19 03:20:00,149.15988,151.08566
5161,MLP,2013-12-19 03:30:00,137.69418,140.9727
5161,MLP,2013-12-19 03:40:00,167.33061,150.76575
5161,MLP,2013-12-19 03:50:00,163.06259,150.10124
5161,MLP,2013-12-19 04:00:00,148.12737,153.91222
5161,MLP,2013-12-19 04:10:00,192.28413,164.43633
5161,MLP,2013-12-19 04:20:00,164.71341,161.42738
5161,MLP,2013-12-19 04:30:00,144.27452,169.60805
5161,MLP,2013-12-19 04:40:00,199.8322,164.82797
5161,MLP,2013-12-19 04:50:00,156.3342,175.42377
5161,MLP,2013-12-19 05:00:00,143.32224,157.51505
5161,MLP,2013-12-19 05:10:00,201.51146,171.56018
5161,MLP,2013-12-19 05:20:00,182.49237,175.54192
5161,MLP,2013-12-19 05:30:00,133.89032,166.99754
5161,MLP,2013-12-19 05:40:00,189.73953,179.6035
5161,MLP,2013-12-19 05:50:00,187.93494,177.95323
5161,MLP,2013-12-19 06:00:00,209.46092,168.37172
5161,MLP,2013-12-19 06:10:00,197.42627,197.84515
5161,MLP,2013-12-19 06:20:00,212.6369,203.63843
5161,MLP,2013-12-19 06:30:00,216.06082,208.37474
5161,MLP,2013-12-19 06:40:00,261.43173,215.8577
5161,MLP,2013-12-19 06:50:00,296.271,237.20532
5161,MLP,2013-12-19 07:00:00,342.76184,264.8702
5161,MLP,2013-12-19 07:10:00,346.69257,311.46057
5161,MLP,2013-12-19 07:20:00,422.2298,349.47516
5161,MLP,2013-12-19 07:30:00,488.46075,396.1074
5161,MLP,2013-12-19 07:40:00,604.7331,471.3576
5161,MLP,2013-12-19 07:50:00,607.37067,582.2977
5161,MLP,2013-12-19 08:00:00,717.09607,674.12286
5161,MLP,2013-12-19 08:10:00,744.41266,764.58044
5161,MLP,2013-12-19 08:20:00,885.86914,834.7759
5161,MLP,2013-12-19 08:30:00,956.97504,939.4564
5161,MLP,2013-12-19 08:40:00,974.42224,1036.2548
5161,MLP,2013-12-19 08:50:00,1099.8969,1113.0747
5161,MLP,2013-12-19 09:00:00,1223.0265,1210.4169
5161,MLP,2013-12-19 09:10:00,1343.774,1308.908
5161,MLP,2013-12-19 09:20:00,1372.3713,1430.0442
5161,MLP,2013-12-19 09:30:00,1541.0254,1518.5173
5161,MLP,2013-12-19 09:40:00,1538.6102,1640.364
5161,MLP,2013-12-19 09:50:00,1767.8145,1683.2603
5161,MLP,2013-12-19 10:00:00,1720.5001,1831.5182
5161,MLP,2013-12-19 10:10:00,1655.2976,1847.5883
5161,MLP,2013-12-19 10:20:00,1764.8962,1876.008
5161,MLP,2013-12-19 10:30:00,1819.6342,1908.9631
5161,MLP,2013-12-19 10:40:00,2052.6956,1905.0017
5161,MLP,2013-12-19 10:50:00,2101.9968,2040.0973
5161,MLP,2013-12-19 11:00:00,2135.1353,2142.5146
5161,MLP,2013-12-19 11:10:00,2269.4614,2208.3845
5161,MLP,2013-12-19 11:20:00,2298.473,2292.5398
5161,MLP,2013-12-19 11:30:00,2442.7434,2330.675
5161,MLP,2013-12-19 11:40:00,2534.7808,2433.141
5161,MLP,2013-12-19 11:50:00,2562.879,2550.1094
5161,MLP,2013-12-19 12:00:00,2649.3838,2615.1365
5161,MLP,2013-12-19 12:10:00,3079.7336,2728.0186
5161,MLP,2013-12-19 12:20:00,2879.3525,2899.6023
5161,MLP,2013-12-19 12:30:00,3051.9824,2921.433
5161,MLP,2013-12-19 12:40:00,3203.688,3095.2502
5161,MLP,2013-12-19 12:50:00,3184.9202,3115.9727
5161,MLP,2013-12-19 13:00:00,3255.8198,3200.5679
5161,MLP,2013-12-19 13:10:00,3134.402,3267.1174
5161,MLP,2013-12-19 13:20:00,3258.1519,3220.2966
5161,MLP,2013-12-19 13:30:00,3144.569,3284.2922
5161,MLP,2013-12-19 13:40:00,3201.7524,3249.1494
5161,MLP,2013-12-19 13:50:00,2828.0125,3213.6462
5161,MLP,2013-12-19 14:00:00,3105.1987,3062.304
5161,MLP,2013-12-19 14:10:00,2825.0269,3144.4932
5161,MLP,2013-12-19 14:20:00,2680.8604,2922.9954
5161,MLP,2013-12-19 14:30:00,2901.1643,2819.2788
5161,MLP,2013-12-19 14:40:00,2752.3262,2811.1003
5161,MLP,2013-12-19 14:50:00,2739.1606,2731.3179
5161,MLP,2013-12-19 15:00:00,2807.927,2659.5222
5161,MLP,2013-12-19 15:10:00,2584.6472,2625.1033
5161,MLP,2013-12-19 15:20:00,2495.2998,2542.4734
5161,MLP,2013-12-19 15:30:00,2745.7068,2493.7825
5161,MLP,2013-12-19 15:40:00,2450.8027,2530.118
5161,MLP,2013-12-19 15:50:00,2718.5146,2363.5676
5161,MLP,2013-12-19 16:00:00,2651.8245,2521.0586
5161,MLP,2013-12-19 16:10:00,2449.5356,2476.3425
5161,MLP,2013-12-19 16:20:00,2364.177,2385.2644
5161,MLP,2013-12-19 16:30:00,2622.1045,2382.5203
5161,MLP,2013-12-19 16:40:00,2355.841,2394.4575
5161,MLP,2013-12-19 16:50:00,2382.0017,2347.5872
5161,MLP,2013-12-19 17:00:00,2420.4246,2304.9734
5161,MLP,2013-12-19 17:10:00,2299.2363,2326.604
5161,MLP,2013-12-19 17:20:00,2240.3677,2205.3396
5161,MLP,2013-12-19 17:30:00,2492.787,2213.6543
5161,MLP,2013-12-19 17:40:00,2202.0068,2263.9001
5161,MLP,2013-12-19 17:50:00,2133.3738,2167.0386
5161,MLP,2013-12-19 18:00:00,2326.3213,2168.4646
5161,MLP,2013-12-19 18:10:00,1970.2568,2165.349
5161,MLP,2013-12-19 18:20:00,1808.8307,1981.0205
5161,MLP,2013-12-19 18:30:00,1778.7732,1942.4215
5161,MLP,2013-12-19 18:40:00,1635.7878,1809.4812
5161,MLP,2013-12-19 18:50:00,1787.2637,1637.5955
5161,MLP,2013-12-19 19:00:00,1440.8885,1694.9706
5161,MLP,2013-12-19 19:10:00,1445.5645,1488.1017
5161,MLP,2013-12-19 19:20:00,1165.559,1376.6356
5161,MLP,2013-12-19 19:30:00,983.61755,1235.4387
5161,MLP,2013-12-19 19:40:00,1067.5725,1097.912
5161,MLP,2013-12-19 19:50:00,1064.6183,987.1246
5161,MLP,2013-12-19 20:00:00,953.12775,949.6378
5161,MLP,2013-12-19 20:10:00,991.1119,931.86786
5161,MLP,2013-12-19 20:20:00,837.1152,785.70917
5161,MLP,2013-12-19 20:30:00,743.8279,817.93756
5161,MLP,2013-12-19 20:40:00,719.13165,749.5905
5161,MLP,2013-12-19 20:50:00,640.9126,750.8684
5161,MLP,2013-12-19 21:00:00,713.2597,757.37427
5161,MLP,2013-12-19 21:10:00,645.8009,766.6683
5161,MLP,2013-12-19 21:20:00,572.8274,679.3909
5161,MLP,2013-12-19 21:30:00,602.1083,590.421
5161,MLP,2013-12-19 21:40:00,612.77606,578.99677
5161,MLP,2013-12-19 21:50:00,511.62842,500.6471
5161,MLP,2013-12-19 22:00:00,441.11316,475.03943
5161,MLP,2013-12-19 22:10:00,420.68936,458.49268
5161,MLP,2013-12-19 22:20:00,422.76392,436.72458
5161,MLP,2013-12-19 22:30:00,424.8138,360.81058
5161,MLP,2013-12-19 22:40:00,384.16812,344.88632
5161,MLP,2013-12-19 22:50:00,292.0899,307.48376
5161,MLP,2013-12-19 23:00:00,320.85486,292.82855
5161,MLP,2013-12-19 23:10:00,295.0888,261.59137
5161,MLP,2013-12-19 23:20:00,295.93073,272.21475
5161,MLP,2013-12-19 23:30:00,256.09354,248.5808
5161,MLP,2013-12-19 23:40:00,206.02028,232.73482
5161,MLP,2013-12-19 23:50:00,217.92496,218.26054
5161,MLP,2013-12-20 00:00:00,242.26108,180.1582
5161,MLP,2013-12-20 00:10:00,174.30728,200.94518
5161,MLP,2013-12-20 00:20:00,178.3625,192.96759
5161,MLP,2013-12-20 00:30:00,175.14632,182.99675
5161,MLP,2013-12-20 00:40:00,152.33878,177.78117
5161,MLP,2013-12-20 00:50:00,180.40874,153.38269
5161,MLP,2013-12-20 01:00:00,171.04825,161.77803
5161,MLP,2013-12-20 01:10:00,161.85028,148.44586
5161,MLP,2013-12-20 01:20:00,185.78027,140.59769
5161,MLP,2013-12-20 01:30:00,189.96631,141.67323
5161,MLP,2013-12-20 01:40:00,159.52864,151.61859
5161,MLP,2013-12-20 01:50:00,174.6532,152.0187
5161,MLP,2013-12-20 02:00:00,173.67648,154.91943
5161,MLP,2013-12-20 02:10:00,210.40674,150.26967
5161,MLP,2013-12-20 02:20:00,215.73897,169.74144
5161,MLP,2013-12-20 02:30:00,178.25208,192.94043
5161,MLP,2013-12-20 02:40:00,188.90144,177.66518
5161,MLP,2013-12-20 02:50:00,167.10315,185.18228
5161,MLP,2013-12-20 03:00:00,169.19829,168.0601
5161,MLP,2013-12-20 03:10:00,178.6727,174.3341
5161,MLP,2013-12-20 03:20:00,154.45125,176.8356
5161,MLP,2013-12-20 03:30:00,164.45602,168.62512
5161,MLP,2013-12-20 03:40:00,150.4502,160.44698
5161,MLP,2013-12-20 03:50:00,157.78348,167.17258
5161,MLP,2013-12-20 04:00:00,150.87732,157.09544
5161,MLP,2013-12-20 04:10:00,154.2366,159.4792
5161,MLP,2013-12-20 04:20:00,181.19868,153.54982
5161,MLP,2013-12-20 04:30:00,191.88644,155.8756
5161,MLP,2013-12-20 04:40:00,183.43315,166.67476
5161,MLP,2013-12-20 04:50:00,154.46097,175.21638
5161,MLP,2013-12-20 05:00:00,191.37866,175.55603
5161,MLP,2013-12-20 05:10:00,142.15965,171.23988
5161,MLP,2013-12-20 05:20:00,163.77124,166.93623
5161,MLP,2013-12-20 05:30:00,186.41087,162.68626
5161,MLP,2013-12-20 05:40:00,174.1565,161.03027
5161,MLP,2013-12-20 05:50:00,208.78217,165.97372
5161,MLP,2013-12-20 06:00:00,232.60472,179.62903
5161,MLP,2013-12-20 06:10:00,239.04327,201.39278
5161,MLP,2013-12-20 06:20:00,270.35873,216.06776
5161,MLP,2013-12-20 06:30:00,315.4997,249.81274
5161,MLP,2013-12-20 06:40:00,319.71826,284.7741
5161,MLP,2013-12-20 06:50:00,377.85233,304.31378
5161,MLP,2013-12-20 07:00:00,352.55075,375.29715
5161,MLP,2013-12-20 07:10:00,383.3799,374.2502
5161,MLP,2013-12-20 07:20:00,457.79135,425.77444
5161,MLP,2013-12-20 07:30:00,519.1235,464.27646
5161,MLP,2013-12-20 07:40:00,592.0156,536.28314
5161,MLP,2013-12-20 07:50:00,682.51196,629.9094
5161,MLP,2013-12-20 08:00:00,815.2566,716.0893
5161,MLP,2013-12-20 08:10:00,893.1666,831.753
5161,MLP,2013-12-20 08:20:00,951.8006,934.12354
5161,MLP,2013-12-20 08:30:00,889.6657,1037.6693
5161,MLP,2013-12-20 08:40:00,1044.0208,1068.0391
5161,MLP,2013-12-20 08:50:00,1141.5233,1159.7063
5161,MLP,2013-12-20 09:00:00,1331.022,1226.6755
5161,MLP,2013-12-20 09:10:00,1221.182,1387.5048
5161,MLP,2013-12-20 09:20:00,1363.3949,1424.822
5161,MLP,2013-12-20 09:30:00,1549.3873,1504.8531
5161,MLP,2013-12-20 09:40:00,1544.8607,1581.0911
5161,MLP,2013-12-20 09:50:00,1697.7924,1627.1957
5161,MLP,2013-12-20 10:00:00,1738.7125,1774.6948
5161,MLP,2013-12-20 10:10:00,1758.3699,1816.9429
5161,MLP,2013-12-20 10:20:00,1717.3818,1880.31
5161,MLP,2013-12-20 10:30:00,2046.7505,1906.2313
5161,MLP,2013-12-20 10:40:00,1989.8289,1991.0879
5161,MLP,2013-12-20 10:50:00,2381.0547,2056.4766
5161,MLP,2013-12-20 11:00:00,2271.2346,2299.5417
5161,MLP,2013-12-20 11:10:00,2400.4788,2299.9844
5161,MLP,2013-12-20 11:20:00,2226.8408,2450.5369
5161,MLP,2013-12-20 11:30:00,2358.4517,2441.4492
5161,MLP,2013-12-20 11:40:00,2492.564,2419.5122
5161,MLP,2013-12-20 11:50:00,2654.9883,2488.5806
5161,MLP,2013-12-20 12:00:00,2834.7441,2637.9226
5161,MLP,2013-12-20 12:10:00,2796.3367,2794.5725
5161,MLP,2013-12-20 12:20:00,3057.3894,2832.9067
5161,MLP,2013-12-20 12:30:00,3188.3403,2951.2708
5161,MLP,2013-12-20 12:40:00,3221.681,3060.55
5161,MLP,2013-12-20 12:50:00,3524.6064,3153.064
5161,MLP,2013-12-20 13:00:00,3223.6047,3397.1123
5161,MLP,2013-12-20 13:10:00,3420.8806,3363.9944
5161,MLP,2013-12-20 13:20:00,3430.3384,3427.8103
5161,MLP,2013-12-20 13:30:00,3298.1099,3446.219
5161,MLP,2013-12-20 13:40:00,3026.8647,3404.3135
5161,MLP,2013-12-20 13:50:00,3372.5327,3272.2485
5161,MLP,2013-12-20 14:00:00,3101.176,3380.1304
5161,MLP,2013-12-20 14:10:00,3045.3306,3183.33
5161,MLP,2013-12-20 14:20:00,3055.932,3215.4033
5161,MLP,2013-12-20 14:30:00,2986.7651,3044.9456
5161,MLP,2013-12-20 14:40:00,3136.2236,2999.8743
5161,MLP,2013-12-20 14:50:00,3131.0835,2986.906
5161,MLP,2013-12-20 15:00:00,3260.1055,2946.8098
5161,MLP,2013-12-20 15:10:00,3274.4448,3043.83
5161,MLP,2013-12-20 15:20:00,3278.2551,3121.3083
5161,MLP,2013-12-20 15:30:00,3278.9111,3122.357
5161,MLP,2013-12-20 15:40:00,3529.7249,3104.525
5161,MLP,2013-12-20 15:50:00,3394.1943,3308.714
5161,MLP,2013-12-20 16:00:00,3234.207,3307.5166
5161,MLP,2013-12-20 16:10:00,3389.9429,3225.5542
5161,MLP,2013-12-20 16:20:00,3076.8206,3304.6426
5161,MLP,2013-12-20 16:30:00,3169.0256,3140.1572
5161,MLP,2013-12-20 16:40:00,3152.8132,3140.6582
5161,MLP,2013-12-20 16:50:00,2945.257,3045.9912
5161,MLP,2013-12-20 17:00:00,2751.2407,2988.6738
5161,MLP,2013-12-20 17:10:00,2526.0862,2785.9907
5161,MLP,2013-12-20 17:20:00,2513.12,2611.1914
5161,MLP,2013-12-20 17:30:00,2452.489,2490.4338
5161,MLP,2013-12-20 17:40:00,2226.295,2358.5964
5161,MLP,2013-12-20 17:50:00,2231.8542,2208.1233
5161,MLP,2013-12-20 18:00:00,2045.1724,2107.4333
5161,MLP,2013-12-20 18:10:00,1932.1818,1969.4001
5161,MLP,2013-12-20 18:20:00,1809.0939,1843.3815
5161,MLP,2013-12-20 18:30:00,1682.2748,1699.5428
5161,MLP,2013-12-20 18:40:00,1658.5394,1550.0723
5161,MLP,2013-12-20 18:50:00,1627.1318,1511.3386
5161,MLP,2013-12-20 19:00:00,1571.7871,1376.9631
5161,MLP,2013-12-20 19:10:00,1417.9408,1356.5668
5161,MLP,2013-12-20 19:20:00,1296.3013,1300.8861
5161,MLP,2013-12-20 19:30:00,1142.2091,1153.9441
5161,MLP,2013-12-20 19:40:00,1166.7402,1121.4657
5161,MLP,2013-12-20 19:50:00,1058.7,1124.4033
5161,MLP,2013-12-20 20:00:00,881.5584,1052.1768
5161,MLP,2013-12-20 20:10:00,897.3151,993.33167
5161,MLP,2013-12-20 20:20:00,777.0237,905.4168
5161,MLP,2013-12-20 20:30:00,764.11475,830.1914
5161,MLP,2013-12-20 20:40:00,716.72864,784.50696
5161,MLP,2013-12-20 20:50:00,641.44116,745.25433
5161,MLP,2013-12-20 21:00:00,796.38336,723.30695
5161,MLP,2013-12-20 21:10:00,612.7666,684.7933
5161,MLP,2013-12-20 21:20:00,640.7963,662.6061
5161,MLP,2013-12-20 21:30:00,594.87897,597.50714
5161,MLP,2013-12-20 21:40:00,603.3621,570.6778
5161,MLP,2013-12-20 21:50:00,514.1577,560.05176
5161,MLP,2013-12-20 22:00:00,460.33044,495.41064
5161,MLP,2013-12-20 22:10:00,372.4422,494.8681
5161,MLP,2013-12-20 22:20:00,336.6107,410.60147
5161,MLP,2013-12-20 22:30:00,280.37225,356.92175
5161,MLP,2013-12-20 22:40:00,322.41583,305.9654
5161,MLP,2013-12-20 22:50:00,283.0952,268.46762
5161,MLP,2013-12-20 23:00:00,408.79404,284.47943
5161,MLP,2013-12-20 23:10:00,251.38525,244.73459
5161,MLP,2013-12-20 23:20:00,240.89424,259.8187
5161,MLP,2013-12-20 23:30:00,218.96947,205.45233
5161,MLP,2013-12-20 23:40:00,215.77422,215.53052
5161,MLP,2013-12-20 23:50:00,185.72182,226.65051
5161,MLP,2013-12-21 00:00:00,219.38432,189.74696
5161,MLP,2013-12-21 00:10:00,211.29134,217.42548
5161,MLP,2013-12-21 00:20:00,178.29422,181.12129
5161,MLP,2013-12-21 00:30:00,155.89795,185.88164
5161,MLP,2013-12-21 00:40:00,151.62741,157.2191
5161,MLP,2013-12-21 00:50:00,149.15114,137.97156
5161,MLP,2013-12-21 01:00:00,150.27457,151.62224
5161,MLP,2013-12-21 01:10:00,152.6425,124.37161
5161,MLP,2013-12-21 01:20:00,146.2899,132.52435
5161,MLP,2013-12-21 01:30:00,124.0086,125.05551
5161,MLP,2013-12-21 01:40:00,140.75584,147.11096
5161,MLP,2013-12-21 01:50:00,125.731995,133.4925
5161,MLP,2013-12-21 02:00:00,123.58931,117.52735
5161,MLP,2013-12-21 02:10:00,146.92789,129.24454
5161,MLP,2013-12-21 02:20:00,124.38356,101.054825
5161,MLP,2013-12-21 02:30:00,133.63643,121.99005
5161,MLP,2013-12-21 02:40:00,151.0685,99.02184
5161,MLP,2013-12-21 02:50:00,124.377426,148.80109
5161,MLP,2013-12-21 03:00:00,127.7924,132.76282
5161,MLP,2013-12-21 03:10:00,139.45918,134.27338
5161,MLP,2013-12-21 03:20:00,113.931465,124.52309
5161,MLP,2013-12-21 03:30:00,122.52346,124.92064
5161,MLP,2013-12-21 03:40:00,140.0016,126.51948
5161,MLP,2013-12-21 03:50:00,114.012665,124.80812
5161,MLP,2013-12-21 04:00:00,134.51648,131.98381
5161,MLP,2013-12-21 04:10:00,143.63506,138.57112
5161,MLP,2013-12-21 04:20:00,108.21252,130.74312
5161,MLP,2013-12-21 04:30:00,125.435524,128.31471
5161,MLP,2013-12-21 04:40:00,124.962494,131.40529
5161,MLP,2013-12-21 04:50:00,126.73486,126.08686
5161,MLP,2013-12-21 05:00:00,122.21121,128.1531
5161,MLP,2013-12-21 05:10:00,121.18922,137.37128
5161,MLP,2013-12-21 05:20:00,108.15403,124.71824
5161,MLP,2013-12-21 05:30:00,142.08627,123.37052
5161,MLP,2013-12-21 05:40:00,152.99304,132.64201
5161,MLP,2013-12-21 05:50:00,118.656975,128.14708
5161,MLP,2013-12-21 06:00:00,147.33125,135.2684
5161,MLP,2013-12-21 06:10:00,190.5125,141.5827
5161,MLP,2013-12-21 06:20:00,157.04753,145.65118
5161,MLP,2013-12-21 06:30:00,164.99596,159.11261
5161,MLP,2013-12-21 06:40:00,186.3249,166.6824
5161,MLP,2013-12-21 06:50:00,186.68721,172.94327
5161,MLP,2013-12-21 07:00:00,205.55937,176.30061
5161,MLP,2013-12-21 07:10:00,196.1886,197.88976
5161,MLP,2013-12-21 07:20:00,191.43243,194.18553
5161,MLP,2013-12-21 07:30:00,309.6655,204.47182
5161,MLP,2013-12-21 07:40:00,279.31418,246.80974
5161,MLP,2013-12-21 07:50:00,268.88684,260.83725
5161,MLP,2013-12-21 08:00:00,373.03027,296.66205
5161,MLP,2013-12-21 08:10:00,390.93954,340.61633
5161,MLP,2013-12-21 08:20:00,502.57407,369.56165
5161,MLP,2013-12-21 08:30:00,582.16016,472.174
5161,MLP,2013-12-21 08:40:00,601.16113,576.2884
5161,MLP,2013-12-21 08:50:00,754.68195,656.86884
5161,MLP,2013-12-21 09:00:00,991.0584,790.2495
5161,MLP,2013-12-21 09:10:00,1191.5289,932.38617
5161,MLP,2013-12-21 09:20:00,1183.1973,1142.4851
5161,MLP,2013-12-21 09:30:00,1464.5922,1314.2992
5161,MLP,2013-12-21 09:40:00,1627.2997,1507.4225
5161,MLP,2013-12-21 09:50:00,1823.7963,1667.6001
5161,MLP,2013-12-21 10:00:00,1806.946,1907.43
5161,MLP,2013-12-21 10:10:00,2013.1069,2005.3865
5161,MLP,2013-12-21 10:20:00,2429.8337,2168.2356
5161,MLP,2013-12-21 10:30:00,2454.5312,2365.1367
5161,MLP,2013-12-21 10:40:00,2610.0925,2534.1636
5161,MLP,2013-12-21 10:50:00,3039.9407,2715.4663
5161,MLP,2013-12-21 11:00:00,3289.7625,2937.9658
5161,MLP,2013-12-21 11:10:00,3277.9907,3140.7458
5161,MLP,2013-12-21 11:20:00,3280.9685,3320.2847
5161,MLP,2013-12-21 11:30:00,3712.048,3422.7214
5161,MLP,2013-12-21 11:40:00,3323.208,3563.058
5161,MLP,2013-12-21 11:50:00,3579.2656,3497.5466
5161,MLP,2013-12-21 12:00:00,3672.2627,3616.0232
5161,MLP,2013-12-21 12:10:00,3719.9592,3632.4475
5161,MLP,2013-12-21 12:20:00,3381.267,3834.459
5161,MLP,2013-12-21 12:30:00,3742.5396,3770.1187
5161,MLP,2013-12-21 12:40:00,3613.5344,3796.0532
5161,MLP,2013-12-21 12:50:00,3626.5444,3737.1685
5161,MLP,2013-12-21 13:00:00,3952.7932,3913.881
5161,MLP,2013-12-21 13:10:00,4221.1035,3810.426
5161,MLP,2013-12-21 13:20:00,4256.292,3967.066
5161,MLP,2013-12-21 13:30:00,4343.9814,4205.0127
5161,MLP,2013-12-21 13:40:00,4247.0474,4242.252
5161,MLP,2013-12-21 13:50:00,4482.817,4184.2646
5161,MLP,2013-12-21 14:00:00,4332.155,4399.7324
5161,MLP,2013-12-21 14:10:00,4579.6787,4358.052
5161,MLP,2013-12-21 14:20:00,4600.0444,4423.592
5161,MLP,2013-12-21 14:30:00,4888.6743,4524.928
5161,MLP,2013-12-21 14:40:00,4814.1216,4677.109
5161,MLP,2013-12-21 14:50:00,5115.5303,4622.257
5161,MLP,2013-12-21 15:00:00,4931.132,4889.6353
5161,MLP,2013-12-21 15:10:00,5197.4214,4849.7026
5161,MLP,2013-12-21 15:20:00,5152.1006,5017.733
5161,MLP,2013-12-21 15:30:00,5161.938,4990.137
5161,MLP,2013-12-21 15:40:00,5238.3193,5100.4414
5161,MLP,2013-12-21 15:50:00,5195.2695,5084.6387
5161,MLP,2013-12-21 16:00:00,5096.8105,5099.538
5161,MLP,2013-12-21 16:10:00,4723.406,5077.8394
5161,MLP,2013-12-21 16:20:00,4707.66,4886.145
5161,MLP,2013-12-21 16:30:00,4619.0444,4780.043
5161,MLP,2013-12-21 16:40:00,4474.9863,4627.6772
5161,MLP,2013-12-21 16:50:00,4293.826,4430.2573
5161,MLP,2013-12-21 17:00:00,4229.715,4236.37
5161,MLP,2013-12-21 17:10:00,3847.8635,4078.3416
5161,MLP,2013-12-21 17:20:00,3759.3162,3819.3337
5161,MLP,2013-12-21 17:30:00,3328.4038,3612.7888
5161,MLP,2013-12-21 17:40:00,3298.8416,3319.0393
5161,MLP,2013-12-21 17:50:00,3376.934,3150.7563
5161,MLP,2013-12-21 18:00:00,3115.2852,3056.539
5161,MLP,2013-12-21 18:10:00,2839.4736,2789.9458
5161,MLP,2013-12-21 18:20:00,2628.2603,2694.1719
5161,MLP,2013-12-21 18:30:00,2649.7197,2407.1213
5161,MLP,2013-12-21 18:40:00,2409.6824,2296.035
5161,MLP,2013-12-21 18:50:00,2318.0325,2107.4946
5161,MLP,2013-12-21 19:00:00,2096.1624,2044.4263
5161,MLP,2013-12-21 19:10:00,1898.765,1911.0775
5161,MLP,2013-12-21 19:20:00,1636.9043,1769.5887
5161,MLP,2013-12-21 19:30:00,1420.6627,1642.1842
5161,MLP,2013-12-21 19:40:00,1195.5848,1486.6215
5161,MLP,2013-12-21 19:50:00,1291.7339,1442.5088
5161,MLP,2013-12-21 20:00:00,1121.3544,1382.8805
5161,MLP,2013-12-21 20:10:00,1123.2998,1323.0726
5161,MLP,2013-12-21 20:20:00,1009.4166,1245.1678
5161,MLP,2013-12-21 20:30:00,1009.5737,1208.0034
5161,MLP,2013-12-21 20:40:00,845.9599,1083.9374
5161,MLP,2013-12-21 20:50:00,824.4452,1036.951
5161,MLP,2013-12-21 21:00:00,1049.9863,1023.3091
5161,MLP,2013-12-21 21:10:00,899.4314,1001.6847
5161,MLP,2013-12-21 21:20:00,778.83716,1007.75616
5161,MLP,2013-12-21 21:30:00,784.3658,879.26166
5161,MLP,2013-12-21 21:40:00,847.26514,744.311
5161,MLP,2013-12-21 21:50:00,807.616,684.2708
5161,MLP,2013-12-21 22:00:00,717.5035,696.33417
5161,MLP,2013-12-21 22:10:00,554.8814,678.8156
5161,MLP,2013-12-21 22:20:00,431.04715,621.1693
5161,MLP,2013-12-21 22:30:00,450.61212,473.11328
5161,MLP,2013-12-21 22:40:00,378.2581,404.1193
5161,MLP,2013-12-21 22:50:00,413.04456,341.14774
5161,MLP,2013-12-21 23:00:00,416.8296,384.7678
5161,MLP,2013-12-21 23:10:00,471.00955,339.58844
5161,MLP,2013-12-21 23:20:00,364.3126,335.71692
5161,MLP,2013-12-21 23:30:00,317.07718,315.92764
5161,MLP,2013-12-21 23:40:00,296.8996,318.88293
5161,MLP,2013-12-21 23:50:00,202.74721,288.50668
5161,MLP,2013-12-22 00:00:00,218.88101,258.91107
5161,MLP,2013-12-22 00:10:00,220.17166,257.07425
5161,MLP,2013-12-22 00:20:00,203.0266,226.44136
5161,MLP,2013-12-22 00:30:00,209.5705,248.92737
5161,MLP,2013-12-22 00:40:00,187.73396,186.11534
5161,MLP,2013-12-22 00:50:00,179.95674,163.37177
5161,MLP,2013-12-22 01:00:00,176.40178,168.35371
5161,MLP,2013-12-22 01:10:00,158.61143,182.94579
5161,MLP,2013-12-22 01:20:00,179.7534,171.88045
5161,MLP,2013-12-22 01:30:00,155.42879,164.03549
5161,MLP,2013-12-22 01:40:00,161.61684,167.07741
5161,MLP,2013-12-22 01:50:00,163.42894,152.15346
5161,MLP,2013-12-22 02:00:00,154.28816,171.39859
5161,MLP,2013-12-22 02:10:00,142.01357,123.74807
5161,MLP,2013-12-22 02:20:00,155.68127,142.90675
5161,MLP,2013-12-22 02:30:00,147.15718,121.98494
5161,MLP,2013-12-22 02:40:00,156.03911,122.2156
5161,MLP,2013-12-22 02:50:00,151.39172,123.640175
5161,MLP,2013-12-22 03:00:00,144.24457,144.20773
5161,MLP,2013-12-22 03:10:00,145.34608,153.77959
5161,MLP,2013-12-22 03:20:00,149.29715,145.2278
5161,MLP,2013-12-22 03:30:00,156.20477,149.56633
5161,MLP,2013-12-22 03:40:00,148.22444,148.49258
5161,MLP,2013-12-22 03:50:00,137.28139,139.20976
5161,MLP,2013-12-22 04:00:00,175.68718,147.67345
5161,MLP,2013-12-22 04:10:00,188.8816,148.26575
5161,MLP,2013-12-22 04:20:00,153.52303,165.0779
5161,MLP,2013-12-22 04:30:00,166.23944,166.49599
5161,MLP,2013-12-22 04:40:00,139.73802,168.41928
5161,MLP,2013-12-22 04:50:00,167.06377,156.82341
5161,MLP,2013-12-22 05:00:00,157.21971,157.61629
5161,MLP,2013-12-22 05:10:00,191.82173,162.7617
5161,MLP,2013-12-22 05:20:00,174.44112,170.92397
5161,MLP,2013-12-22 05:30:00,181.11992,176.3487
5161,MLP,2013-12-22 05:40:00,198.58919,179.26189
5161,MLP,2013-12-22 05:50:00,175.94362,186.54063
5161,MLP,2013-12-22 06:00:00,185.95343,180.8288
5161,MLP,2013-12-22 06:10:00,169.4521,193.94304
5161,MLP,2013-12-22 06:20:00,143.36398,187.49635
5161,MLP,2013-12-22 06:30:00,193.89926,174.87456
5161,MLP,2013-12-22 06:40:00,184.47607,180.50322
5161,MLP,2013-12-22 06:50:00,240.31914,189.02846
5161,MLP,2013-12-22 07:00:00,326.52258,197.64494
5161,MLP,2013-12-22 07:10:00,215.69339,260.71634
5161,MLP,2013-12-22 07:20:00,260.60254,244.08063
5161,MLP,2013-12-22 07:30:00,264.78928,283.01297
5161,MLP,2013-12-22 07:40:00,250.56296,264.15735
5161,MLP,2013-12-22 07:50:00,314.787,269.74796
5161,MLP,2013-12-22 08:00:00,313.99716,324.1402
5161,MLP,2013-12-22 08:10:00,307.73666,321.70316
5161,MLP,2013-12-22 08:20:00,368.32413,344.91245
5161,MLP,2013-12-22 08:30:00,479.69916,371.57153
5161,MLP,2013-12-22 08:40:00,485.3155,423.17206
5161,MLP,2013-12-22 08:50:00,637.48254,500.45343
5161,MLP,2013-12-22 09:00:00,769.5695,640.22906
5161,MLP,2013-12-22 09:10:00,1042.939,744.50916
5161,MLP,2013-12-22 09:20:00,1120.0114,959.85376
5161,MLP,2013-12-22 09:30:00,1506.1578,1111.0432
5161,MLP,2013-12-22 09:40:00,1612.749,1413.2195
5161,MLP,2013-12-22 09:50:00,1948.4683,1617.3009
5161,MLP,2013-12-22 10:00:00,1964.9064,1926.0356
5161,MLP,2013-12-22 10:10:00,2264.9587,2088.17
5161,MLP,2013-12-22 10:20:00,2556.0422,2307.4885
5161,MLP,2013-12-22 10:30:00,2781.1304,2498.536
5161,MLP,2013-12-22 10:40:00,2721.041,2746.4492
5161,MLP,2013-12-22 10:50:00,2945.836,2874.4077
5161,MLP,2013-12-22 11:00:00,3088.5342,3071.1602
5161,MLP,2013-12-22 11:10:00,3307.9297,3163.362
5161,MLP,2013-12-22 11:20:00,3401.1375,3301.3762
5161,MLP,2013-12-22 11:30:00,3480.9958,3398.286
5161,MLP,2013-12-22 11:40:00,3382.0596,3531.1714
5161,MLP,2013-12-22 11:50:00,3540.3796,3561.9653
5161,MLP,2013-12-22 12:00:00,3520.159,3610.2852
5161,MLP,2013-12-22 12:10:00,3635.4126,3613.6316
5161,MLP,2013-12-22 12:20:00,3604.9355,3776.549
5161,MLP,2013-12-22 12:30:00,3322.62,3787.5564
5161,MLP,2013-12-22 12:40:00,3709.6125,3755.3782
5161,MLP,2013-12-22 12:50:00,3698.953,3799.437
5161,MLP,2013-12-22 13:00:00,3807.0195,3812.5881
5161,MLP,2013-12-22 13:10:00,3881.282,3826.3618
5161,MLP,2013-12-22 13:20:00,4090.7815,3881.9106
5161,MLP,2013-12-22 13:30:00,4110.3506,3923.3977
5161,MLP,2013-12-22 13:40:00,4074.694,4024.2576
5161,MLP,2013-12-22 13:50:00,3939.6633,4027.682
5161,MLP,2013-12-22 14:00:00,4441.4775,3955.7852
5161,MLP,2013-12-22 14:10:00,4475.815,4194.152
5161,MLP,2013-12-22 14:20:00,4638.5596,4261.961
5161,MLP,2013-12-22 14:30:00,4911.654,4397.938
5161,MLP,2013-12-22 14:40:00,4693.617,4633.0566
5161,MLP,2013-12-22 14:50:00,4772.321,4613.367
5161,MLP,2013-12-22 15:00:00,4917.944,4711.29
5161,MLP,2013-12-22 15:10:00,5202.037,4763.654
5161,MLP,2013-12-22 15:20:00,5496.4404,4960.5786
5161,MLP,2013-12-22 15:30:00,5148.8115,5210.036
5161,MLP,2013-12-22 15:40:00,5170.4727,5055.6997
5161,MLP,2013-12-22 15:50:00,5197.569,5141.149
5161,MLP,2013-12-22 16:00:00,5111.876,5159.823
5161,MLP,2013-12-22 16:10:00,5203.0317,5078.8794
5161,MLP,2013-12-22 16:20:00,4704.4346,5141.4434
5161,MLP,2013-12-22 16:30:00,4574.6064,4908.334
5161,MLP,2013-12-22 16:40:00,4689.8677,4716.9478
5161,MLP,2013-12-22 16:50:00,4508.6577,4605.308
5161,MLP,2013-12-22 17:00:00,4076.4365,4371.6455
5161,MLP,2013-12-22 17:10:00,3945.8662,4208.03
5161,MLP,2013-12-22 17:20:00,3792.1099,3964.3108
5161,MLP,2013-12-22 17:30:00,3426.2136,3677.2485
5161,MLP,2013-12-22 17:40:00,3258.95,3439.8142
5161,MLP,2013-12-22 17:50:00,3132.6306,3141.466
5161,MLP,2013-12-22 18:00:00,2755.7332,2964.0247
5161,MLP,2013-12-22 18:10:00,2439.4658,2648.734
5161,MLP,2013-12-22 18:20:00,2133.372,2284.9531
5161,MLP,2013-12-22 18:30:00,1886.3403,2040.4773
5161,MLP,2013-12-22 18:40:00,1736.2622,1808.4034
5161,MLP,2013-12-22 18:50:00,1414.5424,1684.2062
5161,MLP,2013-12-22 19:00:00,1426.4116,1487.6576
5161,MLP,2013-12-22 19:10:00,1313.5432,1469.7157
5161,MLP,2013-12-22 19:20:00,1210.7015,1556.5365
5161,MLP,2013-12-22 19:30:00,1004.9643,1410.8387
5161,MLP,2013-12-22 19:40:00,878.2758,1379.0063
5161,MLP,2013-12-22 19:50:00,916.84094,1322.0093
5161,MLP,2013-12-22 20:00:00,756.34454,1274.15
5161,MLP,2013-12-22 20:10:00,573.801,1216.6494
5161,MLP,2013-12-22 20:20:00,561.53125,1085.0846
5161,MLP,2013-12-22 20:30:00,604.3314,917.231
5161,MLP,2013-12-22 20:40:00,415.27356,746.2377
5161,MLP,2013-12-22 20:50:00,512.7652,659.0874
5161,MLP,2013-12-22 21:00:00,696.9035,659.33984
5161,MLP,2013-12-22 21:10:00,547.44727,595.3108
5161,MLP,2013-12-22 21:20:00,431.0218,519.38513
5161,MLP,2013-12-22 21:30:00,381.1056,474.7077
5161,MLP,2013-12-22 21:40:00,402.65027,374.72516
5161,MLP,2013-12-22 21:50:00,363.70203,284.5994
5161,MLP,2013-12-22 22:00:00,364.70593,243.80518
5161,MLP,2013-12-22 22:10:00,293.6267,303.73633
5161,MLP,2013-12-22 22:20:00,271.79803,309.09695
5161,MLP,2013-12-22 22:30:00,254.00237,255.7424
5161,MLP,2013-12-22 22:40:00,280.6933,197.54958
5161,MLP,2013-12-22 22:50:00,230.58522,230.91461
5161,CNN,2013-12-16 04:00:00,210.14604,173.12286
5161,CNN,2013-12-16 04:10:00,205.14394,174.82416
5161,CNN,2013-12-16 04:20:00,189.92653,179.81197
5161,CNN,2013-12-16 04:30:00,202.23596,183.7974
5161,CNN,2013-12-16 04:40:00,209.58281,183.56418
5161,CNN,2013-12-16 04:50:00,187.69508,188.32788
5161,CNN,2013-12-16 05:00:00,199.13739,189.2929
5161,CNN,2013-12-16 05:10:00,207.1426,187.05327
5161,CNN,2013-12-16 05:20:00,193.52405,188.97343
5161,CNN,2013-12-16 05:30:00,233.35507,192.7697
5161,CNN,2013-12-16 05:40:00,318.2609,198.01001
5161,CNN,2013-12-16 05:50:00,289.03192,226.38397
5161,CNN,2013-12-16 06:00:00,270.34906,259.25015
5161,CNN,2013-12-16 06:10:00,247.3762,268.60587
5161,CNN,2013-12-16 06:20:00,269.4001,275.08633
5161,CNN,2013-12-16 06:30:00,277.7562,277.75693
5161,CNN,2013-12-16 06:40:00,299.50864,289.3075
5161,CNN,2013-12-16 06:50:00,318.23898,307.58432
5161,CNN,2013-12-16 07:00:00,395.32352,323.42932
5161,CNN,2013-12-16 07:10:00,432.19434,357.23224
5161,CNN,2013-12-16 07:20:00,419.68817,399.21365
5161,CNN,2013-12-16 07:30:00,572.12714,440.9719
5161,CNN,2013-12-16 07:40:00,695.29205,503.96634
5161,CNN,2013-12-16 07:50:00,704.80206,619.2831
5161,CNN,2013-12-16 08:00:00,789.2132,713.70514
5161,CNN,2013-12-16 08:10:00,869.79865,803.75476
5161,CNN,2013-12-16 08:20:00,834.4706,893.73694
5161,CNN,2013-12-16 08:30:00,946.5521,958.40436
5161,CNN,2013-12-16 08:40:00,943.60834,1017.90594
5161,CNN,2013-12-16 08:50:00,961.70447,1073.7551
5161,CNN,2013-12-16 09:00:00,1011.94965,1119.3439
5161,CNN,2013-12-16 09:10:00,947.59705,1135.1704
5161,CNN,2013-12-16 09:20:00,1048.656,1147.8241
5161,CNN,2013-12-16 09:30:00,1179.4794,1162.926
5161,CNN,2013-12-16 09:40:00,1383.9191,1210.091
5161,CNN,2013-12-16 09:50:00,1328.7418,1323.9592
5161,CNN,2013-12-16 10:00:00,1379.0597,1386.0872
5161,CNN,2013-12-16 10:10:00,1550.8689,1428.6545
5161,CNN,2013-12-16 10:20:00,1559.0098,1495.9849
5161,CNN,2013-12-16 10:30:00,1864.4413,1565.972
5161,CNN,2013-12-16 10:40:00,1848.016,1715.3448
5161,CNN,2013-12-16 10:50:00,1709.3956,1796.4785
5161,CNN,2013-12-16 11:00:00,1961.1587,1852.3762
5161,CNN,2013-12-16 11:10:00,2086.6458,1883.897
5161,CNN,2013-12-16 11:20:00,1910.0787,1998.505
5161,CNN,2013-12-16 11:30:00,2116.0876,2037.0939
5161,CNN,2013-12-16 11:40:00,2292.748,2076.42
5161,CNN,2013-12-16 11:50:00,2109.0095,2167.1697
5161,CNN,2013-12-16 12:00:00,2360.4446,2215.7363
5161,CNN,2013-12-16 12:10:00,2505.1448,2267.862
5161,CNN,2013-12-16 12:20:00,2585.238,2345.3142
5161,CNN,2013-12-16 12:30:00,2969.4912,2503.8657
5161,CNN,2013-12-16 12:40:00,3057.33,2663.658
5161,CNN,2013-12-16 12:50:00,2938.056,2822.11
5161,CNN,2013-12-16 13:00:00,2866.0698,2947.673
5161,CNN,2013-12-16 13:10:00,2798.73,2918.05
5161,CNN,2013-12-16 13:20:00,2803.0942,2928.225
5161,CNN,2013-12-16 13:30:00,2646.84,2912.928
5161,CNN,2013-12-16 13:40:00,2462.6577,2883.9067
5161,CNN,2013-12-16 13:50:00,2350.5298,2743.26
5161,CNN,2013-12-16 14:00:00,2328.2554,2632.3723
5161,CNN,2013-12-16 14:10:00,2480.486,2493.5845
5161,CNN,2013-12-16 14:20:00,2310.5579,2421.657
5161,CNN,2013-12-16 14:30:00,2615.6433,2370.5503
5161,CNN,2013-12-16 14:40:00,2538.4104,2369.1536
5161,CNN,2013-12-16 14:50:00,2448.4739,2355.8235
5161,CNN,2013-12-16 15:00:00,2772.0137,2336.9817
5161,CNN,2013-12-16 15:10:00,2690.5195,2373.7754
5161,CNN,2013-12-16 15:20:00,2592.648,2402.9438
5161,CNN,2013-12-16 15:30:00,2785.3909,2451.8035
5161,CNN,2013-12-16 15:40:00,2619.2585,2468.5068
5161,CNN,2013-12-16 15:50:00,2633.5862,2466.8152
5161,CNN,2013-12-16 16:00:00,2544.4758,2470.7712
5161,CNN,2013-12-16 16:10:00,2674.0369,2442.3076
5161,CNN,2013-12-16 16:20:00,2557.1147,2399.147
5161,CNN,2013-12-16 16:30:00,2391.7551,2441.5195
5161,CNN,2013-12-16 16:40:00,2553.3015,2384.485
5161,CNN,2013-12-16 16:50:00,2696.6912,2336.3562
5161,CNN,2013-12-16 17:00:00,2386.3591,2408.005
5161,CNN,2013-12-16 17:10:00,2363.5815,2386.072
5161,CNN,2013-12-16 17:20:00,2429.09,2293.7024
5161,CNN,2013-12-16 17:30:00,2416.3308,2297.9238
5161,CNN,2013-12-16 17:40:00,2332.4739,2288.118
5161,CNN,2013-12-16 17:50:00,2197.7908,2253.756
5161,CNN,2013-12-16 18:00:00,2127.2327,2180.4307
5161,CNN,2013-12-16 18:10:00,2131.437,2138.0364
5161,CNN,2013-12-16 18:20:00,1931.2819,2054.4707
5161,CNN,2013-12-16 18:30:00,1857.6206,1971.0792
5161,CNN,2013-12-16 18:40:00,1720.8193,1859.3008
5161,CNN,2013-12-16 18:50:00,1719.8895,1768.4937
5161,CNN,2013-12-16 19:00:00,1494.5803,1627.0345
5161,CNN,2013-12-16 19:10:00,1387.2498,1537.3484
5161,CNN,2013-12-16 19:20:00,1310.2694,1405.9614
5161,CNN,2013-12-16 19:30:00,1161.1025,1290.3561
5161,CNN,2013-12-16 19:40:00,1097.789,1173.146
5161,CNN,2013-12-16 19:50:00,1052.019,1088.5366
5161,CNN,2013-12-16 20:00:00,966.3625,999.46674
5161,CNN,2013-12-16 20:10:00,789.50476,933.85675
5161,CNN,2013-12-16 20:20:00,889.26215,848.01624
5161,CNN,2013-12-16 20:30:00,790.8689,763.701
5161,CNN,2013-12-16 20:40:00,795.4714,708.31433
5161,CNN,2013-12-16 20:50:00,769.1046,681.3594
5161,CNN,2013-12-16 21:00:00,695.05756,656.4472
5161,CNN,2013-12-16 21:10:00,614.00037,605.59576
5161,CNN,2013-12-16 21:20:00,642.0887,572.654
5161,CNN,2013-12-16 21:30:00,682.7367,529.60864
5161,CNN,2013-12-16 21:40:00,582.5713,525.7454
5161,CNN,2013-12-16 21:50:00,860.38293,510.20108
5161,CNN,2013-12-16 22:00:00,633.47144,552.1821
5161,CNN,2013-12-16 22:10:00,543.3787,546.839
5161,CNN,2013-12-16 22:20:00,597.4092,522.2629
5161,CNN,2013-12-16 22:30:00,610.5447,514.71875
5161,CNN,2013-12-16 22:40:00,333.73605,498.1122
5161,CNN,2013-12-16 22:50:00,394.09167,477.63898
5161,CNN,2013-12-16 23:00:00,417.16583,405.33734
5161,CNN,2013-12-16 23:10:00,311.1909,381.0573
5161,CNN,2013-12-16 23:20:00,445.8625,336.70416
5161,CNN,2013-12-16 23:30:00,342.1666,319.0688
5161,CNN,2013-12-16 23:40:00,318.08643,285.4204
5161,CNN,2013-12-16 23:50:00,304.5793,295.031
5161,CNN,2013-12-17 00:00:00,302.76498,277.64178
5161,CNN,2013-12-17 00:10:00,232.73166,261.9303
5161,CNN,2013-12-17 00:20:00,268.7748,254.15565
5161,CNN,2013-12-17 00:30:00,226.48288,243.26674
5161,CNN,2013-12-17 00:40:00,187.17807,229.5993
5161,CNN,2013-12-17 00:50:00,223.17186,219.78987
5161,CNN,2013-12-17 01:00:00,234.36075,209.9969
5161,CNN,2013-12-17 01:10:00,216.70508,188.85922
5161,CNN,2013-12-17 01:20:00,229.82294,195.85591
5161,CNN,2013-12-17 01:30:00,209.51703,199.29591
5161,CNN,2013-12-17 01:40:00,183.1384,188.88661
5161,CNN,2013-12-17 01:50:00,202.82635,181.40906
5161,CNN,2013-12-17 02:00:00,204.51138,175.26392
5161,CNN,2013-12-17 02:10:00,173.6049,170.73741
5161,CNN,2013-12-17 02:20:00,195.62657,169.3864
5161,CNN,2013-12-17 02:30:00,199.54,166.32356
5161,CNN,2013-12-17 02:40:00,188.96452,163.10226
5161,CNN,2013-12-17 02:50:00,206.67401,163.70996
5161,CNN,2013-12-17 03:00:00,213.5412,164.12535
5161,CNN,2013-12-17 03:10:00,164.3832,171.18202
5161,CNN,2013-12-17 03:20:00,205.71875,165.90105
5161,CNN,2013-12-17 03:30:00,189.8338,167.13567
5161,CNN,2013-12-17 03:40:00,165.30069,164.41785
5161,CNN,2013-12-17 03:50:00,211.25015,165.81381
5161,CNN,2013-12-17 04:00:00,207.73288,167.40894
5161,CNN,2013-12-17 04:10:00,186.83727,173.04982
5161,CNN,2013-12-17 04:20:00,212.57007,185.41078
5161,CNN,2013-12-17 04:30:00,199.12,184.21272
5161,CNN,2013-12-17 04:40:00,189.68364,186.53157
5161,CNN,2013-12-17 04:50:00,206.41656,187.54237
5161,CNN,2013-12-17 05:00:00,199.14429,191.1361
5161,CNN,2013-12-17 05:10:00,175.57236,189.58693
5161,CNN,2013-12-17 05:20:00,211.8952,197.13681
5161,CNN,2013-12-17 05:30:00,229.97296,191.83969
5161,CNN,2013-12-17 05:40:00,222.11827,198.48538
5161,CNN,2013-12-17 05:50:00,266.95532,213.13974
5161,CNN,2013-12-17 06:00:00,266.6577,226.477
5161,CNN,2013-12-17 06:10:00,264.9794,239.62433
5161,CNN,2013-12-17 06:20:00,299.75565,257.9791
5161,CNN,2013-12-17 06:30:00,341.219,274.34946
5161,CNN,2013-12-17 06:40:00,302.00635,303.90308
5161,CNN,2013-12-17 06:50:00,336.06754,327.42667
5161,CNN,2013-12-17 07:00:00,375.19308,343.47745
5161,CNN,2013-12-17 07:10:00,397.58102,372.36282
5161,CNN,2013-12-17 07:20:00,489.18375,409.4382
5161,CNN,2013-12-17 07:30:00,534.2422,459.4662
5161,CNN,2013-12-17 07:40:00,660.0387,524.6587
5161,CNN,2013-12-17 07:50:00,617.42114,619.5842
5161,CNN,2013-12-17 08:00:00,824.71655,675.18
5161,CNN,2013-12-17 08:10:00,862.9117,772.0663
5161,CNN,2013-12-17 08:20:00,903.38446,861.06006
5161,CNN,2013-12-17 08:30:00,993.2105,970.9099
5161,CNN,2013-12-17 08:40:00,1057.9623,1039.6832
5161,CNN,2013-12-17 08:50:00,1036.0688,1142.1705
5161,CNN,2013-12-17 09:00:00,1217.5115,1195.5082
5161,CNN,2013-12-17 09:10:00,1188.2633,1274.7463
5161,CNN,2013-12-17 09:20:00,1214.9235,1317.7278
5161,CNN,2013-12-17 09:30:00,1532.3738,1366.5782
5161,CNN,2013-12-17 09:40:00,1466.2655,1462.5319
5161,CNN,2013-12-17 09:50:00,1664.7877,1531.1063
5161,CNN,2013-12-17 10:00:00,1818.2194,1654.9674
5161,CNN,2013-12-17 10:10:00,1694.5822,1739.5284
5161,CNN,2013-12-17 10:20:00,1874.4421,1804.8302
5161,CNN,2013-12-17 10:30:00,2035.2654,1869.2094
5161,CNN,2013-12-17 10:40:00,2138.9644,1978.2671
5161,CNN,2013-12-17 10:50:00,2250.6003,2098.5105
5161,CNN,2013-12-17 11:00:00,2388.473,2222.2239
5161,CNN,2013-12-17 11:10:00,2460.7341,2320.1672
5161,CNN,2013-12-17 11:20:00,2415.1035,2419.1006
5161,CNN,2013-12-17 11:30:00,2763.068,2471.904
5161,CNN,2013-12-17 11:40:00,2744.7373,2602.2761
5161,CNN,2013-12-17 11:50:00,2774.4429,2688.2283
5161,CNN,2013-12-17 12:00:00,3062.4578,2776.2212
5161,CNN,2013-12-17 12:10:00,3291.7275,2869.3347
5161,CNN,2013-12-17 12:20:00,3444.106,3060.5537
5161,CNN,2013-12-17 12:30:00,3373.3855,3230.6648
5161,CNN,2013-12-17 12:40:00,3342.427,3311.1968
5161,CNN,2013-12-17 12:50:00,3505.4324,3342.1038
5161,CNN,2013-12-17 13:00:00,3803.9375,3416.1057
5161,CNN,2013-12-17 13:10:00,3543.5134,3544.51
5161,CNN,2013-12-17 13:20:00,3208.6392,3558.2825
5161,CNN,2013-12-17 13:30:00,3234.5732,3511.7202
5161,CNN,2013-12-17 13:40:00,3110.6792,3383.421
5161,CNN,2013-12-17 13:50:00,3139.6963,3285.088
5161,CNN,2013-12-17 14:00:00,2945.2466,3205.308
5161,CNN,2013-12-17 14:10:00,2766.0857,3107.8076
5161,CNN,2013-12-17 14:20:00,3100.932,2919.5217
5161,CNN,2013-12-17 14:30:00,3517.678,2875.4612
5161,CNN,2013-12-17 14:40:00,3524.895,2979.0508
5161,CNN,2013-12-17 14:50:00,3358.1033,3077.9192
5161,CNN,2013-12-17 15:00:00,3876.9597,3125.0144
5161,CNN,2013-12-17 15:10:00,3759.038,3209.7166
5161,CNN,2013-12-17 15:20:00,3837.1492,3338.9656
5161,CNN,2013-12-17 15:30:00,3774.914,3462.3591
5161,CNN,2013-12-17 15:40:00,3495.1526,3480.0737
5161,CNN,2013-12-17 15:50:00,3764.5986,3431.4475
5161,CNN,2013-12-17 16:00:00,3746.0464,3452.229
5161,CNN,2013-12-17 16:10:00,3641.88,3470.3948
5161,CNN,2013-12-17 16:20:00,3795.984,3503.465
5161,CNN,2013-12-17 16:30:00,3566.9692,3513.211
5161,CNN,2013-12-17 16:40:00,3228.2769,3431.7415
5161,CNN,2013-12-17 16:50:00,3273.0974,3315.987
5161,CNN,2013-12-17 17:00:00,3197.3655,3238.1255
5161,CNN,2013-12-17 17:10:00,3225.8516,3136.0513
5161,CNN,2013-12-17 17:20:00,2850.039,3049.8154
5161,CNN,2013-12-17 17:30:00,3065.798,2964.4358
5161,CNN,2013-12-17 17:40:00,2853.2896,2782.231
5161,CNN,2013-12-17 17:50:00,2902.8008,2808.7886
5161,CNN,2013-12-17 18:00:00,2814.6863,2669.7131
5161,CNN,2013-12-17 18:10:00,2951.324,2600.8413
5161,CNN,2013-12-17 18:20:00,2730.4817,2528.7686
5161,CNN,2013-12-17 18:30:00,2447.7034,2551.201
5161,CNN,2013-12-17 18:40:00,2416.3674,2398.942
5161,CNN,2013-12-17 18:50:00,2257.1748,2290.5063
5161,CNN,2013-12-17 19:00:00,2049.7354,2178.6213
5161,CNN,2013-12-17 19:10:00,1769.0593,2028.3867
5161,CNN,2013-12-17 19:20:00,1671.0309,1872.9061
5161,CNN,2013-12-17 19:30:00,1472.355,1697.0016
5161,CNN,2013-12-17 19:40:00,1444.2585,1565.0238
5161,CNN,2013-12-17 19:50:00,1219.8506,1404.1802
5161,CNN,2013-12-17 20:00:00,1171.9624,1281.01
5161,CNN,2013-12-17 20:10:00,1066.5072,1140.6445
5161,CNN,2013-12-17 20:20:00,1065.6753,1088.2192
5161,CNN,2013-12-17 20:30:00,1107.4401,968.56165
5161,CNN,2013-12-17 20:40:00,1170.1951,938.5977
5161,CNN,2013-12-17 20:50:00,881.85944,923.70197
5161,CNN,2013-12-17 21:00:00,747.4791,898.2489
5161,CNN,2013-12-17 21:10:00,636.772,790.029
5161,CNN,2013-12-17 21:20:00,549.43256,733.6657
5161,CNN,2013-12-17 21:30:00,636.7148,614.2784
5161,CNN,2013-12-17 21:40:00,583.74817,564.9588
5161,CNN,2013-12-17 21:50:00,538.8654,514.87244
5161,CNN,2013-12-17 22:00:00,543.96155,468.46484
5161,CNN,2013-12-17 22:10:00,439.51578,432.20175
5161,CNN,2013-12-17 22:20:00,424.59024,398.79175
5161,CNN,2013-12-17 22:30:00,452.19907,349.37836
5161,CNN,2013-12-17 22:40:00,361.0226,334.4447
5161,CNN,2013-12-17 22:50:00,371.866,329.1715
5161,CNN,2013-12-17 23:00:00,434.7364,303.81708
5161,CNN,2013-12-17 23:10:00,406.53528,296.6422
5161,CNN,2013-12-17 23:20:00,314.7144,292.64215
5161,CNN,2013-12-17 23:30:00,311.52432,297.1624
5161,CNN,2013-12-17 23:40:00,268.64502,279.47778
5161,CNN,2013-12-17 23:50:00,269.08862,269.3403
5161,CNN,2013-12-18 00:00:00,303.09613,255.60841
5161,CNN,2013-12-18 00:10:00,274.72974,251.4429
5161,CNN,2013-12-18 00:20:00,234.28204,240.34956
5161,CNN,2013-12-18 00:30:00,258.46707,229.0504
5161,CNN,2013-12-18 00:40:00,235.9508,223.29616
5161,CNN,2013-12-18 00:50:00,214.01556,214.24207
5161,CNN,2013-12-18 01:00:00,244.06613,208.9227
5161,CNN,2013-12-18 01:10:00,221.39583,204.29465
5161,CNN,2013-12-18 01:20:00,390.53134,194.10483
5161,CNN,2013-12-18 01:30:00,385.1137,225.22792
5161,CNN,2013-12-18 01:40:00,443.7337,259.0986
5161,CNN,2013-12-18 01:50:00,424.5218,296.4148
5161,CNN,2013-12-18 02:00:00,514.8599,340.07416
5161,CNN,2013-12-18 02:10:00,243.27391,410.322
5161,CNN,2013-12-18 02:20:00,216.10474,404.06955
5161,CNN,2013-12-18 02:30:00,226.1257,354.05707
5161,CNN,2013-12-18 02:40:00,232.07373,320.2175
5161,CNN,2013-12-18 02:50:00,208.05132,282.68625
5161,CNN,2013-12-18 03:00:00,225.40233,269.9643
5161,CNN,2013-12-18 03:10:00,227.49486,245.42482
5161,CNN,2013-12-18 03:20:00,215.54005,235.60257
5161,CNN,2013-12-18 03:30:00,227.6982,209.54799
5161,CNN,2013-12-18 03:40:00,220.47952,204.66643
5161,CNN,2013-12-18 03:50:00,219.93323,188.45247
5161,CNN,2013-12-18 04:00:00,234.73874,199.38399
5161,CNN,2013-12-18 04:10:00,256.21884,204.14839
5161,CNN,2013-12-18 04:20:00,246.57613,207.75365
5161,CNN,2013-12-18 04:30:00,248.08905,219.91617
5161,CNN,2013-12-18 04:40:00,257.0533,210.84958
5161,CNN,2013-12-18 04:50:00,243.37932,216.48912
5161,CNN,2013-12-18 05:00:00,263.1779,226.81467
5161,CNN,2013-12-18 05:10:00,227.68663,230.0854
5161,CNN,2013-12-18 05:20:00,237.63649,224.78926
5161,CNN,2013-12-18 05:30:00,320.8879,216.41718
5161,CNN,2013-12-18 05:40:00,246.09839,234.92897
5161,CNN,2013-12-18 05:50:00,260.01495,243.75389
5161,CNN,2013-12-18 06:00:00,350.64963,246.95294
5161,CNN,2013-12-18 06:10:00,396.9144,280.55383
5161,CNN,2013-12-18 06:20:00,404.74664,319.54236
5161,CNN,2013-12-18 06:30:00,444.64053,377.064
5161,CNN,2013-12-18 06:40:00,383.8241,419.06647
5161,CNN,2013-12-18 06:50:00,396.3336,444.8415
5161,CNN,2013-12-18 07:00:00,413.65234,453.44675
5161,CNN,2013-12-18 07:10:00,642.7808,474.04532
5161,CNN,2013-12-18 07:20:00,541.2099,542.02277
5161,CNN,2013-12-18 07:30:00,618.90344,608.7855
5161,CNN,2013-12-18 07:40:00,646.4804,643.5915
5161,CNN,2013-12-18 07:50:00,736.52924,685.3655
5161,CNN,2013-12-18 08:00:00,844.3093,746.7588
5161,CNN,2013-12-18 08:10:00,899.5496,833.2689
5161,CNN,2013-12-18 08:20:00,958.5369,930.6584
5161,CNN,2013-12-18 08:30:00,1156.951,1009.1832
5161,CNN,2013-12-18 08:40:00,1070.9885,1128.3888
5161,CNN,2013-12-18 08:50:00,1130.0845,1181.4763
5161,CNN,2013-12-18 09:00:00,1296.178,1228.4271
5161,CNN,2013-12-18 09:10:00,1440.553,1316.249
5161,CNN,2013-12-18 09:20:00,1529.7799,1433.0918
5161,CNN,2013-12-18 09:30:00,1691.0552,1555.2958
5161,CNN,2013-12-18 09:40:00,1911.0961,1668.3792
5161,CNN,2013-12-18 09:50:00,1785.5616,1811.158
5161,CNN,2013-12-18 10:00:00,2071.8499,1874.9437
5161,CNN,2013-12-18 10:10:00,2104.384,1977.656
5161,CNN,2013-12-18 10:20:00,2088.5828,2080.4302
5161,CNN,2013-12-18 10:30:00,2219.114,2177.5742
5161,CNN,2013-12-18 10:40:00,2249.7117,2223.061
5161,CNN,2013-12-18 10:50:00,2448.1501,2293.2905
5161,CNN,2013-12-18 11:00:00,2599.8909,2399.4885
5161,CNN,2013-12-18 11:10:00,2445.932,2507.1074
5161,CNN,2013-12-18 11:20:00,2537.695,2545.2034
5161,CNN,2013-12-18 11:30:00,2588.7942,2572.113
5161,CNN,2013-12-18 11:40:00,2524.9182,2613.826
5161,CNN,2013-12-18 11:50:00,2801.2405,2605.8157
5161,CNN,2013-12-18 12:00:00,2847.3315,2697.6467
5161,CNN,2013-12-18 12:10:00,3144.238,2751.6775
5161,CNN,2013-12-18 12:20:00,3527.2244,2884.3232
5161,CNN,2013-12-18 12:30:00,3725.421,3106.3171
5161,CNN,2013-12-18 12:40:00,3822.5183,3315.3484
5161,CNN,2013-12-18 12:50:00,3866.7158,3514.9287
5161,CNN,2013-12-18 13:00:00,3877.3699,3629.6497
5161,CNN,2013-12-18 13:10:00,3581.2974,3728.7795
5161,CNN,2013-12-18 13:20:00,3756.3367,3746.9346
5161,CNN,2013-12-18 13:30:00,3436.1636,3702.6958
5161,CNN,2013-12-18 13:40:00,3591.0415,3639.4304
5161,CNN,2013-12-18 13:50:00,3316.7224,3563.5515
5161,CNN,2013-12-18 14:00:00,3167.509,3476.173
5161,CNN,2013-12-18 14:10:00,3138.919,3321.276
5161,CNN,2013-12-18 14:20:00,3047.273,3243.6719
5161,CNN,2013-12-18 14:30:00,3150.5264,3078.5732
5161,CNN,2013-12-18 14:40:00,2938.9463,3026.8984
5161,CNN,2013-12-18 14:50:00,3039.379,2925.734
5161,CNN,2013-12-18 15:00:00,3118.2083,2822.7441
5161,CNN,2013-12-18 15:10:00,3213.4922,2797.5
5161,CNN,2013-12-18 15:20:00,3012.9036,2836.6575
5161,CNN,2013-12-18 15:30:00,2953.8875,2819.7368
5161,CNN,2013-12-18 15:40:00,2920.7847,2754.2617
5161,CNN,2013-12-18 15:50:00,2932.362,2722.9275
5161,CNN,2013-12-18 16:00:00,3075.2095,2657.34
5161,CNN,2013-12-18 16:10:00,3023.2144,2692.608
5161,CNN,2013-12-18 16:20:00,2955.8096,2682.5847
5161,CNN,2013-12-18 16:30:00,2909.414,2671.7778
5161,CNN,2013-12-18 16:40:00,2701.2969,2623.9688
5161,CNN,2013-12-18 16:50:00,2824.2446,2601.2246
5161,CNN,2013-12-18 17:00:00,2610.1592,2530.7227
5161,CNN,2013-12-18 17:10:00,2438.9463,2502.0383
5161,CNN,2013-12-18 17:20:00,2638.442,2381.5627
5161,CNN,2013-12-18 17:30:00,2572.8606,2337.135
5161,CNN,2013-12-18 17:40:00,2564.8267,2308.0073
5161,CNN,2013-12-18 17:50:00,2356.0193,2313.5752
5161,CNN,2013-12-18 18:00:00,2361.8774,2256.9475
5161,CNN,2013-12-18 18:10:00,2249.49,2161.0225
5161,CNN,2013-12-18 18:20:00,2056.9507,2150.8823
5161,CNN,2013-12-18 18:30:00,2078.2659,2051.5154
5161,CNN,2013-12-18 18:40:00,2282.8704,1925.3019
5161,CNN,2013-12-18 18:50:00,2069.832,1932.3529
5161,CNN,2013-12-18 19:00:00,1856.3398,1915.4766
5161,CNN,2013-12-18 19:10:00,1593.6848,1821.543
5161,CNN,2013-12-18 19:20:00,1380.7185,1716.4028
5161,CNN,2013-12-18 19:30:00,1368.4242,1558.8119
5161,CNN,2013-12-18 19:40:00,1136.7921,1384.6375
5161,CNN,2013-12-18 19:50:00,1057.0448,1251.7344
5161,CNN,2013-12-18 20:00:00,952.5083,1104.4891
5161,CNN,2013-12-18 20:10:00,885.5504,1007.02704
5161,CNN,2013-12-18 20:20:00,945.30396,878.5474
5161,CNN,2013-12-18 20:30:00,955.2644,827.92224
5161,CNN,2013-12-18 20:40:00,908.50287,775.68665
5161,CNN,2013-12-18 20:50:00,948.1962,777.22363
5161,CNN,2013-12-18 21:00:00,824.9544,759.187
5161,CNN,2013-12-18 21:10:00,795.2902,731.389
5161,CNN,2013-12-18 21:20:00,611.88983,680.64465
5161,CNN,2013-12-18 21:30:00,578.9331,642.6739
5161,CNN,2013-12-18 21:40:00,579.75836,577.3493
5161,CNN,2013-12-18 21:50:00,505.07068,545.72125
5161,CNN,2013-12-18 22:00:00,457.73096,487.43027
5161,CNN,2013-12-18 22:10:00,554.7294,456.67126
5161,CNN,2013-12-18 22:20:00,463.8495,421.99213
5161,CNN,2013-12-18 22:30:00,405.31705,387.80444
5161,CNN,2013-12-18 22:40:00,362.23328,352.31912
5161,CNN,2013-12-18 22:50:00,315.83978,317.589
5161,CNN,2013-12-18 23:00:00,274.1597,295.83948
5161,CNN,2013-12-18 23:10:00,267.61264,261.324
5161,CNN,2013-12-18 23:20:00,269.4348,237.6239
5161,CNN,2013-12-18 23:30:00,251.59937,220.48976
5161,CNN,2013-12-18 23:40:00,241.11076,213.63972
5161,CNN,2013-12-18 23:50:00,217.61388,206.16962
5161,CNN,2013-12-19 00:00:00,203.93837,194.09612
5161,CNN,2013-12-19 00:10:00,204.19022,182.18303
5161,CNN,2013-12-19 00:20:00,169.83192,180.88576
5161,CNN,2013-12-19 00:30:00,162.9695,157.38704
5161,CNN,2013-12-19 00:40:00,188.53651,146.19214
5161,CNN,2013-12-19 00:50:00,145.82474,137.27509
5161,CNN,2013-12-19 01:00:00,147.1228,129.67369
5161,CNN,2013-12-19 01:10:00,160.85327,123.4997
5161,CNN,2013-12-19 01:20:00,167.06288,125.11559
5161,CNN,2013-12-19 01:30:00,144.11838,121.62564
5161,CNN,2013-12-19 01:40:00,168.72066,125.080215
5161,CNN,2013-12-19 01:50:00,163.0736,123.84701
5161,CNN,2013-12-19 02:00:00,140.6902,125.64633
5161,CNN,2013-12-19 02:10:00,169.9931,125.738846
5161,CNN,2013-12-19 02:20:00,146.30841,126.23884
5161,CNN,2013-12-19 02:30:00,139.73344,126.6661
5161,CNN,2013-12-19 02:40:00,157.53612,129.46385
5161,CNN,2013-12-19 02:50:00,149.2089,130.93404
5161,CNN,2013-12-19 03:00:00,137.03987,131.554
5161,CNN,2013-12-19 03:10:00,161.42363,133.98691
5161,CNN,2013-12-19 03:20:00,149.15988,133.0924
5161,CNN,2013-12-19 03:30:00,137.69418,134.77977
5161,CNN,2013-12-19 03:40:00,167.33061,139.13216
5161,CNN,2013-12-19 03:50:00,163.06259,140.9933
5161,CNN,2013-12-19 04:00:00,148.12737,145.64095
5161,CNN,2013-12-19 04:10:00,192.28413,154.24106
5161,CNN,2013-12-19 04:20:00,164.71341,158.04463
5161,CNN,2013-12-19 04:30:00,144.27452,159.84755
5161,CNN,2013-12-19 04:40:00,199.8322,161.19293
5161,CNN,2013-12-19 04:50:00,156.3342,165.51541
5161,CNN,2013-12-19 05:00:00,143.32224,163.20064
5161,CNN,2013-12-19 05:10:00,201.51146,162.84486
5161,CNN,2013-12-19 05:20:00,182.49237,166.23126
5161,CNN,2013-12-19 05:30:00,133.89032,169.12431
5161,CNN,2013-12-19 05:40:00,189.73953,172.8449
5161,CNN,2013-12-19 05:50:00,187.93494,167.70764
5161,CNN,2013-12-19 06:00:00,209.46092,169.68391
5161,CNN,2013-12-19 06:10:00,197.42627,190.66087
5161,CNN,2013-12-19 06:20:00,212.6369,194.30342
5161,CNN,2013-12-19 06:30:00,216.06082,196.7105
5161,CNN,2013-12-19 06:40:00,261.43173,217.65388
5161,CNN,2013-12-19 06:50:00,296.271,230.7788
5161,CNN,2013-12-19 07:00:00,342.76184,256.4773
5161,CNN,2013-12-19 07:10:00,346.69257,303.32642
5161,CNN,2013-12-19 07:20:00,422.2298,341.883
5161,CNN,2013-12-19 07:30:00,488.46075,384.4619
5161,CNN,2013-12-19 07:40:00,604.7331,458.2699
5161,CNN,2013-12-19 07:50:00,607.37067,554.0591
5161,CNN,2013-12-19 08:00:00,717.09607,637.39575
5161,CNN,2013-12-19 08:10:00,744.41266,730.7132
5161,CNN,2013-12-19 08:20:00,885.86914,809.4075
5161,CNN,2013-12-19 08:30:00,956.97504,912.57947
5161,CNN,2013-12-19 08:40:00,974.42224,1003.74036
5161,CNN,2013-12-19 08:50:00,1099.8969,1103.0143
5161,CNN,2013-12-19 09:00:00,1223.0265,1172.6774
5161,CNN,2013-12-19 09:10:00,1343.774,1290.4609
5161,CNN,2013-12-19 09:20:00,1372.3713,1404.0853
5161,CNN,2013-12-19 09:30:00,1541.0254,1486.4603
5161,CNN,2013-12-19 09:40:00,1538.6102,1581.8179
5161,CNN,2013-12-19 09:50:00,1767.8145,1650.3414
5161,CNN,2013-12-19 10:00:00,1720.5001,1764.518
5161,CNN,2013-12-19 10:10:00,1655.2976,1814.1074
5161,CNN,2013-12-19 10:20:00,1764.8962,1850.6571
5161,CNN,2013-12-19 10:30:00,1819.6342,1850.6133
5161,CNN,2013-12-19 10:40:00,2052.6956,1894.2163
5161,CNN,2013-12-19 10:50:00,2101.9968,2008.6616
5161,CNN,2013-12-19 11:00:00,2135.1353,2078.9922
5161,CNN,2013-12-19 11:10:00,2269.4614,2142.5117
5161,CNN,2013-12-19 11:20:00,2298.473,2214.192
5161,CNN,2013-12-19 11:30:00,2442.7434,2280.521
5161,CNN,2013-12-19 11:40:00,2534.7808,2370.9768
5161,CNN,2013-12-19 11:50:00,2562.879,2461.7712
5161,CNN,2013-12-19 12:00:00,2649.3838,2530.5002
5161,CNN,2013-12-19 12:10:00,3079.7336,2591.67
5161,CNN,2013-12-19 12:20:00,2879.3525,2765.047
5161,CNN,2013-12-19 12:30:00,3051.9824,2832.4155
5161,CNN,2013-12-19 12:40:00,3203.688,2912.14
5161,CNN,2013-12-19 12:50:00,3184.9202,2999.1648
5161,CNN,2013-12-19 13:00:00,3255.8198,3081.2773
5161,CNN,2013-12-19 13:10:00,3134.402,3156.5557
5161,CNN,2013-12-19 13:20:00,3258.1519,3156.2112
5161,CNN,2013-12-19 13:30:00,3144.569,3163.8958
5161,CNN,2013-12-19 13:40:00,3201.7524,3170.2302
5161,CNN,2013-12-19 13:50:00,2828.0125,3147.4255
5161,CNN,2013-12-19 14:00:00,3105.1987,3071.8467
5161,CNN,2013-12-19 14:10:00,2825.0269,2983.2156
5161,CNN,2013-12-19 14:20:00,2680.8604,2927.838
5161,CNN,2013-12-19 14:30:00,2901.1643,2795.9976
5161,CNN,2013-12-19 14:40:00,2752.3262,2744.3083
5161,CNN,2013-12-19 14:50:00,2739.1606,2656.7217
5161,CNN,2013-12-19 15:00:00,2807.927,2643.3757
5161,CNN,2013-12-19 15:10:00,2584.6472,2600.6733
5161,CNN,2013-12-19 15:20:00,2495.2998,2542.0977
5161,CNN,2013-12-19 15:30:00,2745.7068,2471.6147
5161,CNN,2013-12-19 15:40:00,2450.8027,2418.9714
5161,CNN,2013-12-19 15:50:00,2718.5146,2358.6448
5161,CNN,2013-12-19 16:00:00,2651.8245,2393.3286
5161,CNN,2013-12-19 16:10:00,2449.5356,2389.044
5161,CNN,2013-12-19 16:20:00,2364.177,2322.4277
5161,CNN,2013-12-19 16:30:00,2622.1045,2284.1694
5161,CNN,2013-12-19 16:40:00,2355.841,2292.7415
5161,CNN,2013-12-19 16:50:00,2382.0017,2260.175
5161,CNN,2013-12-19 17:00:00,2420.4246,2224.773
5161,CNN,2013-12-19 17:10:00,2299.2363,2200.9802
5161,CNN,2013-12-19 17:20:00,2240.3677,2132.8013
5161,CNN,2013-12-19 17:30:00,2492.787,2136.7546
5161,CNN,2013-12-19 17:40:00,2202.0068,2151.3914
5161,CNN,2013-12-19 17:50:00,2133.3738,2135.1455
5161,CNN,2013-12-19 18:00:00,2326.3213,2086.8464
5161,CNN,2013-12-19 18:10:00,1970.2568,2067.6953
5161,CNN,2013-12-19 18:20:00,1808.8307,1997.7379
5161,CNN,2013-12-19 18:30:00,1778.7732,1917.0618
5161,CNN,2013-12-19 18:40:00,1635.7878,1816.7556
5161,CNN,2013-12-19 18:50:00,1787.2637,1657.9224
5161,CNN,2013-12-19 19:00:00,1440.8885,1645.7728
5161,CNN,2013-12-19 19:10:00,1445.5645,1543.1296
5161,CNN,2013-12-19 19:20:00,1165.559,1373.9791
5161,CNN,2013-12-19 19:30:00,983.61755,1301.208
5161,CNN,2013-12-19 19:40:00,1067.5725,1115.6959
5161,CNN,2013-12-19 19:50:00,1064.6183,1007.73755
5161,CNN,2013-12-19 20:00:00,953.12775,946.02496
5161,CNN,2013-12-19 20:10:00,991.1119,925.83154
5161,CNN,2013-12-19 20:20:00,837.1152,863.19464
5161,CNN,2013-12-19 20:30:00,743.8279,809.58777
5161,CNN,2013-12-19 20:40:00,719.13165,747.4485
5161,CNN,2013-12-19 20:50:00,640.9126,689.4466
5161,CNN,2013-12-19 21:00:00,713.2597,631.48804
5161,CNN,2013-12-19 21:10:00,645.8009,622.6238
5161,CNN,2013-12-19 21:20:00,572.8274,574.251
5161,CNN,2013-12-19 21:30:00,602.1083,530.75073
5161,CNN,2013-12-19 21:40:00,612.77606,502.6741
5161,CNN,2013-12-19 21:50:00,511.62842,484.23654
5161,CNN,2013-12-19 22:00:00,441.11316,481.0788
5161,CNN,2013-12-19 22:10:00,420.68936,433.75388
5161,CNN,2013-12-19 22:20:00,422.76392,415.9018
5161,CNN,2013-12-19 22:30:00,424.8138,367.49405
5161,CNN,2013-12-19 22:40:00,384.16812,350.5485
5161,CNN,2013-12-19 22:50:00,292.0899,336.1417
5161,CNN,2013-12-19 23:00:00,320.85486,301.4531
5161,CNN,2013-12-19 23:10:00,295.0888,281.14166
5161,CNN,2013-12-19 23:20:00,295.93073,262.13272
5161,CNN,2013-12-19 23:30:00,256.09354,248.01692
5161,CNN,2013-12-19 23:40:00,206.02028,232.5561
5161,CNN,2013-12-19 23:50:00,217.92496,212.95139
5161,CNN,2013-12-20 00:00:00,242.26108,193.67174
5161,CNN,2013-12-20 00:10:00,174.30728,191.84286
5161,CNN,2013-12-20 00:20:00,178.3625,177.61821
5161,CNN,2013-12-20 00:30:00,175.14632,160.77965
5161,CNN,2013-12-20 00:40:00,152.33878,152.84753
5161,CNN,2013-12-20 00:50:00,180.40874,141.29892
5161,CNN,2013-12-20 01:00:00,171.04825,138.69504
5161,CNN,2013-12-20 01:10:00,161.85028,132.13968
5161,CNN,2013-12-20 01:20:00,185.78027,134.11581
5161,CNN,2013-12-20 01:30:00,189.96631,130.76184
5161,CNN,2013-12-20 01:40:00,159.52864,141.2048
5161,CNN,2013-12-20 01:50:00,174.6532,139.93047
5161,CNN,2013-12-20 02:00:00,173.67648,138.61865
5161,CNN,2013-12-20 02:10:00,210.40674,142.10703
5161,CNN,2013-12-20 02:20:00,215.73897,148.97021
5161,CNN,2013-12-20 02:30:00,178.25208,161.41089
5161,CNN,2013-12-20 02:40:00,188.90144,162.9176
5161,CNN,2013-12-20 02:50:00,167.10315,165.6401
5161,CNN,2013-12-20 03:00:00,169.19829,166.80646
5161,CNN,2013-12-20 03:10:00,178.6727,161.65675
5161,CNN,2013-12-20 03:20:00,154.45125,169.39714
5161,CNN,2013-12-20 03:30:00,164.45602,166.07167
5161,CNN,2013-12-20 03:40:00,150.4502,162.71848
5161,CNN,2013-12-20 03:50:00,157.78348,155.29326
5161,CNN,2013-12-20 04:00:00,150.87732,154.22734
5161,CNN,2013-12-20 04:10:00,154.2366,149.04282
5161,CNN,2013-12-20 04:20:00,181.19868,148.01222
5161,CNN,2013-12-20 04:30:00,191.88644,150.47455
5161,CNN,2013-12-20 04:40:00,183.43315,160.51149
5161,CNN,2013-12-20 04:50:00,154.46097,167.64622
5161,CNN,2013-12-20 05:00:00,191.37866,161.44511
5161,CNN,2013-12-20 05:10:00,142.15965,165.01999
5161,CNN,2013-12-20 05:20:00,163.77124,158.51233
5161,CNN,2013-12-20 05:30:00,186.41087,155.93637
5161,CNN,2013-12-20 05:40:00,174.1565,160.08693
5161,CNN,2013-12-20 05:50:00,208.78217,163.85744
5161,CNN,2013-12-20 06:00:00,232.60472,172.99954
5161,CNN,2013-12-20 06:10:00,239.04327,190.21513
5161,CNN,2013-12-20 06:20:00,270.35873,209.64664
5161,CNN,2013-12-20 06:30:00,315.4997,231.68593
5161,CNN,2013-12-20 06:40:00,319.71826,264.65555
5161,CNN,2013-12-20 06:50:00,377.85233,299.94885
5161,CNN,2013-12-20 07:00:00,352.55075,344.69986
5161,CNN,2013-12-20 07:10:00,383.3799,378.1084
5161,CNN,2013-12-20 07:20:00,457.79135,406.85504
5161,CNN,2013-12-20 07:30:00,519.1235,454.28378
5161,CNN,2013-12-20 07:40:00,592.0156,522.22485
5161,CNN,2013-12-20 07:50:00,682.51196,605.6338
5161,CNN,2013-12-20 08:00:00,815.2566,691.8257
5161,CNN,2013-12-20 08:10:00,893.1666,796.84467
5161,CNN,2013-12-20 08:20:00,951.8006,908.1796
5161,CNN,2013-12-20 08:30:00,889.6657,1008.78406
5161,CNN,2013-12-20 08:40:00,1044.0208,1053.06
5161,CNN,2013-12-20 08:50:00,1141.5233,1128.6808
5161,CNN,2013-12-20 09:00:00,1331.022,1212.6367
5161,CNN,2013-12-20 09:10:00,1221.182,1353.2715
5161,CNN,2013-12-20 09:20:00,1363.3949,1392.5632
5161,CNN,2013-12-20 09:30:00,1549.3873,1448.4415
5161,CNN,2013-12-20 09:40:00,1544.8607,1545.1439
5161,CNN,2013-12-20 09:50:00,1697.7924,1620.519
5161,CNN,2013-12-20 10:00:00,1738.7125,1717.5824
5161,CNN,2013-12-20 10:10:00,1758.3699,1774.6599
5161,CNN,2013-12-20 10:20:00,1717.3818,1839.4254
5161,CNN,2013-12-20 10:30:00,2046.7505,1844.1194
5161,CNN,2013-12-20 10:40:00,1989.8289,1965.1866
5161,CNN,2013-12-20 10:50:00,2381.0547,2003.2385
5161,CNN,2013-12-20 11:00:00,2271.2346,2180.4583
5161,CNN,2013-12-20 11:10:00,2400.4788,2237.8984
5161,CNN,2013-12-20 11:20:00,2226.8408,2355.3538
5161,CNN,2013-12-20 11:30:00,2358.4517,2356.0635
5161,CNN,2013-12-20 11:40:00,2492.564,2364.3384
5161,CNN,2013-12-20 11:50:00,2654.9883,2459.3909
5161,CNN,2013-12-20 12:00:00,2834.7441,2574.3254
5161,CNN,2013-12-20 12:10:00,2796.3367,2687.0852
5161,CNN,2013-12-20 12:20:00,3057.3894,2740.6267
5161,CNN,2013-12-20 12:30:00,3188.3403,2860.1233
5161,CNN,2013-12-20 12:40:00,3221.681,2966.2283
5161,CNN,2013-12-20 12:50:00,3524.6064,3105.661
5161,CNN,2013-12-20 13:00:00,3223.6047,3243.2598
5161,CNN,2013-12-20 13:10:00,3420.8806,3291.0598
5161,CNN,2013-12-20 13:20:00,3430.3384,3298.982
5161,CNN,2013-12-20 13:30:00,3298.1099,3350.8262
5161,CNN,2013-12-20 13:40:00,3026.8647,3343.0537
5161,CNN,2013-12-20 13:50:00,3372.5327,3282.4575
5161,CNN,2013-12-20 14:00:00,3101.176,3236.1326
5161,CNN,2013-12-20 14:10:00,3045.3306,3182.4673
5161,CNN,2013-12-20 14:20:00,3055.932,3101.5447
5161,CNN,2013-12-20 14:30:00,2986.7651,3025.2493
5161,CNN,2013-12-20 14:40:00,3136.2236,2905.4812
5161,CNN,2013-12-20 14:50:00,3131.0835,2944.9583
5161,CNN,2013-12-20 15:00:00,3260.1055,2925.981
5161,CNN,2013-12-20 15:10:00,3274.4448,2964.0525
5161,CNN,2013-12-20 15:20:00,3278.2551,3006.9307
5161,CNN,2013-12-20 15:30:00,3278.9111,2989.622
5161,CNN,2013-12-20 15:40:00,3529.7249,2987.7698
5161,CNN,2013-12-20 15:50:00,3394.1943,3105.1487
5161,CNN,2013-12-20 16:00:00,3234.207,3136.5066
5161,CNN,2013-12-20 16:10:00,3389.9429,3099.2004
5161,CNN,2013-12-20 16:20:00,3076.8206,3059.4336
5161,CNN,2013-12-20 16:30:00,3169.0256,3037.589
5161,CNN,2013-12-20 16:40:00,3152.8132,2968.3145
5161,CNN,2013-12-20 16:50:00,2945.257,2954.963
5161,CNN,2013-12-20 17:00:00,2751.2407,2865.63
5161,CNN,2013-12-20 17:10:00,2526.0862,2783.2573
5161,CNN,2013-12-20 17:20:00,2513.12,2643.303
5161,CNN,2013-12-20 17:30:00,2452.489,2482.062
5161,CNN,2013-12-20 17:40:00,2226.295,2402.1663
5161,CNN,2013-12-20 17:50:00,2231.8542,2259.8428
5161,CNN,2013-12-20 18:00:00,2045.1724,2108.252
5161,CNN,2013-12-20 18:10:00,1932.1818,2014.0773
5161,CNN,2013-12-20 18:20:00,1809.0939,1872.3552
5161,CNN,2013-12-20 18:30:00,1682.2748,1738.6545
5161,CNN,2013-12-20 18:40:00,1658.5394,1616.0947
5161,CNN,2013-12-20 18:50:00,1627.1318,1529.0452
5161,CNN,2013-12-20 19:00:00,1571.7871,1451.4504
5161,CNN,2013-12-20 19:10:00,1417.9408,1391.2428
5161,CNN,2013-12-20 19:20:00,1296.3013,1340.662
5161,CNN,2013-12-20 19:30:00,1142.2091,1246.4144
5161,CNN,2013-12-20 19:40:00,1166.7402,1166.28
5161,CNN,2013-12-20 19:50:00,1058.7,1076.907
5161,CNN,2013-12-20 20:00:00,881.5584,1039.1898
5161,CNN,2013-12-20 20:10:00,897.3151,935.8748
5161,CNN,2013-12-20 20:20:00,777.0237,844.293
5161,CNN,2013-12-20 20:30:00,764.11475,761.8981
5161,CNN,2013-12-20 20:40:00,716.72864,685.57477
5161,CNN,2013-12-20 20:50:00,641.44116,647.76495
5161,CNN,2013-12-20 21:00:00,796.38336,585.1003
5161,CNN,2013-12-20 21:10:00,612.7666,574.62585
5161,CNN,2013-12-20 21:20:00,640.7963,540.12054
5161,CNN,2013-12-20 21:30:00,594.87897,504.4086
5161,CNN,2013-12-20 21:40:00,603.3621,495.6657
5161,CNN,2013-12-20 21:50:00,514.1577,473.94342
5161,CNN,2013-12-20 22:00:00,460.33044,471.1291
5161,CNN,2013-12-20 22:10:00,372.4422,438.51083
5161,CNN,2013-12-20 22:20:00,336.6107,412.14987
5161,CNN,2013-12-20 22:30:00,280.37225,353.82855
5161,CNN,2013-12-20 22:40:00,322.41583,297.5323
5161,CNN,2013-12-20 22:50:00,283.0952,263.5438
5161,CNN,2013-12-20 23:00:00,408.79404,234.76593
5161,CNN,2013-12-20 23:10:00,251.38525,252.68799
5161,CNN,2013-12-20 23:20:00,240.89424,236.6087
5161,CNN,2013-12-20 23:30:00,218.96947,203.14273
5161,CNN,2013-12-20 23:40:00,215.77422,199.15402
5161,CNN,2013-12-20 23:50:00,185.72182,186.10536
5161,CNN,2013-12-21 00:00:00,219.38432,190.10576
5161,CNN,2013-12-21 00:10:00,211.29134,184.70021
5161,CNN,2013-12-21 00:20:00,178.29422,174.2012
5161,CNN,2013-12-21 00:30:00,155.89795,170.05923
5161,CNN,2013-12-21 00:40:00,151.62741,153.14532
5161,CNN,2013-12-21 00:50:00,149.15114,135.86435
5161,CNN,2013-12-21 01:00:00,150.27457,137.08382
5161,CNN,2013-12-21 01:10:00,152.6425,137.08817
5161,CNN,2013-12-21 01:20:00,146.2899,130.27
5161,CNN,2013-12-21 01:30:00,124.0086,127.764786
5161,CNN,2013-12-21 01:40:00,140.75584,115.501976
5161,CNN,2013-12-21 01:50:00,125.731995,118.632484
5161,CNN,2013-12-21 02:00:00,123.58931,113.711685
5161,CNN,2013-12-21 02:10:00,146.92789,114.05964
5161,CNN,2013-12-21 02:20:00,124.38356,112.61161
5161,CNN,2013-12-21 02:30:00,133.63643,111.03863
5161,CNN,2013-12-21 02:40:00,151.0685,115.70071
5161,CNN,2013-12-21 02:50:00,124.377426,117.545616
5161,CNN,2013-12-21 03:00:00,127.7924,116.696
5161,CNN,2013-12-21 03:10:00,139.45918,119.305984
5161,CNN,2013-12-21 03:20:00,113.931465,121.11664
5161,CNN,2013-12-21 03:30:00,122.52346,120.48955
5161,CNN,2013-12-21 03:40:00,140.0016,120.7383
5161,CNN,2013-12-21 03:50:00,114.012665,125.018555
5161,CNN,2013-12-21 04:00:00,134.51648,121.7304
5161,CNN,2013-12-21 04:10:00,143.63506,124.58424
5161,CNN,2013-12-21 04:20:00,108.21252,131.47604
5161,CNN,2013-12-21 04:30:00,125.435524,126.12614
5161,CNN,2013-12-21 04:40:00,124.962494,124.18391
5161,CNN,2013-12-21 04:50:00,126.73486,126.82708
5161,CNN,2013-12-21 05:00:00,122.21121,128.61911
5161,CNN,2013-12-21 05:10:00,121.18922,130.81564
5161,CNN,2013-12-21 05:20:00,108.15403,131.01785
5161,CNN,2013-12-21 05:30:00,142.08627,127.66591
5161,CNN,2013-12-21 05:40:00,152.99304,128.29207
5161,CNN,2013-12-21 05:50:00,118.656975,135.41444
5161,CNN,2013-12-21 06:00:00,147.33125,134.9813
5161,CNN,2013-12-21 06:10:00,190.5125,134.50969
5161,CNN,2013-12-21 06:20:00,157.04753,147.69438
5161,CNN,2013-12-21 06:30:00,164.99596,157.8089
5161,CNN,2013-12-21 06:40:00,186.3249,160.4348
5161,CNN,2013-12-21 06:50:00,186.68721,172.07153
5161,CNN,2013-12-21 07:00:00,205.55937,179.49266
5161,CNN,2013-12-21 07:10:00,196.1886,194.66669
5161,CNN,2013-12-21 07:20:00,191.43243,202.82272
5161,CNN,2013-12-21 07:30:00,309.6655,206.56567
5161,CNN,2013-12-21 07:40:00,279.31418,231.30368
5161,CNN,2013-12-21 07:50:00,268.88684,258.94168
5161,CNN,2013-12-21 08:00:00,373.03027,278.53268
5161,CNN,2013-12-21 08:10:00,390.93954,316.6866
5161,CNN,2013-12-21 08:20:00,502.57407,365.37848
5161,CNN,2013-12-21 08:30:00,582.16016,444.68
5161,CNN,2013-12-21 08:40:00,601.16113,542.72675
5161,CNN,2013-12-21 08:50:00,754.68195,633.2212
5161,CNN,2013-12-21 09:00:00,991.0584,745.7877
5161,CNN,2013-12-21 09:10:00,1191.5289,896.42126
5161,CNN,2013-12-21 09:20:00,1183.1973,1107.1058
5161,CNN,2013-12-21 09:30:00,1464.5922,1254.3248
5161,CNN,2013-12-21 09:40:00,1627.2997,1423.8763
5161,CNN,2013-12-21 09:50:00,1823.7963,1602.0354
5161,CNN,2013-12-21 10:00:00,1806.946,1816.1895
5161,CNN,2013-12-21 10:10:00,2013.1069,1935.6257
5161,CNN,2013-12-21 10:20:00,2429.8337,2080.0125
5161,CNN,2013-12-21 10:30:00,2454.5312,2302.457
5161,CNN,2013-12-21 10:40:00,2610.0925,2478.081
5161,CNN,2013-12-21 10:50:00,3039.9407,2655.635
5161,CNN,2013-12-21 11:00:00,3289.7625,2845.1504
5161,CNN,2013-12-21 11:10:00,3277.9907,3100.6643
5161,CNN,2013-12-21 11:20:00,3280.9685,3280.6614
5161,CNN,2013-12-21 11:30:00,3712.048,3394.047
5161,CNN,2013-12-21 11:40:00,3323.208,3552.9602
5161,CNN,2013-12-21 11:50:00,3579.2656,3601.9517
5161,CNN,2013-12-21 12:00:00,3672.2627,3644.2205
5161,CNN,2013-12-21 12:10:00,3719.9592,3706.3352
5161,CNN,2013-12-21 12:20:00,3381.267,3777.6108
5161,CNN,2013-12-21 12:30:00,3742.5396,3723.5156
5161,CNN,2013-12-21 12:40:00,3613.5344,3704.9395
5161,CNN,2013-12-21 12:50:00,3626.5444,3709.314
5161,CNN,2013-12-21 13:00:00,3952.7932,3685.7793
5161,CNN,2013-12-21 13:10:00,4221.1035,3713.8608
5161,CNN,2013-12-21 13:20:00,4256.292,3818.8542
5161,CNN,2013-12-21 13:30:00,4343.9814,3985.0813
5161,CNN,2013-12-21 13:40:00,4247.0474,4035.0664
5161,CNN,2013-12-21 13:50:00,4482.817,4052.3574
5161,CNN,2013-12-21 14:00:00,4332.155,4176.4976
5161,CNN,2013-12-21 14:10:00,4579.6787,4171.33
5161,CNN,2013-12-21 14:20:00,4600.0444,4204.0435
5161,CNN,2013-12-21 14:30:00,4888.6743,4284.9404
5161,CNN,2013-12-21 14:40:00,4814.1216,4383.688
5161,CNN,2013-12-21 14:50:00,5115.5303,4397.3916
5161,CNN,2013-12-21 15:00:00,4931.132,4523.5103
5161,CNN,2013-12-21 15:10:00,5197.4214,4593.1616
5161,CNN,2013-12-21 15:20:00,5152.1006,4674.5205
5161,CNN,2013-12-21 15:30:00,5161.938,4744.7393
5161,CNN,2013-12-21 15:40:00,5238.3193,4775.066
5161,CNN,2013-12-21 15:50:00,5195.2695,4798.8213
5161,CNN,2013-12-21 16:00:00,5096.8105,4815.7324
5161,CNN,2013-12-21 16:10:00,4723.406,4852.0293
5161,CNN,2013-12-21 16:20:00,4707.66,4764.0283
5161,CNN,2013-12-21 16:30:00,4619.0444,4618.044
5161,CNN,2013-12-21 16:40:00,4474.9863,4513.764
5161,CNN,2013-12-21 16:50:00,4293.826,4373.3374
5161,CNN,2013-12-21 17:00:00,4229.715,4230.722
5161,CNN,2013-12-21 17:10:00,3847.8635,4051.2463
5161,CNN,2013-12-21 17:20:00,3759.3162,3897.4285
5161,CNN,2013-12-21 17:30:00,3328.4038,3639.0142
5161,CNN,2013-12-21 17:40:00,3298.8416,3444.9194
5161,CNN,2013-12-21 17:50:00,3376.934,3148.1743
5161,CNN,2013-12-21 18:00:00,3115.2852,3029.6052
5161,CNN,2013-12-21 18:10:00,2839.4736,2826.7734
5161,CNN,2013-12-21 18:20:00,2628.2603,2679.0474
5161,CNN,2013-12-21 18:30:00,2649.7197,2474.456
5161,CNN,2013-12-21 18:40:00,2409.6824,2296.9138
5161,CNN,2013-12-21 18:50:00,2318.0325,2208.3223
5161,CNN,2013-12-21 19:00:00,2096.1624,2087.084
5161,CNN,2013-12-21 19:10:00,1898.765,1967.7809
5161,CNN,2013-12-21 19:20:00,1636.9043,1844.7683
5161,CNN,2013-12-21 19:30:00,1420.6627,1705.8805
5161,CNN,2013-12-21 19:40:00,1195.5848,1515.7366
5161,CNN,2013-12-21 19:50:00,1291.7339,1369.4086
5161,CNN,2013-12-21 20:00:00,1121.3544,1248.3973
5161,CNN,2013-12-21 20:10:00,1123.2998,1122.2875
5161,CNN,2013-12-21 20:20:00,1009.4166,1011.9868
5161,CNN,2013-12-21 20:30:00,1009.5737,953.9525
5161,CNN,2013-12-21 20:40:00,845.9599,868.36346
5161,CNN,2013-12-21 20:50:00,824.4452,827.07
5161,CNN,2013-12-21 21:00:00,1049.9863,741.48926
5161,CNN,2013-12-21 21:10:00,899.4314,769.4758
5161,CNN,2013-12-21 21:20:00,778.83716,769.6849
5161,CNN,2013-12-21 21:30:00,784.3658,729.9964
5161,CNN,2013-12-21 21:40:00,847.26514,680.63885
5161,CNN,2013-12-21 21:50:00,807.616,657.3608
5161,CNN,2013-12-21 22:00:00,717.5035,682.0188
5161,CNN,2013-12-21 22:10:00,554.8814,653.4351
5161,CNN,2013-12-21 22:20:00,431.04715,603.8765
5161,CNN,2013-12-21 22:30:00,450.61212,543.4255
5161,CNN,2013-12-21 22:40:00,378.2581,456.86304
5161,CNN,2013-12-21 22:50:00,413.04456,391.01584
5161,CNN,2013-12-21 23:00:00,416.8296,357.07727
5161,CNN,2013-12-21 23:10:00,471.00955,332.52695
5161,CNN,2013-12-21 23:20:00,364.3126,329.0092
5161,CNN,2013-12-21 23:30:00,317.07718,308.40247
5161,CNN,2013-12-21 23:40:00,296.8996,279.8569
5161,CNN,2013-12-21 23:50:00,202.74721,263.94406
5161,CNN,2013-12-22 00:00:00,218.88101,233.85217
5161,CNN,2013-12-22 00:10:00,220.17166,218.98856
5161,CNN,2013-12-22 00:20:00,203.0266,189.11699
5161,CNN,2013-12-22 00:30:00,209.5705,188.5486
5161,CNN,2013-12-22 00:40:00,187.73396,182.97691
5161,CNN,2013-12-22 00:50:00,179.95674,166.74348
5161,CNN,2013-12-22 01:00:00,176.40178,157.93948
5161,CNN,2013-12-22 01:10:00,158.61143,153.47856
5161,CNN,2013-12-22 01:20:00,179.7534,142.72028
5161,CNN,2013-12-22 01:30:00,155.42879,135.35837
5161,CNN,2013-12-22 01:40:00,161.61684,133.57805
5161,CNN,2013-12-22 01:50:00,163.42894,120.562416
5161,CNN,2013-12-22 02:00:00,154.28816,128.44376
5161,CNN,2013-12-22 02:10:00,142.01357,125.04207
5161,CNN,2013-12-22 02:20:00,155.68127,126.73489
5161,CNN,2013-12-22 02:30:00,147.15718,125.411766
5161,CNN,2013-12-22 02:40:00,156.03911,125.53492
5161,CNN,2013-12-22 02:50:00,151.39172,129.38719
5161,CNN,2013-12-22 03:00:00,144.24457,126.73507
5161,CNN,2013-12-22 03:10:00,145.34608,128.75566
5161,CNN,2013-12-22 03:20:00,149.29715,128.6247
5161,CNN,2013-12-22 03:30:00,156.20477,131.79233
5161,CNN,2013-12-22 03:40:00,148.22444,135.64415
5161,CNN,2013-12-22 03:50:00,137.28139,138.18608
5161,CNN,2013-12-22 04:00:00,175.68718,135.02103
5161,CNN,2013-12-22 04:10:00,188.8816,138.70093
5161,CNN,2013-12-22 04:20:00,153.52303,151.1078
5161,CNN,2013-12-22 04:30:00,166.23944,155.27356
5161,CNN,2013-12-22 04:40:00,139.73802,154.39322
5161,CNN,2013-12-22 04:50:00,167.06377,153.3692
5161,CNN,2013-12-22 05:00:00,157.21971,152.2995
5161,CNN,2013-12-22 05:10:00,191.82173,154.64313
5161,CNN,2013-12-22 05:20:00,174.44112,159.80273
5161,CNN,2013-12-22 05:30:00,181.11992,168.03494
5161,CNN,2013-12-22 05:40:00,198.58919,166.65367
5161,CNN,2013-12-22 05:50:00,175.94362,178.80154
5161,CNN,2013-12-22 06:00:00,185.95343,179.54283
5161,CNN,2013-12-22 06:10:00,169.4521,183.70377
5161,CNN,2013-12-22 06:20:00,143.36398,181.22075
5161,CNN,2013-12-22 06:30:00,193.89926,175.32845
5161,CNN,2013-12-22 06:40:00,184.47607,174.18594
5161,CNN,2013-12-22 06:50:00,240.31914,177.70827
5161,CNN,2013-12-22 07:00:00,326.52258,191.1134
5161,CNN,2013-12-22 07:10:00,215.69339,231.83778
5161,CNN,2013-12-22 07:20:00,260.60254,239.01659
5161,CNN,2013-12-22 07:30:00,264.78928,241.78195
5161,CNN,2013-12-22 07:40:00,250.56296,260.6342
5161,CNN,2013-12-22 07:50:00,314.787,271.0426
5161,CNN,2013-12-22 08:00:00,313.99716,296.90384
5161,CNN,2013-12-22 08:10:00,307.73666,323.82404
5161,CNN,2013-12-22 08:20:00,368.32413,344.94516
5161,CNN,2013-12-22 08:30:00,479.69916,364.37103
5161,CNN,2013-12-22 08:40:00,485.3155,422.31094
5161,CNN,2013-12-22 08:50:00,637.48254,484.69647
5161,CNN,2013-12-22 09:00:00,769.5695,577.5335
5161,CNN,2013-12-22 09:10:00,1042.939,699.2308
5161,CNN,2013-12-22 09:20:00,1120.0114,895.4062
5161,CNN,2013-12-22 09:30:00,1506.1578,1054.2637
5161,CNN,2013-12-22 09:40:00,1612.749,1313.1979
5161,CNN,2013-12-22 09:50:00,1948.4683,1509.9048
5161,CNN,2013-12-22 10:00:00,1964.9064,1805.3599
5161,CNN,2013-12-22 10:10:00,2264.9587,1954.5989
5161,CNN,2013-12-22 10:20:00,2556.0422,2185.588
5161,CNN,2013-12-22 10:30:00,2781.1304,2395.9475
5161,CNN,2013-12-22 10:40:00,2721.041,2663.346
5161,CNN,2013-12-22 10:50:00,2945.836,2806.382
5161,CNN,2013-12-22 11:00:00,3088.5342,2981.027
5161,CNN,2013-12-22 11:10:00,3307.9297,3134.551
5161,CNN,2013-12-22 11:20:00,3401.1375,3308.0344
5161,CNN,2013-12-22 11:30:00,3480.9958,3459.0493
5161,CNN,2013-12-22 11:40:00,3382.0596,3555.3447
5161,CNN,2013-12-22 11:50:00,3540.3796,3589.974
5161,CNN,2013-12-22 12:00:00,3520.159,3630.0945
5161,CNN,2013-12-22 12:10:00,3635.4126,3667.1394
5161,CNN,2013-12-22 12:20:00,3604.9355,3695.014
5161,CNN,2013-12-22 12:30:00,3322.62,3688.4421
5161,CNN,2013-12-22 12:40:00,3709.6125,3623.6687
5161,CNN,2013-12-22 12:50:00,3698.953,3613.2
5161,CNN,2013-12-22 13:00:00,3807.0195,3599.0671
5161,CNN,2013-12-22 13:10:00,3881.282,3658.796
5161,CNN,2013-12-22 13:20:00,4090.7815,3652.5503
5161,CNN,2013-12-22 13:30:00,4110.3506,3737.569
5161,CNN,2013-12-22 13:40:00,4074.694,3812.8313
5161,CNN,2013-12-22 13:50:00,3939.6633,3863.9214
5161,CNN,2013-12-22 14:00:00,4441.4775,3805.9321
5161,CNN,2013-12-22 14:10:00,4475.815,3929.3735
5161,CNN,2013-12-22 14:20:00,4638.5596,4021.8367
5161,CNN,2013-12-22 14:30:00,4911.654,4158.7437
5161,CNN,2013-12-22 14:40:00,4693.617,4299.1157
5161,CNN,2013-12-22 14:50:00,4772.321,4350.73
5161,CNN,2013-12-22 15:00:00,4917.944,4414.655
5161,CNN,2013-12-22 15:10:00,5202.037,4487.593
5161,CNN,2013-12-22 15:20:00,5496.4404,4641.442
5161,CNN,2013-12-22 15:30:00,5148.8115,4861.8467
5161,CNN,2013-12-22 15:40:00,5170.4727,4850.327
5161,CNN,2013-12-22 15:50:00,5197.569,4851.0977
5161,CNN,2013-12-22 16:00:00,5111.876,4891.2266
5161,CNN,2013-12-22 16:10:00,5203.0317,4879.75
5161,CNN,2013-12-22 16:20:00,4704.4346,4895.4966
5161,CNN,2013-12-22 16:30:00,4574.6064,4813.7886
5161,CNN,2013-12-22 16:40:00,4689.8677,4600.7305
5161,CNN,2013-12-22 16:50:00,4508.6577,4486.4307
5161,CNN,2013-12-22 17:00:00,4076.4365,4340.97
5161,CNN,2013-12-22 17:10:00,3945.8662,4206.2725
5161,CNN,2013-12-22 17:20:00,3792.1099,3939.2075
5161,CNN,2013-12-22 17:30:00,3426.2136,3757.0203
5161,CNN,2013-12-22 17:40:00,3258.95,3535.4714
5161,CNN,2013-12-22 17:50:00,3132.6306,3279.2405
5161,CNN,2013-12-22 18:00:00,2755.7332,2979.8435
5161,CNN,2013-12-22 18:10:00,2439.4658,2775.0266
5161,CNN,2013-12-22 18:20:00,2133.372,2508.0442
5161,CNN,2013-12-22 18:30:00,1886.3403,2225.1497
5161,CNN,2013-12-22 18:40:00,1736.2622,2003.0698
5161,CNN,2013-12-22 18:50:00,1414.5424,1805.8601
5161,CNN,2013-12-22 19:00:00,1426.4116,1597.8815
5161,CNN,2013-12-22 19:10:00,1313.5432,1373.7352
5161,CNN,2013-12-22 19:20:00,1210.7015,1297.5037
5161,CNN,2013-12-22 19:30:00,1004.9643,1152.1678
5161,CNN,2013-12-22 19:40:00,878.2758,1046.9553
5161,CNN,2013-12-22 19:50:00,916.84094,917.5978
5161,CNN,2013-12-22 20:00:00,756.34454,860.65717
5161,CNN,2013-12-22 20:10:00,573.801,770.2433
5161,CNN,2013-12-22 20:20:00,561.53125,665.7352
5161,CNN,2013-12-22 20:30:00,604.3314,561.60223
5161,CNN,2013-12-22 20:40:00,415.27356,505.87485
5161,CNN,2013-12-22 20:50:00,512.7652,446.00275
5161,CNN,2013-12-22 21:00:00,696.9035,385.51297
5161,CNN,2013-12-22 21:10:00,547.44727,399.83688
5161,CNN,2013-12-22 21:20:00,431.0218,427.6567
5161,CNN,2013-12-22 21:30:00,381.1056,383.1597
5161,CNN,2013-12-22 21:40:00,402.65027,356.00995
5161,CNN,2013-12-22 21:50:00,363.70203,332.57272
5161,CNN,2013-12-22 22:00:00,364.70593,320.38834
5161,CNN,2013-12-22 22:10:00,293.6267,309.07217
5161,CNN,2013-12-22 22:20:00,271.79803,266.50333
5161,CNN,2013-12-22 22:30:00,254.00237,272.7778
5161,CNN,2013-12-22 22:40:00,280.6933,243.3135
5161,CNN,2013-12-22 22:50:00,230.58522,228.08035
5161,LSTM,2013-12-16 04:00:00,210.14604,207.7025
5161,LSTM,2013-12-16 04:10:00,205.14394,212.89368
5161,LSTM,2013-12-16 04:20:00,189.92653,215.99277
5161,LSTM,2013-12-16 04:30:00,202.23596,213.94302
5161,LSTM,2013-12-16 04:40:00,209.58281,215.91167
5161,LSTM,2013-12-16 04:50:00,187.69508,219.86346
5161,LSTM,2013-12-16 05:00:00,199.13739,216.4498
5161,LSTM,2013-12-16 05:10:00,207.1426,216.84271
5161,LSTM,2013-12-16 05:20:00,193.52405,219.58765
5161,LSTM,2013-12-16 05:30:00,233.35507,217.72862
5161,LSTM,2013-12-16 05:40:00,318.2609,228.37402
5161,LSTM,2013-12-16 05:50:00,289.03192,263.9608
5161,LSTM,2013-12-16 06:00:00,270.34906,285.40668
5161,LSTM,2013-12-16 06:10:00,247.3762,296.5777
5161,LSTM,2013-12-16 06:20:00,269.4001,297.04126
5161,LSTM,2013-12-16 06:30:00,277.7562,302.28818
5161,LSTM,2013-12-16 06:40:00,299.50864,307.87134
5161,LSTM,2013-12-16 06:50:00,318.23898,318.1376
5161,LSTM,2013-12-16 07:00:00,395.32352,331.6975
5161,LSTM,2013-12-16 07:10:00,432.19434,366.31445
5161,LSTM,2013-12-16 07:20:00,419.68817,406.37067
5161,LSTM,2013-12-16 07:30:00,572.12714,434.7403
5161,LSTM,2013-12-16 07:40:00,695.29205,504.0237
5161,LSTM,2013-12-16 07:50:00,704.80206,599.399
5161,LSTM,2013-12-16 08:00:00,789.2132,679.86115
5161,LSTM,2013-12-16 08:10:00,869.79865,768.7452
5161,LSTM,2013-12-16 08:20:00,834.4706,862.5327
5161,LSTM,2013-12-16 08:30:00,946.5521,922.4086
5161,LSTM,2013-12-16 08:40:00,943.60834,998.64813
5161,LSTM,2013-12-16 08:50:00,961.70447,1052.6185
5161,LSTM,2013-12-16 09:00:00,1011.94965,1093.7714
5161,LSTM,2013-12-16 09:10:00,947.59705,1134.5675
5161,LSTM,2013-12-16 09:20:00,1048.656,1139.2169
5161,LSTM,2013-12-16 09:30:00,1179.4794,1166.4183
5161,LSTM,2013-12-16 09:40:00,1383.9191,1224.4557
5161,LSTM,2013-12-16 09:50:00,1328.7418,1328.709
5161,LSTM,2013-12-16 10:00:00,1379.0597,1390.6998
5161,LSTM,2013-12-16 10:10:00,1550.8689,1450.3069
5161,LSTM,2013-12-16 10:20:00,1559.0098,1542.6235
5161,LSTM,2013-12-16 10:30:00,1864.4413,1615.4827
5161,LSTM,2013-12-16 10:40:00,1848.016,1757.0035
5161,LSTM,2013-12-16 10:50:00,1709.3956,1863.6373
5161,LSTM,2013-12-16 11:00:00,1961.1587,1901.2433
5161,LSTM,2013-12-16 11:10:00,2086.6458,1992.1947
5161,LSTM,2013-12-16 11:20:00,1910.0787,2094.1194
5161,LSTM,2013-12-16 11:30:00,2116.0876,2116.3572
5161,LSTM,2013-12-16 11:40:00,2292.748,2181.1938
5161,LSTM,2013-12-16 11:50:00,2109.0095,2275.522
5161,LSTM,2013-12-16 12:00:00,2360.4446,2290.361
5161,LSTM,2013-12-16 12:10:00,2505.1448,2364.0647
5161,LSTM,2013-12-16 12:20:00,2585.238,2459.0103
5161,LSTM,2013-12-16 12:30:00,2969.4912,2553.5305
5161,LSTM,2013-12-16 12:40:00,3057.33,2736.5693
5161,LSTM,2013-12-16 12:50:00,2938.056,2900.884
5161,LSTM,2013-12-16 13:00:00,2866.0698,2995.0967
5161,LSTM,2013-12-16 13:10:00,2798.73,3037.727
5161,LSTM,2013-12-16 13:20:00,2803.0942,3035.3823
5161,LSTM,2013-12-16 13:30:00,2646.84,3012.7004
5161,LSTM,2013-12-16 13:40:00,2462.6577,2931.9475
5161,LSTM,2013-12-16 13:50:00,2350.5298,2796.7734
5161,LSTM,2013-12-16 14:00:00,2328.2554,2642.4465
5161,LSTM,2013-12-16 14:10:00,2480.486,2504.5754
5161,LSTM,2013-12-16 14:20:00,2310.5579,2438.1118
5161,LSTM,2013-12-16 14:30:00,2615.6433,2341.7852
5161,LSTM,2013-12-16 14:40:00,2538.4104,2360.2583
5161,LSTM,2013-12-16 14:50:00,2448.4739,2365.8096
5161,LSTM,2013-12-16 15:00:00,2772.0137,2354.1975
5161,LSTM,2013-12-16 15:10:00,2690.5195,2446.5308
5161,LSTM,2013-12-16 15:20:00,2592.648,2507.1826
5161,LSTM,2013-12-16 15:30:00,2785.3909,2532.3923
5161,LSTM,2013-12-16 15:40:00,2619.2585,2609.1995
5161,LSTM,2013-12-16 15:50:00,2633.5862,2622.6545
5161,LSTM,2013-12-16 16:00:00,2544.4758,2634.351
5161,LSTM,2013-12-16 16:10:00,2674.0369,2612.3088
5161,LSTM,2013-12-16 16:20:00,2557.1147,2627.1753
5161,LSTM,2013-12-16 16:30:00,2391.7551,2602.1604
5161,LSTM,2013-12-16 16:40:00,2553.3015,2527.65
5161,LSTM,2013-12-16 16:50:00,2696.6912,2509.8796
5161,LSTM,2013-12-16 17:00:00,2386.3591,2539.1829
5161,LSTM,2013-12-16 17:10:00,2363.5815,2474.855
5161,LSTM,2013-12-16 17:20:00,2429.09,2414.1323
5161,LSTM,2013-12-16 17:30:00,2416.3308,2384.0496
5161,LSTM,2013-12-16 17:40:00,2332.4739,2359.5605
5161,LSTM,2013-12-16 17:50:00,2197.7908,2319.4275
5161,LSTM,2013-12-16 18:00:00,2127.2327,2250.5261
5161,LSTM,2013-12-16 18:10:00,2131.437,2175.9734
5161,LSTM,2013-12-16 18:20:00,1931.2819,2119.352
5161,LSTM,2013-12-16 18:30:00,1857.6206,2020.4075
5161,LSTM,2013-12-16 18:40:00,1720.8193,1921.3955
5161,LSTM,2013-12-16 18:50:00,1719.8895,1806.6682
5161,LSTM,2013-12-16 19:00:00,1494.5803,1719.9607
5161,LSTM,2013-12-16 19:10:00,1387.2498,1592.2361
5161,LSTM,2013-12-16 19:20:00,1310.2694,1465.4515
5161,LSTM,2013-12-16 19:30:00,1161.1025,1349.6326
5161,LSTM,2013-12-16 19:40:00,1097.789,1222.5735
5161,LSTM,2013-12-16 19:50:00,1052.019,1113.0444
5161,LSTM,2013-12-16 20:00:00,966.3625,1020.03296
5161,LSTM,2013-12-16 20:10:00,789.50476,926.8164
5161,LSTM,2013-12-16 20:20:00,889.26215,809.0561
5161,LSTM,2013-12-16 20:30:00,790.8689,758.17194
5161,LSTM,2013-12-16 20:40:00,795.4714,701.92755
5161,LSTM,2013-12-16 20:50:00,769.1046,670.7751
5161,LSTM,2013-12-16 21:00:00,695.05756,649.6291
5161,LSTM,2013-12-16 21:10:00,614.00037,621.1325
5161,LSTM,2013-12-16 21:20:00,642.0887,581.3642
5161,LSTM,2013-12-16 21:30:00,682.7367,564.8258
5161,LSTM,2013-12-16 21:40:00,582.5713,571.8493
5161,LSTM,2013-12-16 21:50:00,860.38293,553.57654
5161,LSTM,2013-12-16 22:00:00,633.47144,631.50244
5161,LSTM,2013-12-16 22:10:00,543.3787,631.96484
5161,LSTM,2013-12-16 22:20:00,597.4092,604.84265
5161,LSTM,2013-12-16 22:30:00,610.5447,599.60547
5161,LSTM,2013-12-16 22:40:00,333.73605,600.9603
5161,LSTM,2013-12-16 22:50:00,394.09167,516.3647
5161,LSTM,2013-12-16 23:00:00,417.16583,463.5489
5161,LSTM,2013-12-16 23:10:00,311.1909,429.65018
5161,LSTM,2013-12-16 23:20:00,445.8625,372.41492
5161,LSTM,2013-12-16 23:30:00,342.1666,370.9182
5161,LSTM,2013-12-16 23:40:00,318.08643,343.5968
5161,LSTM,2013-12-16 23:50:00,304.5793,317.6028
5161,LSTM,2013-12-17 00:00:00,302.76498,295.87592
5161,LSTM,2013-12-17 00:10:00,232.73166,281.47308
5161,LSTM,2013-12-17 00:20:00,268.7748,252.09883
5161,LSTM,2013-12-17 00:30:00,226.48288,241.85501
5161,LSTM,2013-12-17 00:40:00,187.17807,224.23546
5161,LSTM,2013-12-17 00:50:00,223.17186,200.43271
5161,LSTM,2013-12-17 01:00:00,234.36075,194.51616
5161,LSTM,2013-12-17 01:10:00,216.70508,196.59943
5161,LSTM,2013-12-17 01:20:00,229.82294,196.1349
5161,LSTM,2013-12-17 01:30:00,209.51703,202.0576
5161,LSTM,2013-12-17 01:40:00,183.1384,202.57138
5161,LSTM,2013-12-17 01:50:00,202.82635,196.14987
5161,LSTM,2013-12-17 02:00:00,204.51138,197.00659
5161,LSTM,2013-12-17 02:10:00,173.6049,199.48204
5161,LSTM,2013-12-17 02:20:00,195.62657,192.92123
5161,LSTM,2013-12-17 02:30:00,199.54,194.4619
5161,LSTM,2013-12-17 02:40:00,188.96452,197.57968
5161,LSTM,2013-12-17 02:50:00,206.67401,197.96179
5161,LSTM,2013-12-17 03:00:00,213.5412,204.05249
5161,LSTM,2013-12-17 03:10:00,164.3832,211.65833
5161,LSTM,2013-12-17 03:20:00,205.71875,203.14752
5161,LSTM,2013-12-17 03:30:00,189.8338,208.06749
5161,LSTM,2013-12-17 03:40:00,165.30069,207.6283
5161,LSTM,2013-12-17 03:50:00,211.25015,199.59146
5161,LSTM,2013-12-17 04:00:00,207.73288,206.87263
5161,LSTM,2013-12-17 04:10:00,186.83727,212.38171
5161,LSTM,2013-12-17 04:20:00,212.57007,210.7669
5161,LSTM,2013-12-17 04:30:00,199.12,217.08917
5161,LSTM,2013-12-17 04:40:00,189.68364,218.36197
5161,LSTM,2013-12-17 04:50:00,206.41656,216.32121
5161,LSTM,2013-12-17 05:00:00,199.14429,219.42674
5161,LSTM,2013-12-17 05:10:00,175.57236,219.69868
5161,LSTM,2013-12-17 05:20:00,211.8952,212.41995
5161,LSTM,2013-12-17 05:30:00,229.97296,217.182
5161,LSTM,2013-12-17 05:40:00,222.11827,227.0956
5161,LSTM,2013-12-17 05:50:00,266.95532,233.25375
5161,LSTM,2013-12-17 06:00:00,266.6577,252.0992
5161,LSTM,2013-12-17 06:10:00,264.9794,267.81027
5161,LSTM,2013-12-17 06:20:00,299.75565,279.86478
5161,LSTM,2013-12-17 06:30:00,341.219,299.67172
5161,LSTM,2013-12-17 06:40:00,302.00635,328.41568
5161,LSTM,2013-12-17 06:50:00,336.06754,339.08307
5161,LSTM,2013-12-17 07:00:00,375.19308,356.44666
5161,LSTM,2013-12-17 07:10:00,397.58102,381.39963
5161,LSTM,2013-12-17 07:20:00,489.18375,407.6973
5161,LSTM,2013-12-17 07:30:00,534.2422,456.48984
5161,LSTM,2013-12-17 07:40:00,660.0387,509.8974
5161,LSTM,2013-12-17 07:50:00,617.42114,591.82947
5161,LSTM,2013-12-17 08:00:00,824.71655,644.08936
5161,LSTM,2013-12-17 08:10:00,862.9117,748.0992
5161,LSTM,2013-12-17 08:20:00,903.38446,843.0786
5161,LSTM,2013-12-17 08:30:00,993.2105,928.76874
5161,LSTM,2013-12-17 08:40:00,1057.9623,1020.80865
5161,LSTM,2013-12-17 08:50:00,1036.0688,1109.6383
5161,LSTM,2013-12-17 09:00:00,1217.5115,1167.0773
5161,LSTM,2013-12-17 09:10:00,1188.2633,1262.0823
5161,LSTM,2013-12-17 09:20:00,1214.9235,1322.027
5161,LSTM,2013-12-17 09:30:00,1532.3738,1364.4045
5161,LSTM,2013-12-17 09:40:00,1466.2655,1481.7239
5161,LSTM,2013-12-17 09:50:00,1664.7877,1553.8966
5161,LSTM,2013-12-17 10:00:00,1818.2194,1661.8126
5161,LSTM,2013-12-17 10:10:00,1694.5822,1787.6498
5161,LSTM,2013-12-17 10:20:00,1874.4421,1846.6854
5161,LSTM,2013-12-17 10:30:00,2035.2654,1934.812
5161,LSTM,2013-12-17 10:40:00,2138.9644,2043.5653
5161,LSTM,2013-12-17 10:50:00,2250.6003,2153.725
5161,LSTM,2013-12-17 11:00:00,2388.473,2266.4834
5161,LSTM,2013-12-17 11:10:00,2460.7341,2387.6152
5161,LSTM,2013-12-17 11:20:00,2415.1035,2496.1782
5161,LSTM,2013-12-17 11:30:00,2763.068,2557.9775
5161,LSTM,2013-12-17 11:40:00,2744.7373,2693.3574
5161,LSTM,2013-12-17 11:50:00,2774.4429,2788.6172
5161,LSTM,2013-12-17 12:00:00,3062.4578,2862.696
5161,LSTM,2013-12-17 12:10:00,3291.7275,2989.2612
5161,LSTM,2013-12-17 12:20:00,3444.106,3143.283
5161,LSTM,2013-12-17 12:30:00,3373.3855,3301.7405
5161,LSTM,2013-12-17 12:40:00,3342.427,3403.166
5161,LSTM,2013-12-17 12:50:00,3505.4324,3462.6633
5161,LSTM,2013-12-17 13:00:00,3803.9375,3537.5242
5161,LSTM,2013-12-17 13:10:00,3543.5134,3663.872
5161,LSTM,2013-12-17 13:20:00,3208.6392,3688.4155
5161,LSTM,2013-12-17 13:30:00,3234.5732,3602.3704
5161,LSTM,2013-12-17 13:40:00,3110.6792,3503.0112
5161,LSTM,2013-12-17 13:50:00,3139.6963,3368.5347
5161,LSTM,2013-12-17 14:00:00,2945.2466,3258.0964
5161,LSTM,2013-12-17 14:10:00,2766.0857,3107.013
5161,LSTM,2013-12-17 14:20:00,3100.932,2931.1824
5161,LSTM,2013-12-17 14:30:00,3517.678,2891.5327
5161,LSTM,2013-12-17 14:40:00,3524.895,2997.3887
5161,LSTM,2013-12-17 14:50:00,3358.1033,3104.8096
5161,LSTM,2013-12-17 15:00:00,3876.9597,3154.7441
5161,LSTM,2013-12-17 15:10:00,3759.038,3355.4795
5161,LSTM,2013-12-17 15:20:00,3837.1492,3490.885
5161,LSTM,2013-12-17 15:30:00,3774.914,3615.6233
5161,LSTM,2013-12-17 15:40:00,3495.1526,3693.2043
5161,LSTM,2013-12-17 15:50:00,3764.5986,3671.319
5161,LSTM,2013-12-17 16:00:00,3746.0464,3710.7585
5161,LSTM,2013-12-17 16:10:00,3641.88,3726.9653
5161,LSTM,2013-12-17 16:20:00,3795.984,3700.0283
5161,LSTM,2013-12-17 16:30:00,3566.9692,3711.9038
5161,LSTM,2013-12-17 16:40:00,3228.2769,3646.5435
5161,LSTM,2013-12-17 16:50:00,3273.0974,3483.261
5161,LSTM,2013-12-17 17:00:00,3197.3655,3354.7705
5161,LSTM,2013-12-17 17:10:00,3225.8516,3225.0828
5161,LSTM,2013-12-17 17:20:00,2850.039,3132.7336
5161,LSTM,2013-12-17 17:30:00,3065.798,2954.4668
5161,LSTM,2013-12-17 17:40:00,2853.2896,2880.5476
5161,LSTM,2013-12-17 17:50:00,2902.8008,2771.1453
5161,LSTM,2013-12-17 18:00:00,2814.6863,2709.4011
5161,LSTM,2013-12-17 18:10:00,2951.324,2648.2488
5161,LSTM,2013-12-17 18:20:00,2730.4817,2653.6567
5161,LSTM,2013-12-17 18:30:00,2447.7034,2606.1675
5161,LSTM,2013-12-17 18:40:00,2416.3674,2491.3743
5161,LSTM,2013-12-17 18:50:00,2257.1748,2393.9377
5161,LSTM,2013-12-17 19:00:00,2049.7354,2275.8552
5161,LSTM,2013-12-17 19:10:00,1769.0593,2124.7476
5161,LSTM,2013-12-17 19:20:00,1671.0309,1927.7567
5161,LSTM,2013-12-17 19:30:00,1472.355,1747.1661
5161,LSTM,2013-12-17 19:40:00,1444.2585,1555.3198
5161,LSTM,2013-12-17 19:50:00,1219.8506,1406.8496
5161,LSTM,2013-12-17 20:00:00,1171.9624,1238.9921
5161,LSTM,2013-12-17 20:10:00,1066.5072,1106.3077
5161,LSTM,2013-12-17 20:20:00,1065.6753,987.2607
5161,LSTM,2013-12-17 20:30:00,1107.4401,898.7365
5161,LSTM,2013-12-17 20:40:00,1170.1951,862.8769
5161,LSTM,2013-12-17 20:50:00,881.85944,876.8655
5161,LSTM,2013-12-17 21:00:00,747.4791,816.5772
5161,LSTM,2013-12-17 21:10:00,636.772,737.0162
5161,LSTM,2013-12-17 21:20:00,549.43256,646.6626
5161,LSTM,2013-12-17 21:30:00,636.7148,555.55
5161,LSTM,2013-12-17 21:40:00,583.74817,517.7023
5161,LSTM,2013-12-17 21:50:00,538.8654,482.74048
5161,LSTM,2013-12-17 22:00:00,543.96155,450.504
5161,LSTM,2013-12-17 22:10:00,439.51578,435.21307
5161,LSTM,2013-12-17 22:20:00,424.59024,398.11197
5161,LSTM,2013-12-17 22:30:00,452.19907,369.74796
5161,LSTM,2013-12-17 22:40:00,361.0226,362.1419
5161,LSTM,2013-12-17 22:50:00,371.866,333.90897
5161,LSTM,2013-12-17 23:00:00,434.7364,319.02493
5161,LSTM,2013-12-17 23:10:00,406.53528,331.96347
5161,LSTM,2013-12-17 23:20:00,314.7144,339.9287
5161,LSTM,2013-12-17 23:30:00,311.52432,321.70724
5161,LSTM,2013-12-17 23:40:00,268.64502,307.88397
5161,LSTM,2013-12-17 23:50:00,269.08862,285.18094
5161,LSTM,2013-12-18 00:00:00,303.09613,268.7936
5161,LSTM,2013-12-18 00:10:00,274.72974,268.38123
5161,LSTM,2013-12-18 00:20:00,234.28204,262.3207
5161,LSTM,2013-12-18 00:30:00,258.46707,246.88068
5161,LSTM,2013-12-18 00:40:00,235.9508,242.94124
5161,LSTM,2013-12-18 00:50:00,214.01556,234.48224
5161,LSTM,2013-12-18 01:00:00,244.06613,222.68015
5161,LSTM,2013-12-18 01:10:00,221.39583,223.90733
5161,LSTM,2013-12-18 01:20:00,390.53134,220.1071
5161,LSTM,2013-12-18 01:30:00,385.1137,271.1356
5161,LSTM,2013-12-18 01:40:00,443.7337,315.2875
5161,LSTM,2013-12-18 01:50:00,424.5218,371.27325
5161,LSTM,2013-12-18 02:00:00,514.8599,411.59006
5161,LSTM,2013-12-18 02:10:00,243.27391,471.2203
5161,LSTM,2013-12-18 02:20:00,216.10474,433.02206
5161,LSTM,2013-12-18 02:30:00,226.1257,385.85794
5161,LSTM,2013-12-18 02:40:00,232.07373,345.1606
5161,LSTM,2013-12-18 02:50:00,208.05132,311.64224
5161,LSTM,2013-12-18 03:00:00,225.40233,276.37677
5161,LSTM,2013-12-18 03:10:00,227.49486,253.26064
5161,LSTM,2013-12-18 03:20:00,215.54005,236.87535
5161,LSTM,2013-12-18 03:30:00,227.6982,222.29721
5161,LSTM,2013-12-18 03:40:00,220.47952,216.53978
5161,LSTM,2013-12-18 03:50:00,219.93323,212.31612
5161,LSTM,2013-12-18 04:00:00,234.73874,210.97801
5161,LSTM,2013-12-18 04:10:00,256.21884,216.42055
5161,LSTM,2013-12-18 04:20:00,246.57613,229.49806
5161,LSTM,2013-12-18 04:30:00,248.08905,239.00372
5161,LSTM,2013-12-18 04:40:00,257.0533,248.04192
5161,LSTM,2013-12-18 04:50:00,243.37932,258.62622
5161,LSTM,2013-12-18 05:00:00,263.1779,263.21283
5161,LSTM,2013-12-18 05:10:00,227.68663,272.61005
5161,LSTM,2013-12-18 05:20:00,237.63649,269.0526
5161,LSTM,2013-12-18 05:30:00,320.8879,267.8292
5161,LSTM,2013-12-18 05:40:00,246.09839,291.9986
5161,LSTM,2013-12-18 05:50:00,260.01495,289.11252
5161,LSTM,2013-12-18 06:00:00,350.64963,289.689
5161,LSTM,2013-12-18 06:10:00,396.9144,317.44772
5161,LSTM,2013-12-18 06:20:00,404.74664,355.96512
5161,LSTM,2013-12-18 06:30:00,444.64053,390.48123
5161,LSTM,2013-12-18 06:40:00,383.8241,430.46506
5161,LSTM,2013-12-18 06:50:00,396.3336,442.7196
5161,LSTM,2013-12-18 07:00:00,413.65234,453.35678
5161,LSTM,2013-12-18 07:10:00,642.7808,464.4651
5161,LSTM,2013-12-18 07:20:00,541.2099,543.3268
5161,LSTM,2013-12-18 07:30:00,618.90344,576.81494
5161,LSTM,2013-12-18 07:40:00,646.4804,625.4029
5161,LSTM,2013-12-18 07:50:00,736.52924,671.0684
5161,LSTM,2013-12-18 08:00:00,844.3093,733.43134
5161,LSTM,2013-12-18 08:10:00,899.5496,815.54974
5161,LSTM,2013-12-18 08:20:00,958.5369,897.2247
5161,LSTM,2013-12-18 08:30:00,1156.951,978.35693
5161,LSTM,2013-12-18 08:40:00,1070.9885,1102.5161
5161,LSTM,2013-12-18 08:50:00,1130.0845,1172.0844
5161,LSTM,2013-12-18 09:00:00,1296.178,1238.6597
5161,LSTM,2013-12-18 09:10:00,1440.553,1334.5037
5161,LSTM,2013-12-18 09:20:00,1529.7799,1441.4865
5161,LSTM,2013-12-18 09:30:00,1691.0552,1548.3228
5161,LSTM,2013-12-18 09:40:00,1911.0961,1674.5013
5161,LSTM,2013-12-18 09:50:00,1785.5616,1834.0132
5161,LSTM,2013-12-18 10:00:00,2071.8499,1919.4974
5161,LSTM,2013-12-18 10:10:00,2104.384,2058.8706
5161,LSTM,2013-12-18 10:20:00,2088.5828,2170.9265
5161,LSTM,2013-12-18 10:30:00,2219.114,2243.8655
5161,LSTM,2013-12-18 10:40:00,2249.7117,2325.6526
5161,LSTM,2013-12-18 10:50:00,2448.1501,2386.382
5161,LSTM,2013-12-18 11:00:00,2599.8909,2480.2224
5161,LSTM,2013-12-18 11:10:00,2445.932,2590.3274
5161,LSTM,2013-12-18 11:20:00,2537.695,2623.0325
5161,LSTM,2013-12-18 11:30:00,2588.7942,2661.8853
5161,LSTM,2013-12-18 11:40:00,2524.9182,2695.4272
5161,LSTM,2013-12-18 11:50:00,2801.2405,2692.0903
5161,LSTM,2013-12-18 12:00:00,2847.3315,2759.7769
5161,LSTM,2013-12-18 12:10:00,3144.238,2822.46
5161,LSTM,2013-12-18 12:20:00,3527.2244,2955.9072
5161,LSTM,2013-12-18 12:30:00,3725.421,3166.7349
5161,LSTM,2013-12-18 12:40:00,3822.5183,3384.2344
5161,LSTM,2013-12-18 12:50:00,3866.7158,3585.3418
5161,LSTM,2013-12-18 13:00:00,3877.3699,3752.3535
5161,LSTM,2013-12-18 13:10:00,3581.2974,3876.249
5161,LSTM,2013-12-18 13:20:00,3756.3367,3878.5361
5161,LSTM,2013-12-18 13:30:00,3436.1636,3901.0103
5161,LSTM,2013-12-18 13:40:00,3591.0415,3813.861
5161,LSTM,2013-12-18 13:50:00,3316.7224,3758.0127
5161,LSTM,2013-12-18 14:00:00,3167.509,3611.029
5161,LSTM,2013-12-18 14:10:00,3138.919,3432.0452
5161,LSTM,2013-12-18 14:20:00,3047.273,3271.6511
5161,LSTM,2013-12-18 14:30:00,3150.5264,3115.1702
5161,LSTM,2013-12-18 14:40:00,2938.9463,3025.0771
5161,LSTM,2013-12-18 14:50:00,3039.379,2900.8206
5161,LSTM,2013-12-18 15:00:00,3118.2083,2840.8198
5161,LSTM,2013-12-18 15:10:00,3213.4922,2830.0698
5161,LSTM,2013-12-18 15:20:00,3012.9036,2866.5508
5161,LSTM,2013-12-18 15:30:00,2953.8875,2851.0679
5161,LSTM,2013-12-18 15:40:00,2920.7847,2829.32
5161,LSTM,2013-12-18 15:50:00,2932.362,2808.3147
5161,LSTM,2013-12-18 16:00:00,3075.2095,2799.1611
5161,LSTM,2013-12-18 16:10:00,3023.2144,2839.6199
5161,LSTM,2013-12-18 16:20:00,2955.8096,2862.549
5161,LSTM,2013-12-18 16:30:00,2909.414,2862.9739
5161,LSTM,2013-12-18 16:40:00,2701.2969,2849.2073
5161,LSTM,2013-12-18 16:50:00,2824.2446,2774.816
5161,LSTM,2013-12-18 17:00:00,2610.1592,2747.999
5161,LSTM,2013-12-18 17:10:00,2438.9463,2663.8513
5161,LSTM,2013-12-18 17:20:00,2638.442,2545.5188
5161,LSTM,2013-12-18 17:30:00,2572.8606,2508.6675
5161,LSTM,2013-12-18 17:40:00,2564.8267,2467.7834
5161,LSTM,2013-12-18 17:50:00,2356.0193,2439.0544
5161,LSTM,2013-12-18 18:00:00,2361.8774,2362.1252
5161,LSTM,2013-12-18 18:10:00,2249.49,2306.4463
5161,LSTM,2013-12-18 18:20:00,2056.9507,2234.4656
5161,LSTM,2013-12-18 18:30:00,2078.2659,2125.4263
5161,LSTM,2013-12-18 18:40:00,2282.8704,2047.718
5161,LSTM,2013-12-18 18:50:00,2069.832,2053.7317
5161,LSTM,2013-12-18 19:00:00,1856.3398,2008.407
5161,LSTM,2013-12-18 19:10:00,1593.6848,1916.3544
5161,LSTM,2013-12-18 19:20:00,1380.7185,1768.9614
5161,LSTM,2013-12-18 19:30:00,1368.4242,1591.1683
5161,LSTM,2013-12-18 19:40:00,1136.7921,1448.6635
5161,LSTM,2013-12-18 19:50:00,1057.0448,1276.4338
5161,LSTM,2013-12-18 20:00:00,952.5083,1123.5197
5161,LSTM,2013-12-18 20:10:00,885.5504,976.9842
5161,LSTM,2013-12-18 20:20:00,945.30396,844.7386
5161,LSTM,2013-12-18 20:30:00,955.2644,774.8806
5161,LSTM,2013-12-18 20:40:00,908.50287,741.95605
5161,LSTM,2013-12-18 20:50:00,948.1962,720.5638
5161,LSTM,2013-12-18 21:00:00,824.9544,732.09576
5161,LSTM,2013-12-18 21:10:00,795.2902,717.87396
5161,LSTM,2013-12-18 21:20:00,611.88983,707.53644
5161,LSTM,2013-12-18 21:30:00,578.9331,648.62897
5161,LSTM,2013-12-18 21:40:00,579.75836,594.6547
5161,LSTM,2013-12-18 21:50:00,505.07068,555.92847
5161,LSTM,2013-12-18 22:00:00,457.73096,507.31744
5161,LSTM,2013-12-18 22:10:00,554.7294,458.02222
5161,LSTM,2013-12-18 22:20:00,463.8495,454.03345
5161,LSTM,2013-12-18 22:30:00,405.31705,430.19058
5161,LSTM,2013-12-18 22:40:00,362.23328,397.39352
5161,LSTM,2013-12-18 22:50:00,315.83978,360.62878
5161,LSTM,2013-12-18 23:00:00,274.1597,320.24026
5161,LSTM,2013-12-18 23:10:00,267.61264,278.4517
5161,LSTM,2013-12-18 23:20:00,269.4348,246.96376
5161,LSTM,2013-12-18 23:30:00,251.59937,227.27614
5161,LSTM,2013-12-18 23:40:00,241.11076,210.89113
5161,LSTM,2013-12-18 23:50:00,217.61388,199.47481
5161,LSTM,2013-12-19 00:00:00,203.93837,187.45813
5161,LSTM,2013-12-19 00:10:00,204.19022,177.3477
5161,LSTM,2013-12-19 00:20:00,169.83192,172.64099
5161,LSTM,2013-12-19 00:30:00,162.9695,161.1329
5161,LSTM,2013-12-19 00:40:00,188.53651,151.72803
5161,LSTM,2013-12-19 00:50:00,145.82474,154.11414
5161,LSTM,2013-12-19 01:00:00,147.1228,145.17102
5161,LSTM,2013-12-19 01:10:00,160.85327,139.74825
5161,LSTM,2013-12-19 01:20:00,167.06288,141.05829
5161,LSTM,2013-12-19 01:30:00,144.11838,146.03137
5161,LSTM,2013-12-19 01:40:00,168.72066,144.55846
5161,LSTM,2013-12-19 01:50:00,163.0736,151.70938
5161,LSTM,2013-12-19 02:00:00,140.6902,156.9846
5161,LSTM,2013-12-19 02:10:00,169.9931,155.02087
5161,LSTM,2013-12-19 02:20:00,146.30841,162.27402
5161,LSTM,2013-12-19 02:30:00,139.73344,161.46017
5161,LSTM,2013-12-19 02:40:00,157.53612,158.672
5161,LSTM,2013-12-19 02:50:00,149.2089,161.80345
5161,LSTM,2013-12-19 03:00:00,137.03987,162.1244
5161,LSTM,2013-12-19 03:10:00,161.42363,158.70297
5161,LSTM,2013-12-19 03:20:00,149.15988,163.31651
5161,LSTM,2013-12-19 03:30:00,137.69418,163.65186
5161,LSTM,2013-12-19 03:40:00,167.33061,160.35779
5161,LSTM,2013-12-19 03:50:00,163.06259,166.65796
5161,LSTM,2013-12-19 04:00:00,148.12737,170.9386
5161,LSTM,2013-12-19 04:10:00,192.28413,169.90335
5161,LSTM,2013-12-19 04:20:00,164.71341,182.43886
5161,LSTM,2013-12-19 04:30:00,144.27452,184.66695
5161,LSTM,2013-12-19 04:40:00,199.8322,179.70776
5161,LSTM,2013-12-19 04:50:00,156.3342,192.07312
5161,LSTM,2013-12-19 05:00:00,143.32224,189.15779
5161,LSTM,2013-12-19 05:10:00,201.51146,181.98695
5161,LSTM,2013-12-19 05:20:00,182.49237,193.42993
5161,LSTM,2013-12-19 05:30:00,133.89032,197.42757
5161,LSTM,2013-12-19 05:40:00,189.73953,185.42062
5161,LSTM,2013-12-19 05:50:00,187.93494,191.80653
5161,LSTM,2013-12-19 06:00:00,209.46092,196.85815
5161,LSTM,2013-12-19 06:10:00,197.42627,207.79318
5161,LSTM,2013-12-19 06:20:00,212.6369,213.17856
5161,LSTM,2013-12-19 06:30:00,216.06082,221.9555
5161,LSTM,2013-12-19 06:40:00,261.43173,229.94864
5161,LSTM,2013-12-19 06:50:00,296.271,250.09158
5161,LSTM,2013-12-19 07:00:00,342.76184,277.45914
5161,LSTM,2013-12-19 07:10:00,346.69257,314.36713
5161,LSTM,2013-12-19 07:20:00,422.2298,345.5429
5161,LSTM,2013-12-19 07:30:00,488.46075,393.32217
5161,LSTM,2013-12-19 07:40:00,604.7331,452.15594
5161,LSTM,2013-12-19 07:50:00,607.37067,535.3971
5161,LSTM,2013-12-19 08:00:00,717.09607,602.842
5161,LSTM,2013-12-19 08:10:00,744.41266,688.7309
5161,LSTM,2013-12-19 08:20:00,885.86914,763.5695
5161,LSTM,2013-12-19 08:30:00,956.97504,863.9563
5161,LSTM,2013-12-19 08:40:00,974.42224,963.56525
5161,LSTM,2013-12-19 08:50:00,1099.8969,1043.8354
5161,LSTM,2013-12-19 09:00:00,1223.0265,1140.95
5161,LSTM,2013-12-19 09:10:00,1343.774,1251.8107
5161,LSTM,2013-12-19 09:20:00,1372.3713,1368.2925
5161,LSTM,2013-12-19 09:30:00,1541.0254,1457.3369
5161,LSTM,2013-12-19 09:40:00,1538.6102,1569.1156
5161,LSTM,2013-12-19 09:50:00,1767.8145,1650.4766
5161,LSTM,2013-12-19 10:00:00,1720.5001,1772.1804
5161,LSTM,2013-12-19 10:10:00,1655.2976,1848.3062
5161,LSTM,2013-12-19 10:20:00,1764.8962,1878.4398
5161,LSTM,2013-12-19 10:30:00,1819.6342,1920.4108
5161,LSTM,2013-12-19 10:40:00,2052.6956,1958.8645
5161,LSTM,2013-12-19 10:50:00,2101.9968,2048.3247
5161,LSTM,2013-12-19 11:00:00,2135.1353,2129.2124
5161,LSTM,2013-12-19 11:10:00,2269.4614,2197.0657
5161,LSTM,2013-12-19 11:20:00,2298.473,2282.2095
5161,LSTM,2013-12-19 11:30:00,2442.7434,2351.6675
5161,LSTM,2013-12-19 11:40:00,2534.7808,2441.1982
5161,LSTM,2013-12-19 11:50:00,2562.879,2532.5073
5161,LSTM,2013-12-19 12:00:00,2649.3838,2606.0725
5161,LSTM,2013-12-19 12:10:00,3079.7336,2680.736
5161,LSTM,2013-12-19 12:20:00,2879.3525,2856.754
5161,LSTM,2013-12-19 12:30:00,3051.9824,2936.5515
5161,LSTM,2013-12-19 12:40:00,3203.688,3037.4204
5161,LSTM,2013-12-19 12:50:00,3184.9202,3149.7222
5161,LSTM,2013-12-19 13:00:00,3255.8198,3226.0784
5161,LSTM,2013-12-19 13:10:00,3134.402,3294.8174
5161,LSTM,2013-12-19 13:20:00,3258.1519,3306.3948
5161,LSTM,2013-12-19 13:30:00,3144.569,3332.069
5161,LSTM,2013-12-19 13:40:00,3201.7524,3303.842
5161,LSTM,2013-12-19 13:50:00,2828.0125,3285.346
5161,LSTM,2013-12-19 14:00:00,3105.1987,3147.8308
5161,LSTM,2013-12-19 14:10:00,2825.0269,3107.9177
5161,LSTM,2013-12-19 14:20:00,2680.8604,2990.0002
5161,LSTM,2013-12-19 14:30:00,2901.1643,2848.2542
5161,LSTM,2013-12-19 14:40:00,2752.3262,2798.7725
5161,LSTM,2013-12-19 14:50:00,2739.1606,2721.329
5161,LSTM,2013-12-19 15:00:00,2807.927,2661.5217
5161,LSTM,2013-12-19 15:10:00,2584.6472,2641.6843
5161,LSTM,2013-12-19 15:20:00,2495.2998,2568.6536
5161,LSTM,2013-12-19 15:30:00,2745.7068,2488.87
5161,LSTM,2013-12-19 15:40:00,2450.8027,2504.1455
5161,LSTM,2013-12-19 15:50:00,2718.5146,2439.9192
5161,LSTM,2013-12-19 16:00:00,2651.8245,2472.5515
5161,LSTM,2013-12-19 16:10:00,2449.5356,2488.8132
5161,LSTM,2013-12-19 16:20:00,2364.177,2446.9294
5161,LSTM,2013-12-19 16:30:00,2622.1045,2389.7532
5161,LSTM,2013-12-19 16:40:00,2355.841,2420.4565
5161,LSTM,2013-12-19 16:50:00,2382.0017,2372.5388
5161,LSTM,2013-12-19 17:00:00,2420.4246,2342.553
5161,LSTM,2013-12-19 17:10:00,2299.2363,2331.814
5161,LSTM,2013-12-19 17:20:00,2240.3677,2291.4897
5161,LSTM,2013-12-19 17:30:00,2492.787,2242.957
5161,LSTM,2013-12-19 17:40:00,2202.0068,2280.673
5161,LSTM,2013-12-19 17:50:00,2133.3738,2232.3406
5161,LSTM,2013-12-19 18:00:00,2326.3213,2175.0437
5161,LSTM,2013-12-19 18:10:00,1970.2568,2185.7026
5161,LSTM,2013-12-19 18:20:00,1808.8307,2096.0051
5161,LSTM,2013-12-19 18:30:00,1778.7732,1976.1039
5161,LSTM,2013-12-19 18:40:00,1635.7878,1869.6572
5161,LSTM,2013-12-19 18:50:00,1787.2637,1746.1
5161,LSTM,2013-12-19 19:00:00,1440.8885,1695.7812
5161,LSTM,2013-12-19 19:10:00,1445.5645,1565.0417
5161,LSTM,2013-12-19 19:20:00,1165.559,1467.7046
5161,LSTM,2013-12-19 19:30:00,983.61755,1317.0648
5161,LSTM,2013-12-19 19:40:00,1067.5725,1149.2196
5161,LSTM,2013-12-19 19:50:00,1064.6183,1046.3124
5161,LSTM,2013-12-19 20:00:00,953.12775,967.98706
5161,LSTM,2013-12-19 20:10:00,991.1119,886.1945
5161,LSTM,2013-12-19 20:20:00,837.1152,847.852
5161,LSTM,2013-12-19 20:30:00,743.8279,783.9085
5161,LSTM,2013-12-19 20:40:00,719.13165,713.7378
5161,LSTM,2013-12-19 20:50:00,640.9126,660.2139
5161,LSTM,2013-12-19 21:00:00,713.2597,602.65326
5161,LSTM,2013-12-19 21:10:00,645.8009,588.2247
5161,LSTM,2013-12-19 21:20:00,572.8274,566.37994
5161,LSTM,2013-12-19 21:30:00,602.1083,534.24615
5161,LSTM,2013-12-19 21:40:00,612.77606,523.29297
5161,LSTM,2013-12-19 21:50:00,511.62842,525.3607
5161,LSTM,2013-12-19 22:00:00,441.11316,501.6351
5161,LSTM,2013-12-19 22:10:00,420.68936,463.16055
5161,LSTM,2013-12-19 22:20:00,422.76392,428.80798
5161,LSTM,2013-12-19 22:30:00,424.8138,405.2104
5161,LSTM,2013-12-19 22:40:00,384.16812,390.7903
5161,LSTM,2013-12-19 22:50:00,292.0899,370.83203
5161,LSTM,2013-12-19 23:00:00,320.85486,328.6709
5161,LSTM,2013-12-19 23:10:00,295.0888,306.1564
5161,LSTM,2013-12-19 23:20:00,295.93073,283.45758
5161,LSTM,2013-12-19 23:30:00,256.09354,269.36566
5161,LSTM,2013-12-19 23:40:00,206.02028,249.76175
5161,LSTM,2013-12-19 23:50:00,217.92496,221.22878
5161,LSTM,2013-12-20 00:00:00,242.26108,204.06654
5161,LSTM,2013-12-20 00:10:00,174.30728,201.02248
5161,LSTM,2013-12-20 00:20:00,178.3625,181.0209
5161,LSTM,2013-12-20 00:30:00,175.14632,168.30908
5161,LSTM,2013-12-20 00:40:00,152.33878,159.65657
5161,LSTM,2013-12-20 00:50:00,180.40874,148.11021
5161,LSTM,2013-12-20 01:00:00,171.04825,149.59705
5161,LSTM,2013-12-20 01:10:00,161.85028,150.33553
5161,LSTM,2013-12-20 01:20:00,185.78027,150.09016
5161,LSTM,2013-12-20 01:30:00,189.96631,158.86897
5161,LSTM,2013-12-20 01:40:00,159.52864,168.87582
5161,LSTM,2013-12-20 01:50:00,174.6532,168.63605
5161,LSTM,2013-12-20 02:00:00,173.67648,173.3584
5161,LSTM,2013-12-20 02:10:00,210.40674,177.39716
5161,LSTM,2013-12-20 02:20:00,215.73897,192.29842
5161,LSTM,2013-12-20 02:30:00,178.25208,206.71617
5161,LSTM,2013-12-20 02:40:00,188.90144,206.90392
5161,LSTM,2013-12-20 02:50:00,167.10315,209.38457
5161,LSTM,2013-12-20 03:00:00,169.19829,204.14452
5161,LSTM,2013-12-20 03:10:00,178.6727,199.54623
5161,LSTM,2013-12-20 03:20:00,154.45125,198.22546
5161,LSTM,2013-12-20 03:30:00,164.45602,189.50453
5161,LSTM,2013-12-20 03:40:00,150.4502,185.1294
5161,LSTM,2013-12-20 03:50:00,157.78348,177.44249
5161,LSTM,2013-12-20 04:00:00,150.87732,173.50009
5161,LSTM,2013-12-20 04:10:00,154.2366,168.53026
5161,LSTM,2013-12-20 04:20:00,181.19868,166.019
5161,LSTM,2013-12-20 04:30:00,191.88644,172.90913
5161,LSTM,2013-12-20 04:40:00,183.43315,182.85355
5161,LSTM,2013-12-20 04:50:00,154.46097,189.14862
5161,LSTM,2013-12-20 05:00:00,191.37866,185.39455
5161,LSTM,2013-12-20 05:10:00,142.15965,193.22119
5161,LSTM,2013-12-20 05:20:00,163.77124,184.60088
5161,LSTM,2013-12-20 05:30:00,186.41087,183.381
5161,LSTM,2013-12-20 05:40:00,174.1565,189.33057
5161,LSTM,2013-12-20 05:50:00,208.78217,190.79465
5161,LSTM,2013-12-20 06:00:00,232.60472,202.61958
5161,LSTM,2013-12-20 06:10:00,239.04327,220.08922
5161,LSTM,2013-12-20 06:20:00,270.35873,236.5974
5161,LSTM,2013-12-20 06:30:00,315.4997,259.52277
5161,LSTM,2013-12-20 06:40:00,319.71826,292.05313
5161,LSTM,2013-12-20 06:50:00,377.85233,319.78506
5161,LSTM,2013-12-20 07:00:00,352.55075,359.44144
5161,LSTM,2013-12-20 07:10:00,383.3799,382.73007
5161,LSTM,2013-12-20 07:20:00,457.79135,408.7259
5161,LSTM,2013-12-20 07:30:00,519.1235,450.8856
5161,LSTM,2013-12-20 07:40:00,592.0156,502.85144
5161,LSTM,2013-12-20 07:50:00,682.51196,566.40204
5161,LSTM,2013-12-20 08:00:00,815.2566,644.71234
5161,LSTM,2013-12-20 08:10:00,893.1666,748.22424
5161,LSTM,2013-12-20 08:20:00,951.8006,854.86664
5161,LSTM,2013-12-20 08:30:00,889.6657,956.0519
5161,LSTM,2013-12-20 08:40:00,1044.0208,1012.1943
5161,LSTM,2013-12-20 08:50:00,1141.5233,1097.3356
5161,LSTM,2013-12-20 09:00:00,1331.022,1190.2737
5161,LSTM,2013-12-20 09:10:00,1221.182,1319.1614
5161,LSTM,2013-12-20 09:20:00,1363.3949,1376.0077
5161,LSTM,2013-12-20 09:30:00,1549.3873,1452.2721
5161,LSTM,2013-12-20 09:40:00,1544.8607,1559.4084
5161,LSTM,2013-12-20 09:50:00,1697.7924,1638.1375
5161,LSTM,2013-12-20 10:00:00,1738.7125,1736.8652
5161,LSTM,2013-12-20 10:10:00,1758.3699,1820.2323
5161,LSTM,2013-12-20 10:20:00,1717.3818,1883.4277
5161,LSTM,2013-12-20 10:30:00,2046.7505,1911.1694
5161,LSTM,2013-12-20 10:40:00,1989.8289,2017.7834
5161,LSTM,2013-12-20 10:50:00,2381.0547,2081.1956
5161,LSTM,2013-12-20 11:00:00,2271.2346,2238.3816
5161,LSTM,2013-12-20 11:10:00,2400.4788,2328.4722
5161,LSTM,2013-12-20 11:20:00,2226.8408,2428.4492
5161,LSTM,2013-12-20 11:30:00,2358.4517,2446.833
5161,LSTM,2013-12-20 11:40:00,2492.564,2484.8071
5161,LSTM,2013-12-20 11:50:00,2654.9883,2542.919
5161,LSTM,2013-12-20 12:00:00,2834.7441,2628.7026
5161,LSTM,2013-12-20 12:10:00,2796.3367,2744.0981
5161,LSTM,2013-12-20 12:20:00,3057.3894,2819.4756
5161,LSTM,2013-12-20 12:30:00,3188.3403,2947.0374
5161,LSTM,2013-12-20 12:40:00,3221.681,3078.3794
5161,LSTM,2013-12-20 12:50:00,3524.6064,3184.8987
5161,LSTM,2013-12-20 13:00:00,3223.6047,3342.061
5161,LSTM,2013-12-20 13:10:00,3420.8806,3382.8074
5161,LSTM,2013-12-20 13:20:00,3430.3384,3451.8027
5161,LSTM,2013-12-20 13:30:00,3298.1099,3497.2979
5161,LSTM,2013-12-20 13:40:00,3026.8647,3485.7554
5161,LSTM,2013-12-20 13:50:00,3372.5327,3372.5352
5161,LSTM,2013-12-20 14:00:00,3101.176,3365.2988
5161,LSTM,2013-12-20 14:10:00,3045.3306,3271.8306
5161,LSTM,2013-12-20 14:20:00,3055.932,3172.3088
5161,LSTM,2013-12-20 14:30:00,2986.7651,3091.4028
5161,LSTM,2013-12-20 14:40:00,3136.2236,3004.9106
5161,LSTM,2013-12-20 14:50:00,3131.0835,2982.9434
5161,LSTM,2013-12-20 15:00:00,3260.1055,2970.0303
5161,LSTM,2013-12-20 15:10:00,3274.4448,3006.299
5161,LSTM,2013-12-20 15:20:00,3278.2551,3048.2144
5161,LSTM,2013-12-20 15:30:00,3278.9111,3090.2717
5161,LSTM,2013-12-20 15:40:00,3529.7249,3127.7534
5161,LSTM,2013-12-20 15:50:00,3394.1943,3234.4539
5161,LSTM,2013-12-20 16:00:00,3234.207,3282.5737
5161,LSTM,2013-12-20 16:10:00,3389.9429,3269.525
5161,LSTM,2013-12-20 16:20:00,3076.8206,3298.5894
5161,LSTM,2013-12-20 16:30:00,3169.0256,3222.702
5161,LSTM,2013-12-20 16:40:00,3152.8132,3179.8958
5161,LSTM,2013-12-20 16:50:00,2945.257,3136.3374
5161,LSTM,2013-12-20 17:00:00,2751.2407,3036.0908
5161,LSTM,2013-12-20 17:10:00,2526.0862,2895.361
5161,LSTM,2013-12-20 17:20:00,2513.12,2712.1772
5161,LSTM,2013-12-20 17:30:00,2452.489,2560.9773
5161,LSTM,2013-12-20 17:40:00,2226.295,2428.3987
5161,LSTM,2013-12-20 17:50:00,2231.8542,2266.4033
5161,LSTM,2013-12-20 18:00:00,2045.1724,2147.1592
5161,LSTM,2013-12-20 18:10:00,1932.1818,2011.7252
5161,LSTM,2013-12-20 18:20:00,1809.0939,1883.8553
5161,LSTM,2013-12-20 18:30:00,1682.2748,1759.6718
5161,LSTM,2013-12-20 18:40:00,1658.5394,1637.8999
5161,LSTM,2013-12-20 18:50:00,1627.1318,1547.5348
5161,LSTM,2013-12-20 19:00:00,1571.7871,1482.1777
5161,LSTM,2013-12-20 19:10:00,1417.9408,1429.6691
5161,LSTM,2013-12-20 19:20:00,1296.3013,1357.9487
5161,LSTM,2013-12-20 19:30:00,1142.2091,1276.2134
5161,LSTM,2013-12-20 19:40:00,1166.7402,1176.3032
5161,LSTM,2013-12-20 19:50:00,1058.7,1111.2313
5161,LSTM,2013-12-20 20:00:00,881.5584,1036.0533
5161,LSTM,2013-12-20 20:10:00,897.3151,925.4501
5161,LSTM,2013-12-20 20:20:00,777.0237,849.92944
5161,LSTM,2013-12-20 20:30:00,764.11475,763.1109
5161,LSTM,2013-12-20 20:40:00,716.72864,699.0219
5161,LSTM,2013-12-20 20:50:00,641.44116,643.5122
5161,LSTM,2013-12-20 21:00:00,796.38336,586.1938
5161,LSTM,2013-12-20 21:10:00,612.7666,599.25665
5161,LSTM,2013-12-20 21:20:00,640.7963,565.0674
5161,LSTM,2013-12-20 21:30:00,594.87897,553.57886
5161,LSTM,2013-12-20 21:40:00,603.3621,537.44116
5161,LSTM,2013-12-20 21:50:00,514.1577,533.6006
5161,LSTM,2013-12-20 22:00:00,460.33044,508.00412
5161,LSTM,2013-12-20 22:10:00,372.4422,474.11548
5161,LSTM,2013-12-20 22:20:00,336.6107,422.05536
5161,LSTM,2013-12-20 22:30:00,280.37225,371.00677
5161,LSTM,2013-12-20 22:40:00,322.41583,315.27597
5161,LSTM,2013-12-20 22:50:00,283.0952,286.80573
5161,LSTM,2013-12-20 23:00:00,408.79404,256.9247
5161,LSTM,2013-12-20 23:10:00,251.38525,277.21234
5161,LSTM,2013-12-20 23:20:00,240.89424,251.83017
5161,LSTM,2013-12-20 23:30:00,218.96947,231.14928
5161,LSTM,2013-12-20 23:40:00,215.77422,210.89917
5161,LSTM,2013-12-20 23:50:00,185.72182,196.3466
5161,LSTM,2013-12-21 00:00:00,219.38432,178.49681
5161,LSTM,2013-12-21 00:10:00,211.29134,177.44827
5161,LSTM,2013-12-21 00:20:00,178.29422,177.5332
5161,LSTM,2013-12-21 00:30:00,155.89795,170.38771
5161,LSTM,2013-12-21 00:40:00,151.62741,159.46646
5161,LSTM,2013-12-21 00:50:00,149.15114,150.72623
5161,LSTM,2013-12-21 01:00:00,150.27457,144.47775
5161,LSTM,2013-12-21 01:10:00,152.6425,140.95393
5161,LSTM,2013-12-21 01:20:00,146.2899,140.57878
5161,LSTM,2013-12-21 01:30:00,124.0086,139.68951
5161,LSTM,2013-12-21 01:40:00,140.75584,133.22437
5161,LSTM,2013-12-21 01:50:00,125.731995,133.71078
5161,LSTM,2013-12-21 02:00:00,123.58931,130.6006
5161,LSTM,2013-12-21 02:10:00,146.92789,128.11928
5161,LSTM,2013-12-21 02:20:00,124.38356,134.121
5161,LSTM,2013-12-21 02:30:00,133.63643,133.14503
5161,LSTM,2013-12-21 02:40:00,151.0685,135.64212
5161,LSTM,2013-12-21 02:50:00,124.377426,143.48192
5161,LSTM,2013-12-21 03:00:00,127.7924,142.2414
5161,LSTM,2013-12-21 03:10:00,139.45918,141.82585
5161,LSTM,2013-12-21 03:20:00,113.931465,145.22899
5161,LSTM,2013-12-21 03:30:00,122.52346,140.29707
5161,LSTM,2013-12-21 03:40:00,140.0016,138.60878
5161,LSTM,2013-12-21 03:50:00,114.012665,142.67642
5161,LSTM,2013-12-21 04:00:00,134.51648,138.36327
5161,LSTM,2013-12-21 04:10:00,143.63506,140.89632
5161,LSTM,2013-12-21 04:20:00,108.21252,146.06076
5161,LSTM,2013-12-21 04:30:00,125.435524,139.63782
5161,LSTM,2013-12-21 04:40:00,124.962494,139.28166
5161,LSTM,2013-12-21 04:50:00,126.73486,138.9607
5161,LSTM,2013-12-21 05:00:00,122.21121,139.35423
5161,LSTM,2013-12-21 05:10:00,121.18922,138.39577
5161,LSTM,2013-12-21 05:20:00,108.15403,137.30673
5161,LSTM,2013-12-21 05:30:00,142.08627,132.41682
5161,LSTM,2013-12-21 05:40:00,152.99304,138.84016
5161,LSTM,2013-12-21 05:50:00,118.656975,148.04736
5161,LSTM,2013-12-21 06:00:00,147.33125,145.39503
5161,LSTM,2013-12-21 06:10:00,190.5125,151.62686
5161,LSTM,2013-12-21 06:20:00,157.04753,170.20349
5161,LSTM,2013-12-21 06:30:00,164.99596,175.61456
5161,LSTM,2013-12-21 06:40:00,186.3249,181.792
5161,LSTM,2013-12-21 06:50:00,186.68721,192.77841
5161,LSTM,2013-12-21 07:00:00,205.55937,201.50206
5161,LSTM,2013-12-21 07:10:00,196.1886,213.78802
5161,LSTM,2013-12-21 07:20:00,191.43243,220.31477
5161,LSTM,2013-12-21 07:30:00,309.6655,223.15955
5161,LSTM,2013-12-21 07:40:00,279.31418,261.055
5161,LSTM,2013-12-21 07:50:00,268.88684,283.38318
5161,LSTM,2013-12-21 08:00:00,373.03027,297.31366
5161,LSTM,2013-12-21 08:10:00,390.93954,339.50195
5161,LSTM,2013-12-21 08:20:00,502.57407,379.24136
5161,LSTM,2013-12-21 08:30:00,582.16016,445.4583
5161,LSTM,2013-12-21 08:40:00,601.16113,523.8551
5161,LSTM,2013-12-21 08:50:00,754.68195,592.24536
5161,LSTM,2013-12-21 09:00:00,991.0584,692.9512
5161,LSTM,2013-12-21 09:10:00,1191.5289,847.34705
5161,LSTM,2013-12-21 09:20:00,1183.1973,1035.4685
5161,LSTM,2013-12-21 09:30:00,1464.5922,1182.8657
5161,LSTM,2013-12-21 09:40:00,1627.2997,1380.5499
5161,LSTM,2013-12-21 09:50:00,1823.7963,1567.3599
5161,LSTM,2013-12-21 10:00:00,1806.946,1765.8154
5161,LSTM,2013-12-21 10:10:00,2013.1069,1908.501
5161,LSTM,2013-12-21 10:20:00,2429.8337,2065.7122
5161,LSTM,2013-12-21 10:30:00,2454.5312,2293.7285
5161,LSTM,2013-12-21 10:40:00,2610.0925,2475.7896
5161,LSTM,2013-12-21 10:50:00,3039.9407,2647.0955
5161,LSTM,2013-12-21 11:00:00,3289.7625,2882.641
5161,LSTM,2013-12-21 11:10:00,3277.9907,3128.7297
5161,LSTM,2013-12-21 11:20:00,3280.9685,3312.162
5161,LSTM,2013-12-21 11:30:00,3712.048,3440.8782
5161,LSTM,2013-12-21 11:40:00,3323.208,3635.0356
5161,LSTM,2013-12-21 11:50:00,3579.2656,3670.8152
5161,LSTM,2013-12-21 12:00:00,3672.2627,3738.8162
5161,LSTM,2013-12-21 12:10:00,3719.9592,3796.536
5161,LSTM,2013-12-21 12:20:00,3381.267,3837.1223
5161,LSTM,2013-12-21 12:30:00,3742.5396,3762.1692
5161,LSTM,2013-12-21 12:40:00,3613.5344,3775.995
5161,LSTM,2013-12-21 12:50:00,3626.5444,3741.479
5161,LSTM,2013-12-21 13:00:00,3952.7932,3702.7065
5161,LSTM,2013-12-21 13:10:00,4221.1035,3758.6145
5161,LSTM,2013-12-21 13:20:00,4256.292,3879.4526
5161,LSTM,2013-12-21 13:30:00,4343.9814,3987.4597
5161,LSTM,2013-12-21 13:40:00,4247.0474,4098.0576
5161,LSTM,2013-12-21 13:50:00,4482.817,4158.4473
5161,LSTM,2013-12-21 14:00:00,4332.155,4261.671
5161,LSTM,2013-12-21 14:10:00,4579.6787,4299.209
5161,LSTM,2013-12-21 14:20:00,4600.0444,4384.515
5161,LSTM,2013-12-21 14:30:00,4888.6743,4450.9424
5161,LSTM,2013-12-21 14:40:00,4814.1216,4574.1094
5161,LSTM,2013-12-21 14:50:00,5115.5303,4648.7
5161,LSTM,2013-12-21 15:00:00,4931.132,4779.469
5161,LSTM,2013-12-21 15:10:00,5197.4214,4828.348
5161,LSTM,2013-12-21 15:20:00,5152.1006,4926.7056
5161,LSTM,2013-12-21 15:30:00,5161.938,4985.195
5161,LSTM,2013-12-21 15:40:00,5238.3193,5022.0024
5161,LSTM,2013-12-21 15:50:00,5195.2695,5061.6416
5161,LSTM,2013-12-21 16:00:00,5096.8105,5071.0034
5161,LSTM,2013-12-21 16:10:00,4723.406,5040.796
5161,LSTM,2013-12-21 16:20:00,4707.66,4903.8315
5161,LSTM,2013-12-21 16:30:00,4619.0444,4766.4873
5161,LSTM,2013-12-21 16:40:00,4474.9863,4620.1157
5161,LSTM,2013-12-21 16:50:00,4293.826,4457.8486
5161,LSTM,2013-12-21 17:00:00,4229.715,4271.3984
5161,LSTM,2013-12-21 17:10:00,3847.8635,4107.3325
5161,LSTM,2013-12-21 17:20:00,3759.3162,3869.277
5161,LSTM,2013-12-21 17:30:00,3328.4038,3661.701
5161,LSTM,2013-12-21 17:40:00,3298.8416,3379.743
5161,LSTM,2013-12-21 17:50:00,3376.934,3160.1377
5161,LSTM,2013-12-21 18:00:00,3115.2852,3028.216
5161,LSTM,2013-12-21 18:10:00,2839.4736,2872.3267
5161,LSTM,2013-12-21 18:20:00,2628.2603,2688.5635
5161,LSTM,2013-12-21 18:30:00,2649.7197,2499.8054
5161,LSTM,2013-12-21 18:40:00,2409.6824,2374.7576
5161,LSTM,2013-12-21 18:50:00,2318.0325,2228.1594
5161,LSTM,2013-12-21 19:00:00,2096.1624,2103.9988
5161,LSTM,2013-12-21 19:10:00,1898.765,1961.3162
5161,LSTM,2013-12-21 19:20:00,1636.9043,1806.9753
5161,LSTM,2013-12-21 19:30:00,1420.6627,1624.4307
5161,LSTM,2013-12-21 19:40:00,1195.5848,1431.1682
5161,LSTM,2013-12-21 19:50:00,1291.7339,1227.1549
5161,LSTM,2013-12-21 20:00:00,1121.3544,1108.251
5161,LSTM,2013-12-21 20:10:00,1123.2998,986.72235
5161,LSTM,2013-12-21 20:20:00,1009.4166,904.97217
5161,LSTM,2013-12-21 20:30:00,1009.5737,822.42365
5161,LSTM,2013-12-21 20:40:00,845.9599,777.1563
5161,LSTM,2013-12-21 20:50:00,824.4452,709.1356
5161,LSTM,2013-12-21 21:00:00,1049.9863,663.5682
5161,LSTM,2013-12-21 21:10:00,899.4314,713.5055
5161,LSTM,2013-12-21 21:20:00,778.83716,725.0476
5161,LSTM,2013-12-21 21:30:00,784.3658,707.18933
5161,LSTM,2013-12-21 21:40:00,847.26514,702.2114
5161,LSTM,2013-12-21 21:50:00,807.616,724.4418
5161,LSTM,2013-12-21 22:00:00,717.5035,736.0142
5161,LSTM,2013-12-21 22:10:00,554.8814,721.3208
5161,LSTM,2013-12-21 22:20:00,431.04715,659.89703
5161,LSTM,2013-12-21 22:30:00,450.61212,570.48474
5161,LSTM,2013-12-21 22:40:00,378.2581,503.50525
5161,LSTM,2013-12-21 22:50:00,413.04456,429.87726
5161,LSTM,2013-12-21 23:00:00,416.8296,385.1573
5161,LSTM,2013-12-21 23:10:00,471.00955,356.9511
5161,LSTM,2013-12-21 23:20:00,364.3126,358.6578
5161,LSTM,2013-12-21 23:30:00,317.07718,334.93317
5161,LSTM,2013-12-21 23:40:00,296.8996,306.1875
5161,LSTM,2013-12-21 23:50:00,202.74721,281.19232
5161,LSTM,2013-12-22 00:00:00,218.88101,235.48584
5161,LSTM,2013-12-22 00:10:00,220.17166,206.67242
5161,LSTM,2013-12-22 00:20:00,203.0266,187.8425
5161,LSTM,2013-12-22 00:30:00,209.5705,171.9653
5161,LSTM,2013-12-22 00:40:00,187.73396,165.24864
5161,LSTM,2013-12-22 00:50:00,179.95674,157.45526
5161,LSTM,2013-12-22 01:00:00,176.40178,152.10776
5161,LSTM,2013-12-22 01:10:00,158.61143,149.07578
5161,LSTM,2013-12-22 01:20:00,179.7534,143.75984
5161,LSTM,2013-12-22 01:30:00,155.42879,148.10422
5161,LSTM,2013-12-22 01:40:00,161.61684,146.2452
5161,LSTM,2013-12-22 01:50:00,163.42894,147.73892
5161,LSTM,2013-12-22 02:00:00,154.28816,150.71733
5161,LSTM,2013-12-22 02:10:00,142.01357,151.42659
5161,LSTM,2013-12-22 02:20:00,155.68127,149.11525
5161,LSTM,2013-12-22 02:30:00,147.15718,152.10524
5161,LSTM,2013-12-22 02:40:00,156.03911,152.57973
5161,LSTM,2013-12-22 02:50:00,151.39172,156.2005
5161,LSTM,2013-12-22 03:00:00,144.24457,158.1011
5161,LSTM,2013-12-22 03:10:00,145.34608,157.57375
5161,LSTM,2013-12-22 03:20:00,149.29715,157.31013
5161,LSTM,2013-12-22 03:30:00,156.20477,158.46858
5161,LSTM,2013-12-22 03:40:00,148.22444,161.7585
5161,LSTM,2013-12-22 03:50:00,137.28139,162.20786
5161,LSTM,2013-12-22 04:00:00,175.68718,159.30418
5161,LSTM,2013-12-22 04:10:00,188.8816,168.64642
5161,LSTM,2013-12-22 04:20:00,153.52303,180.93167
5161,LSTM,2013-12-22 04:30:00,166.23944,180.3797
5161,LSTM,2013-12-22 04:40:00,139.73802,183.16948
5161,LSTM,2013-12-22 04:50:00,167.06377,176.90973
5161,LSTM,2013-12-22 05:00:00,157.21971,179.49983
5161,LSTM,2013-12-22 05:10:00,191.82173,178.5766
5161,LSTM,2013-12-22 05:20:00,174.44112,188.36407
5161,LSTM,2013-12-22 05:30:00,181.11992,191.32869
5161,LSTM,2013-12-22 05:40:00,198.58919,195.5724
5161,LSTM,2013-12-22 05:50:00,175.94362,204.22176
5161,LSTM,2013-12-22 06:00:00,185.95343,204.19118
5161,LSTM,2013-12-22 06:10:00,169.4521,206.58022
5161,LSTM,2013-12-22 06:20:00,143.36398,203.0115
5161,LSTM,2013-12-22 06:30:00,193.89926,191.29498
5161,LSTM,2013-12-22 06:40:00,184.47607,196.57004
5161,LSTM,2013-12-22 06:50:00,240.31914,198.44936
5161,LSTM,2013-12-22 07:00:00,326.52258,217.42488
5161,LSTM,2013-12-22 07:10:00,215.69339,260.63312
5161,LSTM,2013-12-22 07:20:00,260.60254,262.93677
5161,LSTM,2013-12-22 07:30:00,264.78928,276.7066
5161,LSTM,2013-12-22 07:40:00,250.56296,288.1438
5161,LSTM,2013-12-22 07:50:00,314.787,291.76868
5161,LSTM,2013-12-22 08:00:00,313.99716,313.0964
5161,LSTM,2013-12-22 08:10:00,307.73666,329.7939
5161,LSTM,2013-12-22 08:20:00,368.32413,340.2473
5161,LSTM,2013-12-22 08:30:00,479.69916,366.24277
5161,LSTM,2013-12-22 08:40:00,485.3155,421.77634
5161,LSTM,2013-12-22 08:50:00,637.48254,469.22867
5161,LSTM,2013-12-22 09:00:00,769.5695,554.41815
5161,LSTM,2013-12-22 09:10:00,1042.939,665.33417
5161,LSTM,2013-12-22 09:20:00,1120.0114,841.5799
5161,LSTM,2013-12-22 09:30:00,1506.1578,1009.9444
5161,LSTM,2013-12-22 09:40:00,1612.749,1266.2789
5161,LSTM,2013-12-22 09:50:00,1948.4683,1491.0597
5161,LSTM,2013-12-22 10:00:00,1964.9064,1750.8057
5161,LSTM,2013-12-22 10:10:00,2264.9587,1955.9064
5161,LSTM,2013-12-22 10:20:00,2556.0422,2190.8828
5161,LSTM,2013-12-22 10:30:00,2781.1304,2443.6
5161,LSTM,2013-12-22 10:40:00,2721.041,2694.2124
5161,LSTM,2013-12-22 10:50:00,2945.836,2864.7507
5161,LSTM,2013-12-22 11:00:00,3088.5342,3038.4956
5161,LSTM,2013-12-22 11:10:00,3307.9297,3194.6472
5161,LSTM,2013-12-22 11:20:00,3401.1375,3357.12
5161,LSTM,2013-12-22 11:30:00,3480.9958,3492.9375
5161,LSTM,2013-12-22 11:40:00,3382.0596,3602.6035
5161,LSTM,2013-12-22 11:50:00,3540.3796,3643.0876
5161,LSTM,2013-12-22 12:00:00,3520.159,3693.4697
5161,LSTM,2013-12-22 12:10:00,3635.4126,3709.3894
5161,LSTM,2013-12-22 12:20:00,3604.9355,3734.9636
5161,LSTM,2013-12-22 12:30:00,3322.62,3733.847
5161,LSTM,2013-12-22 12:40:00,3709.6125,3639.7695
5161,LSTM,2013-12-22 12:50:00,3698.953,3654.1272
5161,LSTM,2013-12-22 13:00:00,3807.0195,3657.883
5161,LSTM,2013-12-22 13:10:00,3881.282,3690.5771
5161,LSTM,2013-12-22 13:20:00,4090.7815,3736.3254
5161,LSTM,2013-12-22 13:30:00,4110.3506,3833.086
5161,LSTM,2013-12-22 13:40:00,4074.694,3913.389
5161,LSTM,2013-12-22 13:50:00,3939.6633,3966.8674
5161,LSTM,2013-12-22 14:00:00,4441.4775,3967.6184
5161,LSTM,2013-12-22 14:10:00,4475.815,4093.4536
5161,LSTM,2013-12-22 14:20:00,4638.5596,4204.8296
5161,LSTM,2013-12-22 14:30:00,4911.654,4335.255
5161,LSTM,2013-12-22 14:40:00,4693.617,4509.8833
5161,LSTM,2013-12-22 14:50:00,4772.321,4589.201
5161,LSTM,2013-12-22 15:00:00,4917.944,4660.3647
5161,LSTM,2013-12-22 15:10:00,5202.037,4742.9756
5161,LSTM,2013-12-22 15:20:00,5496.4404,4874.2607
5161,LSTM,2013-12-22 15:30:00,5148.8115,5052.3105
5161,LSTM,2013-12-22 15:40:00,5170.4727,5095.796
5161,LSTM,2013-12-22 15:50:00,5197.569,5119.0776
5161,LSTM,2013-12-22 16:00:00,5111.876,5127.261
5161,LSTM,2013-12-22 16:10:00,5203.0317,5095.743
5161,LSTM,2013-12-22 16:20:00,4704.4346,5080.4756
5161,LSTM,2013-12-22 16:30:00,4574.6064,4924.1274
5161,LSTM,2013-12-22 16:40:00,4689.8677,4734.8096
5161,LSTM,2013-12-22 16:50:00,4508.6577,4605.789
5161,LSTM,2013-12-22 17:00:00,4076.4365,4448.688
5161,LSTM,2013-12-22 17:10:00,3945.8662,4192.67
5161,LSTM,2013-12-22 17:20:00,3792.1099,3951.826
5161,LSTM,2013-12-22 17:30:00,3426.2136,3721.6133
5161,LSTM,2013-12-22 17:40:00,3258.95,3441.9634
5161,LSTM,2013-12-22 17:50:00,3132.6306,3184.4172
5161,LSTM,2013-12-22 18:00:00,2755.7332,2962.1636
5161,LSTM,2013-12-22 18:10:00,2439.4658,2694.764
5161,LSTM,2013-12-22 18:20:00,2133.372,2410.267
5161,LSTM,2013-12-22 18:30:00,1886.3403,2115.6616
5161,LSTM,2013-12-22 18:40:00,1736.2622,1831.8502
5161,LSTM,2013-12-22 18:50:00,1414.5424,1589.8284
5161,LSTM,2013-12-22 19:00:00,1426.4116,1333.562
5161,LSTM,2013-12-22 19:10:00,1313.5432,1161.1682
5161,LSTM,2013-12-22 19:20:00,1210.7015,1023.21954
5161,LSTM,2013-12-22 19:30:00,1004.9643,914.46466
5161,LSTM,2013-12-22 19:40:00,878.2758,788.11334
5161,LSTM,2013-12-22 19:50:00,916.84094,667.6602
5161,LSTM,2013-12-22 20:00:00,756.34454,608.2447
5161,LSTM,2013-12-22 20:10:00,573.801,535.4411
5161,LSTM,2013-12-22 20:20:00,561.53125,439.34683
5161,LSTM,2013-12-22 20:30:00,604.3314,375.9937
5161,LSTM,2013-12-22 20:40:00,415.27356,355.5352
5161,LSTM,2013-12-22 20:50:00,512.7652,295.9336
5161,LSTM,2013-12-22 21:00:00,696.9035,290.3824
5161,LSTM,2013-12-22 21:10:00,547.44727,358.33887
5161,LSTM,2013-12-22 21:20:00,431.0218,381.24814
5161,LSTM,2013-12-22 21:30:00,381.1056,370.81778
5161,LSTM,2013-12-22 21:40:00,402.65027,350.85138
5161,LSTM,2013-12-22 21:50:00,363.70203,344.2479
5161,LSTM,2013-12-22 22:00:00,364.70593,330.0929
5161,LSTM,2013-12-22 22:10:00,293.6267,322.16904
5161,LSTM,2013-12-22 22:20:00,271.79803,296.83386
5161,LSTM,2013-12-22 22:30:00,254.00237,271.67178
5161,LSTM,2013-12-22 22:40:00,280.6933,248.21931
5161,LSTM,2013-12-22 22:50:00,230.58522,240.37729
5059,MLP,2013-12-16 04:00:00,245.5802,298.3769
5059,MLP,2013-12-16 04:10:00,309.10986,302.57834
5059,MLP,2013-12-16 04:20:00,342.4906,321.77094
5059,MLP,2013-12-16 04:30:00,240.64575,312.36105
5059,MLP,2013-12-16 04:40:00,299.0204,305.04895
5059,MLP,2013-12-16 04:50:00,351.99677,307.67523
5059,MLP,2013-12-16 05:00:00,318.0458,318.8907
5059,MLP,2013-12-16 05:10:00,378.69785,354.5297
5059,MLP,2013-12-16 05:20:00,356.13885,375.03918
5059,MLP,2013-12-16 05:30:00,384.46634,366.38507
5059,MLP,2013-12-16 05:40:00,370.89133,442.47568
5059,MLP,2013-12-16 05:50:00,362.3277,423.28632
5059,MLP,2013-12-16 06:00:00,336.9213,394.96832
5059,MLP,2013-12-16 06:10:00,390.61447,436.67072
5059,MLP,2013-12-16 06:20:00,425.83823,439.559
5059,MLP,2013-12-16 06:30:00,418.4414,456.85843
5059,MLP,2013-12-16 06:40:00,511.06146,486.32193
5059,MLP,2013-12-16 06:50:00,629.23,606.7419
5059,MLP,2013-12-16 07:00:00,653.4199,691.6463
5059,MLP,2013-12-16 07:10:00,761.4895,810.5477
5059,MLP,2013-12-16 07:20:00,882.34076,913.72546
5059,MLP,2013-12-16 07:30:00,1032.548,1053.2715
5059,MLP,2013-12-16 07:40:00,1124.1259,1177.8912
5059,MLP,2013-12-16 07:50:00,1236.5491,1247.7253
5059,MLP,2013-12-16 08:00:00,1481.2484,1363.4618
5059,MLP,2013-12-16 08:10:00,1428.5942,1504.8112
5059,MLP,2013-12-16 08:20:00,1552.465,1534.1516
5059,MLP,2013-12-16 08:30:00,1488.8285,1623.8657
5059,MLP,2013-12-16 08:40:00,1661.2596,1686.9872
5059,MLP,2013-12-16 08:50:00,1617.4148,1736.3488
5059,MLP,2013-12-16 09:00:00,1664.484,1773.3608
5059,MLP,2013-12-16 09:10:00,1834.0756,1803.7788
5059,MLP,2013-12-16 09:20:00,1817.0442,1912.0399
5059,MLP,2013-12-16 09:30:00,1880.4314,1976.1112
5059,MLP,2013-12-16 09:40:00,1992.1698,2009.2579
5059,MLP,2013-12-16 09:50:00,2007.4949,2042.6974
5059,MLP,2013-12-16 10:00:00,1981.7074,2153.6387
5059,MLP,2013-12-16 10:10:00,2184.5688,2138.1118
5059,MLP,2013-12-16 10:20:00,1968.1714,2210.5986
5059,MLP,2013-12-16 10:30:00,2176.2668,2228.7222
5059,MLP,2013-12-16 10:40:00,2058.1228,2271.727
5059,MLP,2013-12-16 10:50:00,2211.9333,2282.3071
5059,MLP,2013-12-16 11:00:00,2043.038,2327.143
5059,MLP,2013-12-16 11:10:00,2347.7483,2329.8035
5059,MLP,2013-12-16 11:20:00,2503.83,2352.8374
5059,MLP,2013-12-16 11:30:00,2471.3293,2507.4514
5059,MLP,2013-12-16 11:40:00,2487.8162,2481.5398
5059,MLP,2013-12-16 11:50:00,2553.4895,2527.5266
5059,MLP,2013-12-16 12:00:00,2654.5225,2521.0532
5059,MLP,2013-12-16 12:10:00,2750.8955,2644.3506
5059,MLP,2013-12-16 12:20:00,2822.154,2660.8582
5059,MLP,2013-12-16 12:30:00,2701.6877,2751.1733
5059,MLP,2013-12-16 12:40:00,2846.589,2744.4805
5059,MLP,2013-12-16 12:50:00,2761.5703,2802.5532
5059,MLP,2013-12-16 13:00:00,2679.1482,2810.5508
5059,MLP,2013-12-16 13:10:00,2846.7756,2832.7324
5059,MLP,2013-12-16 13:20:00,2534.2056,2865.4856
5059,MLP,2013-12-16 13:30:00,2814.8188,2739.6846
5059,MLP,2013-12-16 13:40:00,2797.125,2806.5452
5059,MLP,2013-12-16 13:50:00,2632.9592,2820.5142
5059,MLP,2013-12-16 14:00:00,2719.9246,2773.1318
5059,MLP,2013-12-16 14:10:00,2737.278,2751.8682
5059,MLP,2013-12-16 14:20:00,2688.813,2741.218
5059,MLP,2013-12-16 14:30:00,2614.5593,2732.8271
5059,MLP,2013-12-16 14:40:00,2702.127,2714.005
5059,MLP,2013-12-16 14:50:00,2748.7913,2659.3176
5059,MLP,2013-12-16 15:00:00,2634.2102,2690.364
5059,MLP,2013-12-16 15:10:00,2628.354,2641.0095
5059,MLP,2013-12-16 15:20:00,2626.0117,2606.2786
5059,MLP,2013-12-16 15:30:00,2563.6245,2606.5024
5059,MLP,2013-12-16 15:40:00,2649.9111,2552.7288
5059,MLP,2013-12-16 15:50:00,2494.1238,2585.032
5059,MLP,2013-12-16 16:00:00,2457.8,2471.3386
5059,MLP,2013-12-16 16:10:00,2545.8594,2458.711
5059,MLP,2013-12-16 16:20:00,2543.695,2469.8071
5059,MLP,2013-12-16 16:30:00,2322.1726,2429.0542
5059,MLP,2013-12-16 16:40:00,2663.597,2410.66
5059,MLP,2013-12-16 16:50:00,2480.9702,2440.0513
5059,MLP,2013-12-16 17:00:00,2258.544,2445.5989
5059,MLP,2013-12-16 17:10:00,2365.5015,2346.9128
5059,MLP,2013-12-16 17:20:00,2013.1088,2286.5571
5059,MLP,2013-12-16 17:30:00,2151.991,2157.4773
5059,MLP,2013-12-16 17:40:00,2143.1855,2153.131
5059,MLP,2013-12-16 17:50:00,2088.3984,2116.3438
5059,MLP,2013-12-16 18:00:00,1917.8799,2077.247
5059,MLP,2013-12-16 18:10:00,1961.1854,2006.076
5059,MLP,2013-12-16 18:20:00,1886.3074,1929.2151
5059,MLP,2013-12-16 18:30:00,1575.9323,1867.4108
5059,MLP,2013-12-16 18:40:00,1596.1409,1729.4442
5059,MLP,2013-12-16 18:50:00,1528.1526,1635.3899
5059,MLP,2013-12-16 19:00:00,1413.2109,1553.5135
5059,MLP,2013-12-16 19:10:00,1425.4017,1481.685
5059,MLP,2013-12-16 19:20:00,1304.2977,1421.7019
5059,MLP,2013-12-16 19:30:00,1109.7107,1304.6138
5059,MLP,2013-12-16 19:40:00,1243.8564,1209.7545
5059,MLP,2013-12-16 19:50:00,1135.4084,1221.5311
5059,MLP,2013-12-16 20:00:00,1075.4208,1114.0575
5059,MLP,2013-12-16 20:10:00,1103.3552,1113.052
5059,MLP,2013-12-16 20:20:00,1062.0172,1093.8687
5059,MLP,2013-12-16 20:30:00,1051.4791,1005.73157
5059,MLP,2013-12-16 20:40:00,827.939,1048.4994
5059,MLP,2013-12-16 20:50:00,939.1461,912.71277
5059,MLP,2013-12-16 21:00:00,864.99567,902.6223
5059,MLP,2013-12-16 21:10:00,945.5177,904.96436
5059,MLP,2013-12-16 21:20:00,929.3958,881.1236
5059,MLP,2013-12-16 21:30:00,795.038,869.0583
5059,MLP,2013-12-16 21:40:00,731.85895,813.52747
5059,MLP,2013-12-16 21:50:00,685.2888,775.66565
5059,MLP,2013-12-16 22:00:00,619.82666,703.7712
5059,MLP,2013-12-16 22:10:00,686.6954,668.3031
5059,MLP,2013-12-16 22:20:00,627.1446,695.5002
5059,MLP,2013-12-16 22:30:00,526.67584,632.2117
5059,MLP,2013-12-16 22:40:00,549.4768,570.4336
5059,MLP,2013-12-16 22:50:00,507.3896,571.73663
5059,MLP,2013-12-16 23:00:00,502.8287,510.5029
5059,MLP,2013-12-16 23:10:00,557.64825,514.51324
5059,MLP,2013-12-16 23:20:00,453.33533,494.80368
5059,MLP,2013-12-16 23:30:00,434.28394,467.39664
5059,MLP,2013-12-16 23:40:00,643.6172,462.18884
5059,MLP,2013-12-16 23:50:00,377.2396,511.34445
5059,MLP,2013-12-17 00:00:00,420.1351,426.4413
5059,MLP,2013-12-17 00:10:00,382.49466,419.6256
5059,MLP,2013-12-17 00:20:00,372.3956,387.54413
5059,MLP,2013-12-17 00:30:00,354.82898,393.0605
5059,MLP,2013-12-17 00:40:00,326.95477,375.24417
5059,MLP,2013-12-17 00:50:00,285.24146,327.90417
5059,MLP,2013-12-17 01:00:00,307.27518,316.85245
5059,MLP,2013-12-17 01:10:00,322.3455,307.5357
5059,MLP,2013-12-17 01:20:00,270.39795,315.9139
5059,MLP,2013-12-17 01:30:00,287.36633,269.70792
5059,MLP,2013-12-17 01:40:00,300.23834,295.96933
5059,MLP,2013-12-17 01:50:00,249.70934,285.6756
5059,MLP,2013-12-17 02:00:00,278.10532,249.92717
5059,MLP,2013-12-17 02:10:00,289.59515,315.26266
5059,MLP,2013-12-17 02:20:00,263.2437,279.27405
5059,MLP,2013-12-17 02:30:00,275.8497,283.9199
5059,MLP,2013-12-17 02:40:00,302.6184,285.9768
5059,MLP,2013-12-17 02:50:00,267.39505,274.3159
5059,MLP,2013-12-17 03:00:00,294.62833,283.45038
5059,MLP,2013-12-17 03:10:00,295.62775,302.29837
5059,MLP,2013-12-17 03:20:00,270.77686,268.24158
5059,MLP,2013-12-17 03:30:00,253.1995,297.6477
5059,MLP,2013-12-17 03:40:00,297.35254,298.04898
5059,MLP,2013-12-17 03:50:00,271.64038,283.33337
5059,MLP,2013-12-17 04:00:00,261.4262,295.7209
5059,MLP,2013-12-17 04:10:00,315.23523,294.93372
5059,MLP,2013-12-17 04:20:00,340.9571,295.1858
5059,MLP,2013-12-17 04:30:00,281.91028,331.39124
5059,MLP,2013-12-17 04:40:00,331.3453,328.45895
5059,MLP,2013-12-17 04:50:00,279.85925,318.67297
5059,MLP,2013-12-17 05:00:00,283.4594,326.6714
5059,MLP,2013-12-17 05:10:00,337.38727,330.12152
5059,MLP,2013-12-17 05:20:00,331.45905,333.64478
5059,MLP,2013-12-17 05:30:00,294.91028,348.3653
5059,MLP,2013-12-17 05:40:00,379.76587,368.76196
5059,MLP,2013-12-17 05:50:00,342.52344,366.59244
5059,MLP,2013-12-17 06:00:00,393.1728,384.99966
5059,MLP,2013-12-17 06:10:00,446.57346,441.6137
5059,MLP,2013-12-17 06:20:00,479.6781,472.3043
5059,MLP,2013-12-17 06:30:00,454.89655,526.87366
5059,MLP,2013-12-17 06:40:00,550.1103,595.10754
5059,MLP,2013-12-17 06:50:00,753.2259,637.9123
5059,MLP,2013-12-17 07:00:00,753.5956,859.65625
5059,MLP,2013-12-17 07:10:00,825.61786,909.5068
5059,MLP,2013-12-17 07:20:00,969.2273,1027.3284
5059,MLP,2013-12-17 07:30:00,1102.4698,1158.4626
5059,MLP,2013-12-17 07:40:00,1151.8215,1267.2991
5059,MLP,2013-12-17 07:50:00,1323.192,1305.2799
5059,MLP,2013-12-17 08:00:00,1353.7094,1422.3678
5059,MLP,2013-12-17 08:10:00,1526.8392,1505.2711
5059,MLP,2013-12-17 08:20:00,1520.4929,1571.1154
5059,MLP,2013-12-17 08:30:00,1443.8579,1645.9127
5059,MLP,2013-12-17 08:40:00,1733.7272,1669.8883
5059,MLP,2013-12-17 08:50:00,1723.3817,1764.0216
5059,MLP,2013-12-17 09:00:00,1592.9745,1800.2068
5059,MLP,2013-12-17 09:10:00,1676.853,1835.4968
5059,MLP,2013-12-17 09:20:00,2029.1399,1865.3567
5059,MLP,2013-12-17 09:30:00,1878.1979,2010.9465
5059,MLP,2013-12-17 09:40:00,2047.5852,2034.7053
5059,MLP,2013-12-17 09:50:00,2180.45,2063.9424
5059,MLP,2013-12-17 10:00:00,2260.443,2184.6118
5059,MLP,2013-12-17 10:10:00,2108.2444,2277.377
5059,MLP,2013-12-17 10:20:00,2238.8875,2251.0408
5059,MLP,2013-12-17 10:30:00,2177.5774,2308.3364
5059,MLP,2013-12-17 10:40:00,2299.401,2402.09
5059,MLP,2013-12-17 10:50:00,2414.3125,2389.6248
5059,MLP,2013-12-17 11:00:00,2392.4524,2488.095
5059,MLP,2013-12-17 11:10:00,2683.2268,2521.5657
5059,MLP,2013-12-17 11:20:00,2642.9966,2632.3643
5059,MLP,2013-12-17 11:30:00,2447.843,2664.3115
5059,MLP,2013-12-17 11:40:00,2542.8638,2594.4053
5059,MLP,2013-12-17 11:50:00,2836.1824,2635.5664
5059,MLP,2013-12-17 12:00:00,2705.4675,2752.0315
5059,MLP,2013-12-17 12:10:00,2972.2612,2792.6416
5059,MLP,2013-12-17 12:20:00,3007.2957,2832.218
5059,MLP,2013-12-17 12:30:00,3013.3506,2916.4614
5059,MLP,2013-12-17 12:40:00,3133.456,2984.1511
5059,MLP,2013-12-17 12:50:00,2863.8774,3049.4922
5059,MLP,2013-12-17 13:00:00,3008.3774,3021.863
5059,MLP,2013-12-17 13:10:00,2890.1206,3064.393
5059,MLP,2013-12-17 13:20:00,2734.4712,3025.4827
5059,MLP,2013-12-17 13:30:00,2544.7542,2898.9487
5059,MLP,2013-12-17 13:40:00,2736.847,2773.6196
5059,MLP,2013-12-17 13:50:00,2691.2998,2807.701
5059,MLP,2013-12-17 14:00:00,2396.328,2796.4114
5059,MLP,2013-12-17 14:10:00,2737.6082,2664.194
5059,MLP,2013-12-17 14:20:00,2477.2888,2685.6443
5059,MLP,2013-12-17 14:30:00,2892.69,2583.7522
5059,MLP,2013-12-17 14:40:00,2803.812,2696.482
5059,MLP,2013-12-17 14:50:00,2902.2222,2654.109
5059,MLP,2013-12-17 15:00:00,2747.3257,2720.354
5059,MLP,2013-12-17 15:10:00,3124.105,2712.7026
5059,MLP,2013-12-17 15:20:00,3048.2637,2766.2476
5059,MLP,2013-12-17 15:30:00,3095.5195,2837.1636
5059,MLP,2013-12-17 15:40:00,3181.4688,2816.6333
5059,MLP,2013-12-17 15:50:00,2941.134,2888.212
5059,MLP,2013-12-17 16:00:00,2902.808,2821.14
5059,MLP,2013-12-17 16:10:00,2714.8738,2849.9526
5059,MLP,2013-12-17 16:20:00,3030.4998,2712.6653
5059,MLP,2013-12-17 16:30:00,2599.423,2844.5127
5059,MLP,2013-12-17 16:40:00,2843.513,2726.102
5059,MLP,2013-12-17 16:50:00,2552.371,2745.1494
5059,MLP,2013-12-17 17:00:00,2385.382,2634.352
5059,MLP,2013-12-17 17:10:00,2270.155,2560.4172
5059,MLP,2013-12-17 17:20:00,2145.7808,2436.092
5059,MLP,2013-12-17 17:30:00,2272.6868,2259.0981
5059,MLP,2013-12-17 17:40:00,2324.882,2331.4312
5059,MLP,2013-12-17 17:50:00,2225.732,2327.467
5059,MLP,2013-12-17 18:00:00,2236.8972,2217.8948
5059,MLP,2013-12-17 18:10:00,2005.5432,2166.0605
5059,MLP,2013-12-17 18:20:00,1953.891,2076.1116
5059,MLP,2013-12-17 18:30:00,1802.5776,1952.2377
5059,MLP,2013-12-17 18:40:00,1852.4194,1902.5468
5059,MLP,2013-12-17 18:50:00,1696.9374,1821.2665
5059,MLP,2013-12-17 19:00:00,1606.5923,1748.8353
5059,MLP,2013-12-17 19:10:00,1590.6038,1582.1337
5059,MLP,2013-12-17 19:20:00,1446.0182,1529.7883
5059,MLP,2013-12-17 19:30:00,1323.7643,1449.382
5059,MLP,2013-12-17 19:40:00,1351.1809,1369.4587
5059,MLP,2013-12-17 19:50:00,1179.2695,1323.7699
5059,MLP,2013-12-17 20:00:00,1079.5662,1254.6711
5059,MLP,2013-12-17 20:10:00,1028.0624,1164.7142
5059,MLP,2013-12-17 20:20:00,1090.8693,1117.1167
5059,MLP,2013-12-17 20:30:00,956.1571,1058.9545
5059,MLP,2013-12-17 20:40:00,862.8589,1037.4252
5059,MLP,2013-12-17 20:50:00,919.1082,910.80066
5059,MLP,2013-12-17 21:00:00,801.89136,921.27045
5059,MLP,2013-12-17 21:10:00,840.02545,875.72626
5059,MLP,2013-12-17 21:20:00,779.9643,837.33405
5059,MLP,2013-12-17 21:30:00,783.5628,797.8584
5059,MLP,2013-12-17 21:40:00,769.1843,808.53564
5059,MLP,2013-12-17 21:50:00,724.57544,780.14056
5059,MLP,2013-12-17 22:00:00,680.99176,727.1562
5059,MLP,2013-12-17 22:10:00,609.1262,699.09766
5059,MLP,2013-12-17 22:20:00,687.94366,672.5956
5059,MLP,2013-12-17 22:30:00,579.22,644.9496
5059,MLP,2013-12-17 22:40:00,560.5221,617.3262
5059,MLP,2013-12-17 22:50:00,585.93774,591.4741
5059,MLP,2013-12-17 23:00:00,543.7737,566.97675
5059,MLP,2013-12-17 23:10:00,489.5595,548.5413
5059,MLP,2013-12-17 23:20:00,539.0693,505.6613
5059,MLP,2013-12-17 23:30:00,504.443,504.2372
5059,MLP,2013-12-17 23:40:00,474.90784,491.5856
5059,MLP,2013-12-17 23:50:00,456.41153,475.83365
5059,MLP,2013-12-18 00:00:00,410.783,440.76068
5059,MLP,2013-12-18 00:10:00,379.65802,416.0001
5059,MLP,2013-12-18 00:20:00,401.63037,413.7433
5059,MLP,2013-12-18 00:30:00,409.8604,378.288
5059,MLP,2013-12-18 00:40:00,410.02414,382.21484
5059,MLP,2013-12-18 00:50:00,413.12982,380.54126
5059,MLP,2013-12-18 01:00:00,381.0714,372.75296
5059,MLP,2013-12-18 01:10:00,370.31766,354.16046
5059,MLP,2013-12-18 01:20:00,391.41586,364.47998
5059,MLP,2013-12-18 01:30:00,339.14832,359.6686
5059,MLP,2013-12-18 01:40:00,343.98822,344.41144
5059,MLP,2013-12-18 01:50:00,354.6266,348.24094
5059,MLP,2013-12-18 02:00:00,349.94174,342.30048
5059,MLP,2013-12-18 02:10:00,357.09317,351.4491
5059,MLP,2013-12-18 02:20:00,353.47437,363.32166
5059,MLP,2013-12-18 02:30:00,323.44745,355.00055
5059,MLP,2013-12-18 02:40:00,330.19568,346.97366
5059,MLP,2013-12-18 02:50:00,333.8312,345.4363
5059,MLP,2013-12-18 03:00:00,349.34024,341.43274
5059,MLP,2013-12-18 03:10:00,332.18362,351.8487
5059,MLP,2013-12-18 03:20:00,342.7267,348.53027
5059,MLP,2013-12-18 03:30:00,374.74506,340.45386
5059,MLP,2013-12-18 03:40:00,368.85327,371.63632
5059,MLP,2013-12-18 03:50:00,359.95996,388.94812
5059,MLP,2013-12-18 04:00:00,320.06473,389.57513
5059,MLP,2013-12-18 04:10:00,361.5439,364.16473
5059,MLP,2013-12-18 04:20:00,344.93466,381.1421
5059,MLP,2013-12-18 04:30:00,401.58304,383.0661
5059,MLP,2013-12-18 04:40:00,397.4719,399.9337
5059,MLP,2013-12-18 04:50:00,396.86322,430.59525
5059,MLP,2013-12-18 05:00:00,346.3754,422.8941
5059,MLP,2013-12-18 05:10:00,356.57953,411.17743
5059,MLP,2013-12-18 05:20:00,357.7288,400.2469
5059,MLP,2013-12-18 05:30:00,379.6343,426.44666
5059,MLP,2013-12-18 05:40:00,361.912,414.3095
5059,MLP,2013-12-18 05:50:00,413.22113,411.99075
5059,MLP,2013-12-18 06:00:00,403.95444,424.32336
5059,MLP,2013-12-18 06:10:00,471.12314,457.69272
5059,MLP,2013-12-18 06:20:00,481.8742,487.28873
5059,MLP,2013-12-18 06:30:00,486.94028,533.8423
5059,MLP,2013-12-18 06:40:00,624.4269,548.2595
5059,MLP,2013-12-18 06:50:00,638.6378,698.02606
5059,MLP,2013-12-18 07:00:00,813.0423,715.28455
5059,MLP,2013-12-18 07:10:00,815.51215,922.20465
5059,MLP,2013-12-18 07:20:00,925.6145,967.5287
5059,MLP,2013-12-18 07:30:00,986.8481,1104.4991
5059,MLP,2013-12-18 07:40:00,1024.8683,1192.8053
5059,MLP,2013-12-18 07:50:00,1120.7278,1232.691
5059,MLP,2013-12-18 08:00:00,1329.3274,1318.227
5059,MLP,2013-12-18 08:10:00,1298.2369,1390.05
5059,MLP,2013-12-18 08:20:00,1384.4584,1456.611
5059,MLP,2013-12-18 08:30:00,1469.436,1507.0565
5059,MLP,2013-12-18 08:40:00,1578.1362,1614.7426
5059,MLP,2013-12-18 08:50:00,1854.7711,1657.3689
5059,MLP,2013-12-18 09:00:00,1918.0593,1781.3062
5059,MLP,2013-12-18 09:10:00,1979.1548,1863.8152
5059,MLP,2013-12-18 09:20:00,1986.4987,1987.8643
5059,MLP,2013-12-18 09:30:00,2171.3083,2020.8398
5059,MLP,2013-12-18 09:40:00,2056.8528,2113.1106
5059,MLP,2013-12-18 09:50:00,2273.6548,2178.282
5059,MLP,2013-12-18 10:00:00,2399.3738,2244.2441
5059,MLP,2013-12-18 10:10:00,2414.5996,2370.168
5059,MLP,2013-12-18 10:20:00,2517.3289,2440.7383
5059,MLP,2013-12-18 10:30:00,2686.7637,2517.6548
5059,MLP,2013-12-18 10:40:00,2631.3562,2588.2007
5059,MLP,2013-12-18 10:50:00,2698.8047,2674.7888
5059,MLP,2013-12-18 11:00:00,2644.4453,2699.1438
5059,MLP,2013-12-18 11:10:00,2527.1482,2784.3445
5059,MLP,2013-12-18 11:20:00,2794.0598,2780.0647
5059,MLP,2013-12-18 11:30:00,2793.752,2860.5544
5059,MLP,2013-12-18 11:40:00,2745.2158,2917.5918
5059,MLP,2013-12-18 11:50:00,2864.4187,2913.1753
5059,MLP,2013-12-18 12:00:00,3068.5156,2968.859
5059,MLP,2013-12-18 12:10:00,3000.1797,3077.343
5059,MLP,2013-12-18 12:20:00,3004.6577,3099.9194
5059,MLP,2013-12-18 12:30:00,3191.4482,3094.8242
5059,MLP,2013-12-18 12:40:00,3207.1082,3129.1643
5059,MLP,2013-12-18 12:50:00,3051.9417,3171.0598
5059,MLP,2013-12-18 13:00:00,3178.2046,3133.0718
5059,MLP,2013-12-18 13:10:00,3111.8792,3136.2625
5059,MLP,2013-12-18 13:20:00,2973.613,3180.6555
5059,MLP,2013-12-18 13:30:00,3023.979,3125.3179
5059,MLP,2013-12-18 13:40:00,2870.2231,3082.445
5059,MLP,2013-12-18 13:50:00,2810.9236,3002.2632
5059,MLP,2013-12-18 14:00:00,2524.7148,2964.1704
5059,MLP,2013-12-18 14:10:00,2665.3462,2735.883
5059,MLP,2013-12-18 14:20:00,2788.0576,2667.4202
5059,MLP,2013-12-18 14:30:00,2690.2424,2767.4675
5059,MLP,2013-12-18 14:40:00,2476.0342,2735.1414
5059,MLP,2013-12-18 14:50:00,2679.1196,2568.4993
5059,MLP,2013-12-18 15:00:00,2502.6748,2587.6135
5059,MLP,2013-12-18 15:10:00,2525.0535,2559.4055
5059,MLP,2013-12-18 15:20:00,2681.9224,2520.953
5059,MLP,2013-12-18 15:30:00,2889.628,2533.8062
5059,MLP,2013-12-18 15:40:00,2542.5159,2629.7341
5059,MLP,2013-12-18 15:50:00,2753.3704,2569.3083
5059,MLP,2013-12-18 16:00:00,2676.2473,2500.8877
5059,MLP,2013-12-18 16:10:00,2600.9219,2564.6572
5059,MLP,2013-12-18 16:20:00,2616.2776,2482.8198
5059,MLP,2013-12-18 16:30:00,2503.0154,2488.4424
5059,MLP,2013-12-18 16:40:00,2491.4087,2415.6592
5059,MLP,2013-12-18 16:50:00,2464.9944,2433.954
5059,MLP,2013-12-18 17:00:00,2273.415,2397.3948
5059,MLP,2013-12-18 17:10:00,2249.7034,2282.7495
5059,MLP,2013-12-18 17:20:00,2227.0054,2242.695
5059,MLP,2013-12-18 17:30:00,2196.086,2246.0337
5059,MLP,2013-12-18 17:40:00,1929.9332,2191.67
5059,MLP,2013-12-18 17:50:00,1906.7806,2083.211
5059,MLP,2013-12-18 18:00:00,1933.2944,1951.9851
5059,MLP,2013-12-18 18:10:00,1699.993,1937.1266
5059,MLP,2013-12-18 18:20:00,1720.3448,1796.4358
5059,MLP,2013-12-18 18:30:00,1700.0227,1776.8164
5059,MLP,2013-12-18 18:40:00,1523.4856,1684.3542
5059,MLP,2013-12-18 18:50:00,1568.3333,1595.2426
5059,MLP,2013-12-18 19:00:00,1453.8414,1555.019
5059,MLP,2013-12-18 19:10:00,1269.3866,1419.4207
5059,MLP,2013-12-18 19:20:00,1161.6351,1342.3817
5059,MLP,2013-12-18 19:30:00,1171.1189,1266.2094
5059,MLP,2013-12-18 19:40:00,991.7398,1153.0
5059,MLP,2013-12-18 19:50:00,957.0807,1122.6771
5059,MLP,2013-12-18 20:00:00,985.3856,1044.5214
5059,MLP,2013-12-18 20:10:00,816.4783,983.5877
5059,MLP,2013-12-18 20:20:00,850.4735,927.3111
5059,MLP,2013-12-18 20:30:00,817.6907,890.9904
5059,MLP,2013-12-18 20:40:00,688.85065,836.18475
5059,MLP,2013-12-18 20:50:00,702.4695,790.95984
5059,MLP,2013-12-18 21:00:00,753.86127,768.38196
5059,MLP,2013-12-18 21:10:00,676.85645,743.7153
5059,MLP,2013-12-18 21:20:00,758.3573,712.5821
5059,MLP,2013-12-18 21:30:00,652.5494,746.4371
5059,MLP,2013-12-18 21:40:00,640.0536,653.66534
5059,MLP,2013-12-18 21:50:00,634.62427,648.1653
5059,MLP,2013-12-18 22:00:00,604.5951,652.3368
5059,MLP,2013-12-18 22:10:00,545.23456,594.9501
5059,MLP,2013-12-18 22:20:00,540.5254,585.7638
5059,MLP,2013-12-18 22:30:00,593.64,564.9961
5059,MLP,2013-12-18 22:40:00,579.179,550.7346
5059,MLP,2013-12-18 22:50:00,502.68195,547.5446
5059,MLP,2013-12-18 23:00:00,536.72876,510.15567
5059,MLP,2013-12-18 23:10:00,487.2052,491.41803
5059,MLP,2013-12-18 23:20:00,436.3902,479.46677
5059,MLP,2013-12-18 23:30:00,456.9867,452.89664
5059,MLP,2013-12-18 23:40:00,429.72488,440.77136
5059,MLP,2013-12-18 23:50:00,370.90134,419.55222
5059,MLP,2013-12-19 00:00:00,435.60617,399.71152
5059,MLP,2013-12-19 00:10:00,394.7007,386.69812
5059,MLP,2013-12-19 00:20:00,400.94308,388.05798
5059,MLP,2013-12-19 00:30:00,427.43805,396.18884
5059,MLP,2013-12-19 00:40:00,336.43256,384.98328
5059,MLP,2013-12-19 00:50:00,365.2895,349.7574
5059,MLP,2013-12-19 01:00:00,346.52133,357.64297
5059,MLP,2013-12-19 01:10:00,342.67114,340.006
5059,MLP,2013-12-19 01:20:00,320.30676,334.71194
5059,MLP,2013-12-19 01:30:00,328.14258,335.37424
5059,MLP,2013-12-19 01:40:00,280.11807,320.14868
5059,MLP,2013-12-19 01:50:00,335.46817,317.05984
5059,MLP,2013-12-19 02:00:00,298.21442,324.36343
5059,MLP,2013-12-19 02:10:00,309.2171,314.7974
5059,MLP,2013-12-19 02:20:00,300.12256,296.70682
5059,MLP,2013-12-19 02:30:00,246.72475,310.2575
5059,MLP,2013-12-19 02:40:00,276.32565,285.47534
5059,MLP,2013-12-19 02:50:00,262.11307,280.8843
5059,MLP,2013-12-19 03:00:00,270.27988,300.85922
5059,MLP,2013-12-19 03:10:00,252.87465,284.88843
5059,MLP,2013-12-19 03:20:00,251.35565,271.54376
5059,MLP,2013-12-19 03:30:00,252.6491,278.09015
5059,MLP,2013-12-19 03:40:00,252.2801,272.6411
5059,MLP,2013-12-19 03:50:00,271.09418,264.80487
5059,MLP,2013-12-19 04:00:00,250.35619,287.766
5059,MLP,2013-12-19 04:10:00,284.96732,261.3234
5059,MLP,2013-12-19 04:20:00,278.65344,292.27338
5059,MLP,2013-12-19 04:30:00,234.95042,290.06155
5059,MLP,2013-12-19 04:40:00,278.24277,280.05548
5059,MLP,2013-12-19 04:50:00,274.403,289.80182
5059,MLP,2013-12-19 05:00:00,246.9415,290.49606
5059,MLP,2013-12-19 05:10:00,316.2096,283.25754
5059,MLP,2013-12-19 05:20:00,317.4206,298.25992
5059,MLP,2013-12-19 05:30:00,308.83353,313.81085
5059,MLP,2013-12-19 05:40:00,312.58328,342.29984
5059,MLP,2013-12-19 05:50:00,378.32358,325.70425
5059,MLP,2013-12-19 06:00:00,398.94138,371.89243
5059,MLP,2013-12-19 06:10:00,383.5255,447.91278
5059,MLP,2013-12-19 06:20:00,505.4137,426.13208
5059,MLP,2013-12-19 06:30:00,487.44113,561.0059
5059,MLP,2013-12-19 06:40:00,513.9205,617.3901
5059,MLP,2013-12-19 06:50:00,644.89886,662.8665
5059,MLP,2013-12-19 07:00:00,664.45844,783.17694
5059,MLP,2013-12-19 07:10:00,682.46765,871.13806
5059,MLP,2013-12-19 07:20:00,738.4892,936.91296
5059,MLP,2013-12-19 07:30:00,748.6995,967.85406
5059,MLP,2013-12-19 07:40:00,879.4211,1030.2324
5059,MLP,2013-12-19 07:50:00,1059.6798,1119.3451
5059,MLP,2013-12-19 08:00:00,1205.6598,1198.5411
5059,MLP,2013-12-19 08:10:00,1294.0133,1309.3533
5059,MLP,2013-12-19 08:20:00,1403.5647,1407.0388
5059,MLP,2013-12-19 08:30:00,1366.8352,1514.771
5059,MLP,2013-12-19 08:40:00,1410.3505,1579.0779
5059,MLP,2013-12-19 08:50:00,1500.0518,1594.7688
5059,MLP,2013-12-19 09:00:00,1631.4614,1642.904
5059,MLP,2013-12-19 09:10:00,1594.8406,1691.7261
5059,MLP,2013-12-19 09:20:00,1743.9664,1730.9628
5059,MLP,2013-12-19 09:30:00,1792.1636,1814.2303
5059,MLP,2013-12-19 09:40:00,1852.2517,1893.6138
5059,MLP,2013-12-19 09:50:00,1815.0079,1939.655
5059,MLP,2013-12-19 10:00:00,1953.0442,1971.8108
5059,MLP,2013-12-19 10:10:00,1898.2078,2043.4058
5059,MLP,2013-12-19 10:20:00,1932.6768,2093.5789
5059,MLP,2013-12-19 10:30:00,2083.847,2082.734
5059,MLP,2013-12-19 10:40:00,2171.034,2156.2146
5059,MLP,2013-12-19 10:50:00,2265.2751,2208.0542
5059,MLP,2013-12-19 11:00:00,2178.1807,2285.7905
5059,MLP,2013-12-19 11:10:00,2262.1309,2318.3303
5059,MLP,2013-12-19 11:20:00,2150.6257,2382.0247
5059,MLP,2013-12-19 11:30:00,2270.9175,2387.7336
5059,MLP,2013-12-19 11:40:00,2441.9106,2373.965
5059,MLP,2013-12-19 11:50:00,2547.372,2457.8533
5059,MLP,2013-12-19 12:00:00,2549.3323,2515.6711
5059,MLP,2013-12-19 12:10:00,2767.8403,2569.5593
5059,MLP,2013-12-19 12:20:00,2683.886,2638.9592
5059,MLP,2013-12-19 12:30:00,2711.2275,2726.0903
5059,MLP,2013-12-19 12:40:00,2517.5942,2739.9536
5059,MLP,2013-12-19 12:50:00,2742.896,2699.755
5059,MLP,2013-12-19 13:00:00,2650.2075,2723.932
5059,MLP,2013-12-19 13:10:00,2467.6526,2767.437
5059,MLP,2013-12-19 13:20:00,2606.0076,2629.539
5059,MLP,2013-12-19 13:30:00,2583.6455,2691.0254
5059,MLP,2013-12-19 13:40:00,2529.9766,2669.236
5059,MLP,2013-12-19 13:50:00,2546.6702,2675.1497
5059,MLP,2013-12-19 14:00:00,2376.3787,2638.587
5059,MLP,2013-12-19 14:10:00,2511.2964,2526.652
5059,MLP,2013-12-19 14:20:00,2380.6892,2518.9556
5059,MLP,2013-12-19 14:30:00,2496.9202,2432.6477
5059,MLP,2013-12-19 14:40:00,2670.8054,2423.8247
5059,MLP,2013-12-19 14:50:00,2527.7153,2559.229
5059,MLP,2013-12-19 15:00:00,2489.7966,2500.9124
5059,MLP,2013-12-19 15:10:00,2740.8386,2499.2822
5059,MLP,2013-12-19 15:20:00,2435.4739,2539.3545
5059,MLP,2013-12-19 15:30:00,2455.3765,2496.8872
5059,MLP,2013-12-19 15:40:00,2387.4033,2438.6355
5059,MLP,2013-12-19 15:50:00,2405.84,2342.1997
5059,MLP,2013-12-19 16:00:00,2422.1624,2357.2236
5059,MLP,2013-12-19 16:10:00,2372.235,2376.0457
5059,MLP,2013-12-19 16:20:00,2159.3252,2305.3367
5059,MLP,2013-12-19 16:30:00,2137.3472,2254.4817
5059,MLP,2013-12-19 16:40:00,2231.6365,2145.3909
5059,MLP,2013-12-19 16:50:00,2189.936,2187.4102
5059,MLP,2013-12-19 17:00:00,2123.9602,2177.6956
5059,MLP,2013-12-19 17:10:00,2123.451,2127.9978
5059,MLP,2013-12-19 17:20:00,1877.5535,2087.8743
5059,MLP,2013-12-19 17:30:00,2125.435,1960.2957
5059,MLP,2013-12-19 17:40:00,2092.7607,2008.4379
5059,MLP,2013-12-19 17:50:00,1824.8812,2065.9343
5059,MLP,2013-12-19 18:00:00,1729.0023,1890.7615
5059,MLP,2013-12-19 18:10:00,1680.3956,1818.1208
5059,MLP,2013-12-19 18:20:00,1606.5753,1702.569
5059,MLP,2013-12-19 18:30:00,1626.3036,1655.3737
5059,MLP,2013-12-19 18:40:00,1547.6588,1625.6903
5059,MLP,2013-12-19 18:50:00,1395.2604,1519.328
5059,MLP,2013-12-19 19:00:00,1390.3671,1421.9014
5059,MLP,2013-12-19 19:10:00,1230.7985,1396.8785
5059,MLP,2013-12-19 19:20:00,1114.6785,1272.2205
5059,MLP,2013-12-19 19:30:00,1020.2102,1187.786
5059,MLP,2013-12-19 19:40:00,942.3616,1100.5178
5059,MLP,2013-12-19 19:50:00,842.16235,1020.34924
5059,MLP,2013-12-19 20:00:00,718.4314,953.8959
5059,MLP,2013-12-19 20:10:00,781.4337,859.71497
5059,MLP,2013-12-19 20:20:00,700.18353,822.48236
5059,MLP,2013-12-19 20:30:00,728.15845,760.1424
5059,MLP,2013-12-19 20:40:00,701.60626,753.6445
5059,MLP,2013-12-19 20:50:00,737.4239,724.4544
5059,MLP,2013-12-19 21:00:00,640.25195,725.41797
5059,MLP,2013-12-19 21:10:00,642.9851,698.14075
5059,MLP,2013-12-19 21:20:00,583.51904,646.67896
5059,MLP,2013-12-19 21:30:00,631.582,635.3124
5059,MLP,2013-12-19 21:40:00,589.1496,643.5887
5059,MLP,2013-12-19 21:50:00,559.72516,604.59235
5059,MLP,2013-12-19 22:00:00,568.68,568.9998
5059,MLP,2013-12-19 22:10:00,518.3545,578.21814
5059,MLP,2013-12-19 22:20:00,516.46484,521.19696
5059,MLP,2013-12-19 22:30:00,506.92117,511.1392
5059,MLP,2013-12-19 22:40:00,482.31082,487.93356
5059,MLP,2013-12-19 22:50:00,465.71017,482.32056
5059,MLP,2013-12-19 23:00:00,525.8392,459.30246
5059,MLP,2013-12-19 23:10:00,489.60336,471.2182
5059,MLP,2013-12-19 23:20:00,372.18173,455.2021
5059,MLP,2013-12-19 23:30:00,404.69742,406.54132
5059,MLP,2013-12-19 23:40:00,391.80353,390.72073
5059,MLP,2013-12-19 23:50:00,297.08508,391.54092
5059,MLP,2013-12-20 00:00:00,363.3345,357.0104
5059,MLP,2013-12-20 00:10:00,311.23398,342.5756
5059,MLP,2013-12-20 00:20:00,304.2302,319.40567
5059,MLP,2013-12-20 00:30:00,292.2712,314.66736
5059,MLP,2013-12-20 00:40:00,266.19818,292.41898
5059,MLP,2013-12-20 00:50:00,241.73764,273.71915
5059,MLP,2013-12-20 01:00:00,268.45358,280.3392
5059,MLP,2013-12-20 01:10:00,255.58801,269.82993
5059,MLP,2013-12-20 01:20:00,255.26366,267.07062
5059,MLP,2013-12-20 01:30:00,247.74217,276.70538
5059,MLP,2013-12-20 01:40:00,261.45126,277.08768
5059,MLP,2013-12-20 01:50:00,212.55832,264.60522
5059,MLP,2013-12-20 02:00:00,225.63673,261.1659
5059,MLP,2013-12-20 02:10:00,253.41428,259.23843
5059,MLP,2013-12-20 02:20:00,224.57256,249.51051
5059,MLP,2013-12-20 02:30:00,224.44083,272.00558
5059,MLP,2013-12-20 02:40:00,250.79286,250.89558
5059,MLP,2013-12-20 02:50:00,213.31396,249.26138
5059,MLP,2013-12-20 03:00:00,220.35384,276.65826
5059,MLP,2013-12-20 03:10:00,226.8493,260.19843
5059,MLP,2013-12-20 03:20:00,201.8171,240.36093
5059,MLP,2013-12-20 03:30:00,205.79384,258.28134
5059,MLP,2013-12-20 03:40:00,235.06805,246.34557
5059,MLP,2013-12-20 03:50:00,192.8713,250.11127
5059,MLP,2013-12-20 04:00:00,216.31819,249.33029
5059,MLP,2013-12-20 04:10:00,236.10062,247.40971
5059,MLP,2013-12-20 04:20:00,207.19698,253.88976
5059,MLP,2013-12-20 04:30:00,252.64702,255.86717
5059,MLP,2013-12-20 04:40:00,243.07233,261.49396
5059,MLP,2013-12-20 04:50:00,206.34781,265.06546
5059,MLP,2013-12-20 05:00:00,246.40042,257.36667
5059,MLP,2013-12-20 05:10:00,231.74612,264.4061
5059,MLP,2013-12-20 05:20:00,241.9884,263.11728
5059,MLP,2013-12-20 05:30:00,240.643,269.73178
5059,MLP,2013-12-20 05:40:00,296.80536,267.44165
5059,MLP,2013-12-20 05:50:00,303.16022,287.76022
5059,MLP,2013-12-20 06:00:00,369.727,313.1206
5059,MLP,2013-12-20 06:10:00,364.43896,354.21426
5059,MLP,2013-12-20 06:20:00,412.51236,385.5322
5059,MLP,2013-12-20 06:30:00,379.6234,465.42468
5059,MLP,2013-12-20 06:40:00,429.28006,484.42105
5059,MLP,2013-12-20 06:50:00,670.184,507.52997
5059,MLP,2013-12-20 07:00:00,684.615,722.3221
5059,MLP,2013-12-20 07:10:00,693.4316,792.8463
5059,MLP,2013-12-20 07:20:00,856.236,915.39197
5059,MLP,2013-12-20 07:30:00,789.6416,1066.5383
5059,MLP,2013-12-20 07:40:00,935.70966,1117.1338
5059,MLP,2013-12-20 07:50:00,1030.2852,1172.0497
5059,MLP,2013-12-20 08:00:00,1220.1327,1222.7977
5059,MLP,2013-12-20 08:10:00,1237.1399,1316.7266
5059,MLP,2013-12-20 08:20:00,1306.8203,1375.5079
5059,MLP,2013-12-20 08:30:00,1387.7256,1464.3239
5059,MLP,2013-12-20 08:40:00,1409.9806,1559.007
5059,MLP,2013-12-20 08:50:00,1643.7428,1591.7261
5059,MLP,2013-12-20 09:00:00,1689.272,1666.6375
5059,MLP,2013-12-20 09:10:00,1596.9042,1751.7366
5059,MLP,2013-12-20 09:20:00,1671.0422,1796.2301
5059,MLP,2013-12-20 09:30:00,1595.8232,1832.0469
5059,MLP,2013-12-20 09:40:00,1878.9929,1828.1799
5059,MLP,2013-12-20 09:50:00,1986.6232,1907.1442
5059,MLP,2013-12-20 10:00:00,1975.8969,2003.512
5059,MLP,2013-12-20 10:10:00,1999.3615,2097.3135
5059,MLP,2013-12-20 10:20:00,2245.892,2098.5132
5059,MLP,2013-12-20 10:30:00,2462.2507,2203.673
5059,MLP,2013-12-20 10:40:00,2270.8691,2317.8525
5059,MLP,2013-12-20 10:50:00,2222.1091,2308.6973
5059,MLP,2013-12-20 11:00:00,2357.3289,2351.5957
5059,MLP,2013-12-20 11:10:00,2275.7559,2445.4045
5059,MLP,2013-12-20 11:20:00,2439.7173,2491.6638
5059,MLP,2013-12-20 11:30:00,2526.545,2531.2314
5059,MLP,2013-12-20 11:40:00,2346.0898,2585.752
5059,MLP,2013-12-20 11:50:00,2470.7983,2554.6785
5059,MLP,2013-12-20 12:00:00,2650.6477,2552.3142
5059,MLP,2013-12-20 12:10:00,2598.8076,2672.1904
5059,MLP,2013-12-20 12:20:00,2632.6096,2750.9165
5059,MLP,2013-12-20 12:30:00,2461.2249,2707.9565
5059,MLP,2013-12-20 12:40:00,2746.582,2572.827
5059,MLP,2013-12-20 12:50:00,2632.105,2697.459
5059,MLP,2013-12-20 13:00:00,2633.7163,2736.7703
5059,MLP,2013-12-20 13:10:00,2568.3618,2724.4329
5059,MLP,2013-12-20 13:20:00,2618.5422,2700.0725
5059,MLP,2013-12-20 13:30:00,2665.7302,2639.8071
5059,MLP,2013-12-20 13:40:00,2900.3716,2701.7168
5059,MLP,2013-12-20 13:50:00,2662.6619,2797.1548
5059,MLP,2013-12-20 14:00:00,2651.5894,2759.828
5059,MLP,2013-12-20 14:10:00,2596.082,2630.4417
5059,MLP,2013-12-20 14:20:00,2519.1433,2572.1763
5059,MLP,2013-12-20 14:30:00,2734.3699,2570.0745
5059,MLP,2013-12-20 14:40:00,2823.1987,2663.517
5059,MLP,2013-12-20 14:50:00,2617.3066,2671.2532
5059,MLP,2013-12-20 15:00:00,2674.8652,2664.1716
5059,MLP,2013-12-20 15:10:00,2548.0388,2595.5698
5059,MLP,2013-12-20 15:20:00,2558.9575,2577.7827
5059,MLP,2013-12-20 15:30:00,2391.4993,2565.9836
5059,MLP,2013-12-20 15:40:00,2764.4683,2469.9114
5059,MLP,2013-12-20 15:50:00,2595.302,2537.8674
5059,MLP,2013-12-20 16:00:00,2626.2993,2577.4143
5059,MLP,2013-12-20 16:10:00,2673.3782,2547.8518
5059,MLP,2013-12-20 16:20:00,2455.5232,2569.6504
5059,MLP,2013-12-20 16:30:00,2262.6885,2457.5312
5059,MLP,2013-12-20 16:40:00,2273.0952,2387.606
5059,MLP,2013-12-20 16:50:00,2120.3896,2309.7861
5059,MLP,2013-12-20 17:00:00,2335.026,2224.8005
5059,MLP,2013-12-20 17:10:00,2156.287,2273.514
5059,MLP,2013-12-20 17:20:00,2015.8969,2186.1833
5059,MLP,2013-12-20 17:30:00,2134.4436,2031.8308
5059,MLP,2013-12-20 17:40:00,1919.2555,2105.2366
5059,MLP,2013-12-20 17:50:00,1839.2902,1964.7151
5059,MLP,2013-12-20 18:00:00,1951.7673,1922.6091
5059,MLP,2013-12-20 18:10:00,1644.755,1860.0468
5059,MLP,2013-12-20 18:20:00,1486.1348,1755.7897
5059,MLP,2013-12-20 18:30:00,1693.2423,1590.3835
5059,MLP,2013-12-20 18:40:00,1344.2494,1588.5565
5059,MLP,2013-12-20 18:50:00,1241.1987,1493.4539
5059,MLP,2013-12-20 19:00:00,1227.9812,1361.6716
5059,MLP,2013-12-20 19:10:00,1140.5072,1229.2201
5059,MLP,2013-12-20 19:20:00,1019.19055,1213.448
5059,MLP,2013-12-20 19:30:00,927.6131,1126.9602
5059,MLP,2013-12-20 19:40:00,860.2623,995.3869
5059,MLP,2013-12-20 19:50:00,789.0069,948.4925
5059,MLP,2013-12-20 20:00:00,744.62024,925.9934
5059,MLP,2013-12-20 20:10:00,782.2459,824.8347
5059,MLP,2013-12-20 20:20:00,736.78107,811.57886
5059,MLP,2013-12-20 20:30:00,696.86,810.11176
5059,MLP,2013-12-20 20:40:00,733.6609,738.44806
5059,MLP,2013-12-20 20:50:00,721.83344,714.21405
5059,MLP,2013-12-20 21:00:00,662.12854,736.79065
5059,MLP,2013-12-20 21:10:00,703.3142,708.8347
5059,MLP,2013-12-20 21:20:00,637.8367,663.69806
5059,MLP,2013-12-20 21:30:00,693.22076,672.78864
5059,MLP,2013-12-20 21:40:00,601.387,668.99915
5059,MLP,2013-12-20 21:50:00,664.32275,604.46405
5059,MLP,2013-12-20 22:00:00,564.0374,627.97
5059,MLP,2013-12-20 22:10:00,487.86606,596.252
5059,MLP,2013-12-20 22:20:00,539.56445,515.0972
5059,MLP,2013-12-20 22:30:00,738.7419,535.16205
5059,MLP,2013-12-20 22:40:00,1177.4384,578.7829
5059,MLP,2013-12-20 22:50:00,832.1246,763.1179
5059,MLP,2013-12-20 23:00:00,696.6468,716.6579
5059,MLP,2013-12-20 23:10:00,505.417,694.11255
5059,MLP,2013-12-20 23:20:00,790.2082,633.37994
5059,MLP,2013-12-20 23:30:00,458.1687,744.6342
5059,MLP,2013-12-20 23:40:00,404.18,657.1743
5059,MLP,2013-12-20 23:50:00,392.979,523.6895
5059,MLP,2013-12-21 00:00:00,361.36307,546.37976
5059,MLP,2013-12-21 00:10:00,361.5745,473.22043
5059,MLP,2013-12-21 00:20:00,322.63083,464.81903
5059,MLP,2013-12-21 00:30:00,308.55063,352.24268
5059,MLP,2013-12-21 00:40:00,308.66302,352.19263
5059,MLP,2013-12-21 00:50:00,316.9625,277.77252
5059,MLP,2013-12-21 01:00:00,297.1868,312.4409
5059,MLP,2013-12-21 01:10:00,320.12656,330.26932
5059,MLP,2013-12-21 01:20:00,315.64932,363.47006
5059,MLP,2013-12-21 01:30:00,277.5032,367.7766
5059,MLP,2013-12-21 01:40:00,282.7768,288.21732
5059,MLP,2013-12-21 01:50:00,296.1383,310.1689
5059,MLP,2013-12-21 02:00:00,279.48264,284.5237
5059,MLP,2013-12-21 02:10:00,274.27963,313.00073
5059,MLP,2013-12-21 02:20:00,257.2602,240.78381
5059,MLP,2013-12-21 02:30:00,250.54742,245.2864
5059,MLP,2013-12-21 02:40:00,319.1933,259.6689
5059,MLP,2013-12-21 02:50:00,255.39021,299.25464
5059,MLP,2013-12-21 03:00:00,269.69437,266.36984
5059,MLP,2013-12-21 03:10:00,265.03293,283.38327
5059,MLP,2013-12-21 03:20:00,273.5162,302.13852
5059,MLP,2013-12-21 03:30:00,287.6533,286.32864
5059,MLP,2013-12-21 03:40:00,283.76547,296.7632
5059,MLP,2013-12-21 03:50:00,275.07043,297.6817
5059,MLP,2013-12-21 04:00:00,292.82037,305.06708
5059,MLP,2013-12-21 04:10:00,332.5462,294.52847
5059,MLP,2013-12-21 04:20:00,310.3698,323.50757
5059,MLP,2013-12-21 04:30:00,288.39502,333.71634
5059,MLP,2013-12-21 04:40:00,300.36313,330.5297
5059,MLP,2013-12-21 04:50:00,302.14236,314.33752
5059,MLP,2013-12-21 05:00:00,321.63306,319.8027
5059,MLP,2013-12-21 05:10:00,279.65805,348.1416
5059,MLP,2013-12-21 05:20:00,313.6889,325.79697
5059,MLP,2013-12-21 05:30:00,313.98743,333.24124
5059,MLP,2013-12-21 05:40:00,310.84875,342.07916
5059,MLP,2013-12-21 05:50:00,316.01263,336.27063
5059,MLP,2013-12-21 06:00:00,323.74387,344.29175
5059,MLP,2013-12-21 06:10:00,301.79507,352.19376
5059,MLP,2013-12-21 06:20:00,326.47913,339.12408
5059,MLP,2013-12-21 06:30:00,342.92157,338.02872
5059,MLP,2013-12-21 06:40:00,296.91846,365.18277
5059,MLP,2013-12-21 06:50:00,335.83932,357.9157
5059,MLP,2013-12-21 07:00:00,374.44254,357.86014
5059,MLP,2013-12-21 07:10:00,345.98758,373.56985
5059,MLP,2013-12-21 07:20:00,423.27612,392.64005
5059,MLP,2013-12-21 07:30:00,409.35822,441.81046
5059,MLP,2013-12-21 07:40:00,468.22766,447.1106
5059,MLP,2013-12-21 07:50:00,520.4716,533.1293
5059,MLP,2013-12-21 08:00:00,583.5124,598.20996
5059,MLP,2013-12-21 08:10:00,506.6174,674.32654
5059,MLP,2013-12-21 08:20:00,730.40265,699.9742
5059,MLP,2013-12-21 08:30:00,708.8068,859.04193
5059,MLP,2013-12-21 08:40:00,748.7587,886.86914
5059,MLP,2013-12-21 08:50:00,776.95844,976.3405
5059,MLP,2013-12-21 09:00:00,834.7816,1027.3079
5059,MLP,2013-12-21 09:10:00,927.014,1065.8363
5059,MLP,2013-12-21 09:20:00,1075.7583,1156.3197
5059,MLP,2013-12-21 09:30:00,1118.0957,1221.7262
5059,MLP,2013-12-21 09:40:00,1275.7828,1325.3558
5059,MLP,2013-12-21 09:50:00,1225.114,1389.3136
5059,MLP,2013-12-21 10:00:00,1428.2644,1439.9525
5059,MLP,2013-12-21 10:10:00,1449.5228,1523.8239
5059,MLP,2013-12-21 10:20:00,1457.4513,1602.9098
5059,MLP,2013-12-21 10:30:00,1642.2819,1600.6213
5059,MLP,2013-12-21 10:40:00,1650.584,1684.0803
5059,MLP,2013-12-21 10:50:00,1815.624,1739.0383
5059,MLP,2013-12-21 11:00:00,1969.3022,1835.2565
5059,MLP,2013-12-21 11:10:00,1965.299,1917.2557
5059,MLP,2013-12-21 11:20:00,2041.4291,1992.1035
5059,MLP,2013-12-21 11:30:00,2129.975,2072.6233
5059,MLP,2013-12-21 11:40:00,2113.1958,2150.7202
5059,MLP,2013-12-21 11:50:00,2121.882,2233.9165
5059,MLP,2013-12-21 12:00:00,2164.9207,2234.5098
5059,MLP,2013-12-21 12:10:00,2325.1907,2293.7734
5059,MLP,2013-12-21 12:20:00,2355.1353,2343.6821
5059,MLP,2013-12-21 12:30:00,2386.17,2438.5408
5059,MLP,2013-12-21 12:40:00,2157.8718,2479.417
5059,MLP,2013-12-21 12:50:00,2452.4163,2447.8418
5059,MLP,2013-12-21 13:00:00,2294.8982,2488.0845
5059,MLP,2013-12-21 13:10:00,2495.4827,2540.1333
5059,MLP,2013-12-21 13:20:00,2569.2935,2555.6167
5059,MLP,2013-12-21 13:30:00,2397.1416,2653.426
5059,MLP,2013-12-21 13:40:00,2213.5137,2563.1072
5059,MLP,2013-12-21 13:50:00,2490.4226,2473.8152
5059,MLP,2013-12-21 14:00:00,2579.4656,2521.3357
5059,MLP,2013-12-21 14:10:00,2429.455,2628.849
5059,MLP,2013-12-21 14:20:00,2475.544,2575.3835
5059,MLP,2013-12-21 14:30:00,2627.732,2520.4548
5059,MLP,2013-12-21 14:40:00,2615.4873,2540.063
5059,MLP,2013-12-21 14:50:00,2511.2036,2616.456
5059,MLP,2013-12-21 15:00:00,2755.5808,2545.2732
5059,MLP,2013-12-21 15:10:00,2681.3354,2613.097
5059,MLP,2013-12-21 15:20:00,2624.8208,2631.4233
5059,MLP,2013-12-21 15:30:00,2838.9736,2626.713
5059,MLP,2013-12-21 15:40:00,2782.5344,2682.3816
5059,MLP,2013-12-21 15:50:00,2546.956,2715.9204
5059,MLP,2013-12-21 16:00:00,2749.6194,2643.0024
5059,MLP,2013-12-21 16:10:00,2715.9995,2598.1616
5059,MLP,2013-12-21 16:20:00,2544.2124,2700.5764
5059,MLP,2013-12-21 16:30:00,2755.3923,2652.3438
5059,MLP,2013-12-21 16:40:00,2733.1387,2655.2332
5059,MLP,2013-12-21 16:50:00,2625.955,2637.7766
5059,MLP,2013-12-21 17:00:00,2288.752,2642.2498
5059,MLP,2013-12-21 17:10:00,2231.908,2463.8572
5059,MLP,2013-12-21 17:20:00,2133.056,2347.372
5059,MLP,2013-12-21 17:30:00,2152.1133,2301.9404
5059,MLP,2013-12-21 17:40:00,1993.8711,2240.0935
5059,MLP,2013-12-21 17:50:00,1951.8522,2101.5652
5059,MLP,2013-12-21 18:00:00,1813.9457,2030.745
5059,MLP,2013-12-21 18:10:00,1655.6824,1945.8038
5059,MLP,2013-12-21 18:20:00,1597.5039,1750.2766
5059,MLP,2013-12-21 18:30:00,1325.4286,1650.0834
5059,MLP,2013-12-21 18:40:00,1457.4199,1513.9058
5059,MLP,2013-12-21 18:50:00,1450.1373,1457.7013
5059,MLP,2013-12-21 19:00:00,1219.9037,1409.3795
5059,MLP,2013-12-21 19:10:00,1292.1918,1321.6074
5059,MLP,2013-12-21 19:20:00,1162.7396,1243.2961
5059,MLP,2013-12-21 19:30:00,1148.6572,1189.457
5059,MLP,2013-12-21 19:40:00,1033.7631,1161.0066
5059,MLP,2013-12-21 19:50:00,946.29254,1086.697
5059,MLP,2013-12-21 20:00:00,943.5213,1015.5186
5059,MLP,2013-12-21 20:10:00,952.71265,1022.7595
5059,MLP,2013-12-21 20:20:00,890.1043,970.8507
5059,MLP,2013-12-21 20:30:00,913.24146,908.53986
5059,MLP,2013-12-21 20:40:00,859.0975,920.9763
5059,MLP,2013-12-21 20:50:00,780.55316,870.767
5059,MLP,2013-12-21 21:00:00,788.2426,805.1068
5059,MLP,2013-12-21 21:10:00,706.01117,796.85114
5059,MLP,2013-12-21 21:20:00,683.7204,747.4415
5059,MLP,2013-12-21 21:30:00,653.22577,734.9711
5059,MLP,2013-12-21 21:40:00,590.1952,673.4577
5059,MLP,2013-12-21 21:50:00,508.78333,642.27435
5059,MLP,2013-12-21 22:00:00,559.7363,584.6825
5059,MLP,2013-12-21 22:10:00,489.1154,556.92676
5059,MLP,2013-12-21 22:20:00,517.43915,531.8616
5059,MLP,2013-12-21 22:30:00,570.5882,509.7362
5059,MLP,2013-12-21 22:40:00,525.5759,522.7173
5059,MLP,2013-12-21 22:50:00,463.4319,505.0755
5059,MLP,2013-12-21 23:00:00,485.27408,469.44067
5059,MLP,2013-12-21 23:10:00,469.79868,459.56503
5059,MLP,2013-12-21 23:20:00,406.76755,454.7515
5059,MLP,2013-12-21 23:30:00,498.5281,428.0699
5059,MLP,2013-12-21 23:40:00,419.483,440.4569
5059,MLP,2013-12-21 23:50:00,313.36545,413.4838
5059,MLP,2013-12-22 00:00:00,311.2208,372.85934
5059,MLP,2013-12-22 00:10:00,285.27692,330.98627
5059,MLP,2013-12-22 00:20:00,287.1131,312.3783
5059,MLP,2013-12-22 00:30:00,288.16458,308.7747
5059,MLP,2013-12-22 00:40:00,265.65384,288.90128
5059,MLP,2013-12-22 00:50:00,327.46786,270.76068
5059,MLP,2013-12-22 01:00:00,274.27466,287.8083
5059,MLP,2013-12-22 01:10:00,263.7229,292.35187
5059,MLP,2013-12-22 01:20:00,257.9314,269.2045
5059,MLP,2013-12-22 01:30:00,210.99529,283.81293
5059,MLP,2013-12-22 01:40:00,235.38518,271.3756
5059,MLP,2013-12-22 01:50:00,244.28406,250.41252
5059,MLP,2013-12-22 02:00:00,207.78162,276.1662
5059,MLP,2013-12-22 02:10:00,191.04721,264.53644
5059,MLP,2013-12-22 02:20:00,239.0879,233.46167
5059,MLP,2013-12-22 02:30:00,235.65778,254.59117
5059,MLP,2013-12-22 02:40:00,192.75902,253.234
5059,MLP,2013-12-22 02:50:00,211.66522,231.86147
5059,MLP,2013-12-22 03:00:00,198.14497,244.9544
5059,MLP,2013-12-22 03:10:00,188.68126,218.62007
5059,MLP,2013-12-22 03:20:00,197.03189,245.52657
5059,MLP,2013-12-22 03:30:00,207.60875,252.86801
5059,MLP,2013-12-22 03:40:00,194.52625,249.74626
5059,MLP,2013-12-22 03:50:00,199.42442,247.50566
5059,MLP,2013-12-22 04:00:00,191.96487,234.60567
5059,MLP,2013-12-22 04:10:00,184.78975,235.18132
5059,MLP,2013-12-22 04:20:00,202.44556,242.39859
5059,MLP,2013-12-22 04:30:00,188.9675,230.17432
5059,MLP,2013-12-22 04:40:00,196.66335,232.5162
5059,MLP,2013-12-22 04:50:00,218.4388,236.51674
5059,MLP,2013-12-22 05:00:00,204.28622,242.76613
5059,MLP,2013-12-22 05:10:00,204.22127,244.01997
5059,MLP,2013-12-22 05:20:00,212.75473,245.07487
5059,MLP,2013-12-22 05:30:00,201.71213,242.1293
5059,MLP,2013-12-22 05:40:00,182.26083,248.33492
5059,MLP,2013-12-22 05:50:00,215.85309,243.5923
5059,MLP,2013-12-22 06:00:00,209.48022,241.64548
5059,MLP,2013-12-22 06:10:00,202.72679,245.00655
5059,MLP,2013-12-22 06:20:00,241.69568,245.81766
5059,MLP,2013-12-22 06:30:00,212.7093,249.40617
5059,MLP,2013-12-22 06:40:00,195.13115,252.45831
5059,MLP,2013-12-22 06:50:00,250.33661,248.76512
5059,MLP,2013-12-22 07:00:00,234.88385,255.11385
5059,MLP,2013-12-22 07:10:00,237.84229,259.43604
5059,MLP,2013-12-22 07:20:00,284.89966,267.90237
5059,MLP,2013-12-22 07:30:00,271.18427,278.0723
5059,MLP,2013-12-22 07:40:00,261.90845,293.39062
5059,MLP,2013-12-22 07:50:00,294.08463,303.4104
5059,MLP,2013-12-22 08:00:00,349.03415,299.8657
5059,MLP,2013-12-22 08:10:00,349.05515,350.56772
5059,MLP,2013-12-22 08:20:00,378.0785,387.38184
5059,MLP,2013-12-22 08:30:00,424.97806,401.76633
5059,MLP,2013-12-22 08:40:00,469.05362,487.56476
5059,MLP,2013-12-22 08:50:00,553.50824,574.06573
5059,MLP,2013-12-22 09:00:00,689.464,658.78625
5059,MLP,2013-12-22 09:10:00,631.2228,787.8454
5059,MLP,2013-12-22 09:20:00,707.78723,878.104
5059,MLP,2013-12-22 09:30:00,766.17035,970.04456
5059,MLP,2013-12-22 09:40:00,803.8872,1024.7821
5059,MLP,2013-12-22 09:50:00,971.2718,1091.9854
5059,MLP,2013-12-22 10:00:00,1046.3397,1156.766
5059,MLP,2013-12-22 10:10:00,1230.1508,1227.8046
5059,MLP,2013-12-22 10:20:00,1127.9285,1342.5419
5059,MLP,2013-12-22 10:30:00,1449.8252,1376.4978
5059,MLP,2013-12-22 10:40:00,1383.4529,1515.362
5059,MLP,2013-12-22 10:50:00,1643.272,1563.992
5059,MLP,2013-12-22 11:00:00,1733.9001,1641.7496
5059,MLP,2013-12-22 11:10:00,1675.9011,1757.6146
5059,MLP,2013-12-22 11:20:00,1833.2424,1804.1503
5059,MLP,2013-12-22 11:30:00,1764.0161,1878.2885
5059,MLP,2013-12-22 11:40:00,2001.0841,1890.6617
5059,MLP,2013-12-22 11:50:00,1983.3839,2000.1516
5059,MLP,2013-12-22 12:00:00,2070.5903,2047.6471
5059,MLP,2013-12-22 12:10:00,2207.3523,2167.2192
5059,MLP,2013-12-22 12:20:00,2090.5422,2229.4375
5059,MLP,2013-12-22 12:30:00,1998.6561,2268.386
5059,MLP,2013-12-22 12:40:00,2118.2163,2252.1438
5059,MLP,2013-12-22 12:50:00,2046.2312,2250.6519
5059,MLP,2013-12-22 13:00:00,2005.1089,2320.0356
5059,MLP,2013-12-22 13:10:00,2134.599,2293.9768
5059,MLP,2013-12-22 13:20:00,2146.1335,2337.2368
5059,MLP,2013-12-22 13:30:00,2083.6038,2325.7998
5059,MLP,2013-12-22 13:40:00,2265.5215,2311.2905
5059,MLP,2013-12-22 13:50:00,2261.104,2304.5332
5059,MLP,2013-12-22 14:00:00,2310.0315,2355.1365
5059,MLP,2013-12-22 14:10:00,2401.2407,2378.626
5059,MLP,2013-12-22 14:20:00,2304.6191,2401.5059
5059,MLP,2013-12-22 14:30:00,2281.7644,2355.7402
5059,MLP,2013-12-22 14:40:00,2348.873,2328.8315
5059,MLP,2013-12-22 14:50:00,2395.8262,2337.221
5059,MLP,2013-12-22 15:00:00,2172.3374,2362.1729
5059,MLP,2013-12-22 15:10:00,2329.1118,2337.7727
5059,MLP,2013-12-22 15:20:00,2651.8508,2314.1086
5059,MLP,2013-12-22 15:30:00,2556.0718,2457.1143
5059,MLP,2013-12-22 15:40:00,2471.201,2512.477
5059,MLP,2013-12-22 15:50:00,2486.2014,2452.9597
5059,MLP,2013-12-22 16:00:00,2402.3154,2415.0688
5059,MLP,2013-12-22 16:10:00,2440.9219,2429.3967
5059,MLP,2013-12-22 16:20:00,2260.968,2440.2778
5059,MLP,2013-12-22 16:30:00,2325.243,2339.9392
5059,MLP,2013-12-22 16:40:00,2008.1633,2348.0415
5059,MLP,2013-12-22 16:50:00,2312.8545,2233.9768
5059,MLP,2013-12-22 17:00:00,1884.4529,2209.1343
5059,MLP,2013-12-22 17:10:00,2071.2512,2110.8435
5059,MLP,2013-12-22 17:20:00,1986.6576,2080.5894
5059,MLP,2013-12-22 17:30:00,1833.1049,2023.343
5059,MLP,2013-12-22 17:40:00,1691.1322,1882.036
5059,MLP,2013-12-22 17:50:00,1681.0178,1816.4772
5059,MLP,2013-12-22 18:00:00,1457.5157,1703.6697
5059,MLP,2013-12-22 18:10:00,1255.7268,1593.5492
5059,MLP,2013-12-22 18:20:00,1255.9373,1421.759
5059,MLP,2013-12-22 18:30:00,1104.2017,1346.8698
5059,MLP,2013-12-22 18:40:00,929.8861,1212.5784
5059,MLP,2013-12-22 18:50:00,896.4366,1136.3726
5059,MLP,2013-12-22 19:00:00,807.0841,961.9432
5059,MLP,2013-12-22 19:10:00,1002.8872,938.49554
5059,MLP,2013-12-22 19:20:00,794.06885,966.84863
5059,MLP,2013-12-22 19:30:00,773.29156,872.423
5059,MLP,2013-12-22 19:40:00,666.1855,804.7886
5059,MLP,2013-12-22 19:50:00,663.61017,801.9281
5059,MLP,2013-12-22 20:00:00,622.58167,734.5406
5059,MLP,2013-12-22 20:10:00,596.79895,704.3712
5059,MLP,2013-12-22 20:20:00,650.94525,675.432
5059,MLP,2013-12-22 20:30:00,500.13675,676.86383
5059,MLP,2013-12-22 20:40:00,519.0877,590.4553
5059,MLP,2013-12-22 20:50:00,522.98975,576.8187
5059,MLP,2013-12-22 21:00:00,535.3907,535.4125
5059,MLP,2013-12-22 21:10:00,484.15634,544.9157
5059,MLP,2013-12-22 21:20:00,455.881,496.92538
5059,MLP,2013-12-22 21:30:00,444.85416,455.69193
5059,MLP,2013-12-22 21:40:00,423.2269,473.13272
5059,MLP,2013-12-22 21:50:00,406.41708,446.5136
5059,MLP,2013-12-22 22:00:00,471.26862,412.0807
5059,MLP,2013-12-22 22:10:00,413.95032,417.67007
5059,MLP,2013-12-22 22:20:00,342.5726,410.88882
5059,MLP,2013-12-22 22:30:00,381.97705,369.54474
5059,MLP,2013-12-22 22:40:00,298.52628,362.0212
5059,MLP,2013-12-22 22:50:00,353.7261,332.07224
5059,CNN,2013-12-16 04:00:00,245.5802,331.1265
5059,CNN,2013-12-16 04:10:00,309.10986,327.3103
5059,CNN,2013-12-16 04:20:00,342.4906,329.21313
5059,CNN,2013-12-16 04:30:00,240.64575,338.58832
5059,CNN,2013-12-16 04:40:00,299.0204,329.9637
5059,CNN,2013-12-16 04:50:00,351.99677,324.07388
5059,CNN,2013-12-16 05:00:00,318.0458,341.4763
5059,CNN,2013-12-16 05:10:00,378.69785,366.7894
5059,CNN,2013-12-16 05:20:00,356.13885,392.7488
5059,CNN,2013-12-16 05:30:00,384.46634,396.23428
5059,CNN,2013-12-16 05:40:00,370.89133,431.59518
5059,CNN,2013-12-16 05:50:00,362.3277,457.63168
5059,CNN,2013-12-16 06:00:00,336.9213,457.49188
5059,CNN,2013-12-16 06:10:00,390.61447,463.35904
5059,CNN,2013-12-16 06:20:00,425.83823,471.71576
5059,CNN,2013-12-16 06:30:00,418.4414,497.82272
5059,CNN,2013-12-16 06:40:00,511.06146,518.6171
5059,CNN,2013-12-16 06:50:00,629.23,556.9989
5059,CNN,2013-12-16 07:00:00,653.4199,630.0006
5059,CNN,2013-12-16 07:10:00,761.4895,714.6842
5059,CNN,2013-12-16 07:20:00,882.34076,822.64496
5059,CNN,2013-12-16 07:30:00,1032.548,934.137
5059,CNN,2013-12-16 07:40:00,1124.1259,1083.0884
5059,CNN,2013-12-16 07:50:00,1236.5491,1185.5128
5059,CNN,2013-12-16 08:00:00,1481.2484,1285.2631
5059,CNN,2013-12-16 08:10:00,1428.5942,1412.6829
5059,CNN,2013-12-16 08:20:00,1552.465,1490.644
5059,CNN,2013-12-16 08:30:00,1488.8285,1574.2616
5059,CNN,2013-12-16 08:40:00,1661.2596,1623.7883
5059,CNN,2013-12-16 08:50:00,1617.4148,1720.4736
5059,CNN,2013-12-16 09:00:00,1664.484,1769.7366
5059,CNN,2013-12-16 09:10:00,1834.0756,1826.318
5059,CNN,2013-12-16 09:20:00,1817.0442,1900.9738
5059,CNN,2013-12-16 09:30:00,1880.4314,1976.6832
5059,CNN,2013-12-16 09:40:00,1992.1698,2024.5813
5059,CNN,2013-12-16 09:50:00,2007.4949,2083.3447
5059,CNN,2013-12-16 10:00:00,1981.7074,2129.174
5059,CNN,2013-12-16 10:10:00,2184.5688,2158.0388
5059,CNN,2013-12-16 10:20:00,1968.1714,2194.451
5059,CNN,2013-12-16 10:30:00,2176.2668,2192.0
5059,CNN,2013-12-16 10:40:00,2058.1228,2209.3909
5059,CNN,2013-12-16 10:50:00,2211.9333,2216.2002
5059,CNN,2013-12-16 11:00:00,2043.038,2238.465
5059,CNN,2013-12-16 11:10:00,2347.7483,2231.8738
5059,CNN,2013-12-16 11:20:00,2503.83,2263.1777
5059,CNN,2013-12-16 11:30:00,2471.3293,2358.5674
5059,CNN,2013-12-16 11:40:00,2487.8162,2423.9702
5059,CNN,2013-12-16 11:50:00,2553.4895,2432.056
5059,CNN,2013-12-16 12:00:00,2654.5225,2475.092
5059,CNN,2013-12-16 12:10:00,2750.8955,2551.6711
5059,CNN,2013-12-16 12:20:00,2822.154,2613.2485
5059,CNN,2013-12-16 12:30:00,2701.6877,2661.1233
5059,CNN,2013-12-16 12:40:00,2846.589,2704.457
5059,CNN,2013-12-16 12:50:00,2761.5703,2742.7244
5059,CNN,2013-12-16 13:00:00,2679.1482,2775.5818
5059,CNN,2013-12-16 13:10:00,2846.7756,2776.2927
5059,CNN,2013-12-16 13:20:00,2534.2056,2781.7798
5059,CNN,2013-12-16 13:30:00,2814.8188,2762.5754
5059,CNN,2013-12-16 13:40:00,2797.125,2744.8252
5059,CNN,2013-12-16 13:50:00,2632.9592,2808.1624
5059,CNN,2013-12-16 14:00:00,2719.9246,2773.153
5059,CNN,2013-12-16 14:10:00,2737.278,2729.8408
5059,CNN,2013-12-16 14:20:00,2688.813,2724.8813
5059,CNN,2013-12-16 14:30:00,2614.5593,2707.263
5059,CNN,2013-12-16 14:40:00,2702.127,2708.258
5059,CNN,2013-12-16 14:50:00,2748.7913,2655.0059
5059,CNN,2013-12-16 15:00:00,2634.2102,2661.6147
5059,CNN,2013-12-16 15:10:00,2628.354,2642.3035
5059,CNN,2013-12-16 15:20:00,2626.0117,2584.9526
5059,CNN,2013-12-16 15:30:00,2563.6245,2575.043
5059,CNN,2013-12-16 15:40:00,2649.9111,2561.8242
5059,CNN,2013-12-16 15:50:00,2494.1238,2528.685
5059,CNN,2013-12-16 16:00:00,2457.8,2505.4717
5059,CNN,2013-12-16 16:10:00,2545.8594,2449.9216
5059,CNN,2013-12-16 16:20:00,2543.695,2435.4734
5059,CNN,2013-12-16 16:30:00,2322.1726,2438.169
5059,CNN,2013-12-16 16:40:00,2663.597,2396.6404
5059,CNN,2013-12-16 16:50:00,2480.9702,2385.317
5059,CNN,2013-12-16 17:00:00,2258.544,2412.9807
5059,CNN,2013-12-16 17:10:00,2365.5015,2351.3647
5059,CNN,2013-12-16 17:20:00,2013.1088,2264.824
5059,CNN,2013-12-16 17:30:00,2151.991,2207.873
5059,CNN,2013-12-16 17:40:00,2143.1855,2088.4954
5059,CNN,2013-12-16 17:50:00,2088.3984,2117.9414
5059,CNN,2013-12-16 18:00:00,1917.8799,2031.9653
5059,CNN,2013-12-16 18:10:00,1961.1854,1997.8813
5059,CNN,2013-12-16 18:20:00,1886.3074,1899.1516
5059,CNN,2013-12-16 18:30:00,1575.9323,1873.8568
5059,CNN,2013-12-16 18:40:00,1596.1409,1756.8611
5059,CNN,2013-12-16 18:50:00,1528.1526,1596.8698
5059,CNN,2013-12-16 19:00:00,1413.2109,1523.6582
5059,CNN,2013-12-16 19:10:00,1425.4017,1453.1195
5059,CNN,2013-12-16 19:20:00,1304.2977,1365.7747
5059,CNN,2013-12-16 19:30:00,1109.7107,1301.5007
5059,CNN,2013-12-16 19:40:00,1243.8564,1215.686
5059,CNN,2013-12-16 19:50:00,1135.4084,1149.4978
5059,CNN,2013-12-16 20:00:00,1075.4208,1109.879
5059,CNN,2013-12-16 20:10:00,1103.3552,1042.76
5059,CNN,2013-12-16 20:20:00,1062.0172,1042.1094
5059,CNN,2013-12-16 20:30:00,1051.4791,995.76843
5059,CNN,2013-12-16 20:40:00,827.939,965.22235
5059,CNN,2013-12-16 20:50:00,939.1461,917.3051
5059,CNN,2013-12-16 21:00:00,864.99567,844.8899
5059,CNN,2013-12-16 21:10:00,945.5177,857.5819
5059,CNN,2013-12-16 21:20:00,929.3958,835.48083
5059,CNN,2013-12-16 21:30:00,795.038,836.8353
5059,CNN,2013-12-16 21:40:00,731.85895,800.3475
5059,CNN,2013-12-16 21:50:00,685.2888,761.2714
5059,CNN,2013-12-16 22:00:00,619.82666,735.7628
5059,CNN,2013-12-16 22:10:00,686.6954,696.3849
5059,CNN,2013-12-16 22:20:00,627.1446,663.261
5059,CNN,2013-12-16 22:30:00,526.67584,647.08875
5059,CNN,2013-12-16 22:40:00,549.4768,598.6823
5059,CNN,2013-12-16 22:50:00,507.3896,571.4364
5059,CNN,2013-12-16 23:00:00,502.8287,539.37524
5059,CNN,2013-12-16 23:10:00,557.64825,509.34537
5059,CNN,2013-12-16 23:20:00,453.33533,501.42706
5059,CNN,2013-12-16 23:30:00,434.28394,463.3234
5059,CNN,2013-12-16 23:40:00,643.6172,429.81012
5059,CNN,2013-12-16 23:50:00,377.2396,454.06003
5059,CNN,2013-12-17 00:00:00,420.1351,417.63895
5059,CNN,2013-12-17 00:10:00,382.49466,368.555
5059,CNN,2013-12-17 00:20:00,372.3956,356.29718
5059,CNN,2013-12-17 00:30:00,354.82898,361.9504
5059,CNN,2013-12-17 00:40:00,326.95477,349.84262
5059,CNN,2013-12-17 00:50:00,285.24146,330.28476
5059,CNN,2013-12-17 01:00:00,307.27518,320.49658
5059,CNN,2013-12-17 01:10:00,322.3455,323.53085
5059,CNN,2013-12-17 01:20:00,270.39795,308.25293
5059,CNN,2013-12-17 01:30:00,287.36633,273.3621
5059,CNN,2013-12-17 01:40:00,300.23834,282.96927
5059,CNN,2013-12-17 01:50:00,249.70934,270.90497
5059,CNN,2013-12-17 02:00:00,278.10532,273.00116
5059,CNN,2013-12-17 02:10:00,289.59515,272.61398
5059,CNN,2013-12-17 02:20:00,263.2437,274.2578
5059,CNN,2013-12-17 02:30:00,275.8497,277.90546
5059,CNN,2013-12-17 02:40:00,302.6184,281.8029
5059,CNN,2013-12-17 02:50:00,267.39505,293.25693
5059,CNN,2013-12-17 03:00:00,294.62833,308.4876
5059,CNN,2013-12-17 03:10:00,295.62775,303.9284
5059,CNN,2013-12-17 03:20:00,270.77686,303.30884
5059,CNN,2013-12-17 03:30:00,253.1995,313.22174
5059,CNN,2013-12-17 03:40:00,297.35254,320.98486
5059,CNN,2013-12-17 03:50:00,271.64038,305.2986
5059,CNN,2013-12-17 04:00:00,261.4262,311.29425
5059,CNN,2013-12-17 04:10:00,315.23523,319.31448
5059,CNN,2013-12-17 04:20:00,340.9571,324.77042
5059,CNN,2013-12-17 04:30:00,281.91028,356.99576
5059,CNN,2013-12-17 04:40:00,331.3453,359.68774
5059,CNN,2013-12-17 04:50:00,279.85925,358.24536
5059,CNN,2013-12-17 05:00:00,283.4594,366.31305
5059,CNN,2013-12-17 05:10:00,337.38727,363.7007
5059,CNN,2013-12-17 05:20:00,331.45905,371.72263
5059,CNN,2013-12-17 05:30:00,294.91028,384.8254
5059,CNN,2013-12-17 05:40:00,379.76587,387.9705
5059,CNN,2013-12-17 05:50:00,342.52344,395.7457
5059,CNN,2013-12-17 06:00:00,393.1728,417.18494
5059,CNN,2013-12-17 06:10:00,446.57346,433.28558
5059,CNN,2013-12-17 06:20:00,479.6781,470.84824
5059,CNN,2013-12-17 06:30:00,454.89655,519.8768
5059,CNN,2013-12-17 06:40:00,550.1103,551.6967
5059,CNN,2013-12-17 06:50:00,753.2259,607.09924
5059,CNN,2013-12-17 07:00:00,753.5956,733.6458
5059,CNN,2013-12-17 07:10:00,825.61786,830.62714
5059,CNN,2013-12-17 07:20:00,969.2273,914.9406
5059,CNN,2013-12-17 07:30:00,1102.4698,1029.7454
5059,CNN,2013-12-17 07:40:00,1151.8215,1175.3414
5059,CNN,2013-12-17 07:50:00,1323.192,1258.8182
5059,CNN,2013-12-17 08:00:00,1353.7094,1348.1378
5059,CNN,2013-12-17 08:10:00,1526.8392,1431.3447
5059,CNN,2013-12-17 08:20:00,1520.4929,1544.0046
5059,CNN,2013-12-17 08:30:00,1443.8579,1606.9542
5059,CNN,2013-12-17 08:40:00,1733.7272,1662.4463
5059,CNN,2013-12-17 08:50:00,1723.3817,1744.2223
5059,CNN,2013-12-17 09:00:00,1592.9745,1828.0789
5059,CNN,2013-12-17 09:10:00,1676.853,1856.4961
5059,CNN,2013-12-17 09:20:00,2029.1399,1874.7845
5059,CNN,2013-12-17 09:30:00,1878.1979,1996.0942
5059,CNN,2013-12-17 09:40:00,2047.5852,2018.4485
5059,CNN,2013-12-17 09:50:00,2180.45,2086.1357
5059,CNN,2013-12-17 10:00:00,2260.443,2143.555
5059,CNN,2013-12-17 10:10:00,2108.2444,2255.7344
5059,CNN,2013-12-17 10:20:00,2238.8875,2264.6492
5059,CNN,2013-12-17 10:30:00,2177.5774,2270.245
5059,CNN,2013-12-17 10:40:00,2299.401,2301.1863
5059,CNN,2013-12-17 10:50:00,2414.3125,2360.1533
5059,CNN,2013-12-17 11:00:00,2392.4524,2378.6873
5059,CNN,2013-12-17 11:10:00,2683.2268,2415.0867
5059,CNN,2013-12-17 11:20:00,2642.9966,2507.134
5059,CNN,2013-12-17 11:30:00,2447.843,2553.6648
5059,CNN,2013-12-17 11:40:00,2542.8638,2586.5989
5059,CNN,2013-12-17 11:50:00,2836.1824,2551.2178
5059,CNN,2013-12-17 12:00:00,2705.4675,2668.6538
5059,CNN,2013-12-17 12:10:00,2972.2612,2680.0327
5059,CNN,2013-12-17 12:20:00,3007.2957,2789.2134
5059,CNN,2013-12-17 12:30:00,3013.3506,2822.5205
5059,CNN,2013-12-17 12:40:00,3133.456,2908.46
5059,CNN,2013-12-17 12:50:00,2863.8774,2951.4316
5059,CNN,2013-12-17 13:00:00,3008.3774,2980.2837
5059,CNN,2013-12-17 13:10:00,2890.1206,2953.0679
5059,CNN,2013-12-17 13:20:00,2734.4712,3006.2751
5059,CNN,2013-12-17 13:30:00,2544.7542,2918.1855
5059,CNN,2013-12-17 13:40:00,2736.847,2855.6875
5059,CNN,2013-12-17 13:50:00,2691.2998,2775.4133
5059,CNN,2013-12-17 14:00:00,2396.328,2775.984
5059,CNN,2013-12-17 14:10:00,2737.6082,2695.0923
5059,CNN,2013-12-17 14:20:00,2477.2888,2612.145
5059,CNN,2013-12-17 14:30:00,2892.69,2599.2974
5059,CNN,2013-12-17 14:40:00,2803.812,2616.0923
5059,CNN,2013-12-17 14:50:00,2902.2222,2662.4167
5059,CNN,2013-12-17 15:00:00,2747.3257,2655.7725
5059,CNN,2013-12-17 15:10:00,3124.105,2654.0554
5059,CNN,2013-12-17 15:20:00,3048.2637,2761.3086
5059,CNN,2013-12-17 15:30:00,3095.5195,2801.5889
5059,CNN,2013-12-17 15:40:00,3181.4688,2896.0198
5059,CNN,2013-12-17 15:50:00,2941.134,2887.9685
5059,CNN,2013-12-17 16:00:00,2902.808,2939.21
5059,CNN,2013-12-17 16:10:00,2714.8738,2887.506
5059,CNN,2013-12-17 16:20:00,3030.4998,2869.7393
5059,CNN,2013-12-17 16:30:00,2599.423,2862.6738
5059,CNN,2013-12-17 16:40:00,2843.513,2856.0764
5059,CNN,2013-12-17 16:50:00,2552.371,2747.8367
5059,CNN,2013-12-17 17:00:00,2385.382,2727.1975
5059,CNN,2013-12-17 17:10:00,2270.155,2603.1606
5059,CNN,2013-12-17 17:20:00,2145.7808,2479.2307
5059,CNN,2013-12-17 17:30:00,2272.6868,2350.4265
5059,CNN,2013-12-17 17:40:00,2324.882,2257.7927
5059,CNN,2013-12-17 17:50:00,2225.732,2282.556
5059,CNN,2013-12-17 18:00:00,2236.8972,2193.6316
5059,CNN,2013-12-17 18:10:00,2005.5432,2148.4868
5059,CNN,2013-12-17 18:20:00,1953.891,2064.804
5059,CNN,2013-12-17 18:30:00,1802.5776,1929.1824
5059,CNN,2013-12-17 18:40:00,1852.4194,1865.2094
5059,CNN,2013-12-17 18:50:00,1696.9374,1772.8417
5059,CNN,2013-12-17 19:00:00,1606.5923,1711.5345
5059,CNN,2013-12-17 19:10:00,1590.6038,1585.5406
5059,CNN,2013-12-17 19:20:00,1446.0182,1530.8774
5059,CNN,2013-12-17 19:30:00,1323.7643,1460.2568
5059,CNN,2013-12-17 19:40:00,1351.1809,1361.2042
5059,CNN,2013-12-17 19:50:00,1179.2695,1294.3007
5059,CNN,2013-12-17 20:00:00,1079.5662,1233.8829
5059,CNN,2013-12-17 20:10:00,1028.0624,1141.2179
5059,CNN,2013-12-17 20:20:00,1090.8693,1086.4672
5059,CNN,2013-12-17 20:30:00,956.1571,1027.1095
5059,CNN,2013-12-17 20:40:00,862.8589,985.871
5059,CNN,2013-12-17 20:50:00,919.1082,888.61835
5059,CNN,2013-12-17 21:00:00,801.89136,860.9608
5059,CNN,2013-12-17 21:10:00,840.02545,834.11755
5059,CNN,2013-12-17 21:20:00,779.9643,784.9397
5059,CNN,2013-12-17 21:30:00,783.5628,759.1604
5059,CNN,2013-12-17 21:40:00,769.1843,726.36414
5059,CNN,2013-12-17 21:50:00,724.57544,733.9426
5059,CNN,2013-12-17 22:00:00,680.99176,704.7059
5059,CNN,2013-12-17 22:10:00,609.1262,677.4883
5059,CNN,2013-12-17 22:20:00,687.94366,659.6996
5059,CNN,2013-12-17 22:30:00,579.22,630.77875
5059,CNN,2013-12-17 22:40:00,560.5221,617.3792
5059,CNN,2013-12-17 22:50:00,585.93774,577.201
5059,CNN,2013-12-17 23:00:00,543.7737,561.3576
5059,CNN,2013-12-17 23:10:00,489.5595,548.4985
5059,CNN,2013-12-17 23:20:00,539.0693,519.6813
5059,CNN,2013-12-17 23:30:00,504.443,501.43137
5059,CNN,2013-12-17 23:40:00,474.90784,485.8831
5059,CNN,2013-12-17 23:50:00,456.41153,470.21625
5059,CNN,2013-12-18 00:00:00,410.783,454.36417
5059,CNN,2013-12-18 00:10:00,379.65802,428.61993
5059,CNN,2013-12-18 00:20:00,401.63037,408.1137
5059,CNN,2013-12-18 00:30:00,409.8604,382.78665
5059,CNN,2013-12-18 00:40:00,410.02414,379.05612
5059,CNN,2013-12-18 00:50:00,413.12982,376.07336
5059,CNN,2013-12-18 01:00:00,381.0714,368.5004
5059,CNN,2013-12-18 01:10:00,370.31766,363.9672
5059,CNN,2013-12-18 01:20:00,391.41586,360.74234
5059,CNN,2013-12-18 01:30:00,339.14832,361.0392
5059,CNN,2013-12-18 01:40:00,343.98822,351.72864
5059,CNN,2013-12-18 01:50:00,354.6266,339.2409
5059,CNN,2013-12-18 02:00:00,349.94174,337.60764
5059,CNN,2013-12-18 02:10:00,357.09317,345.31863
5059,CNN,2013-12-18 02:20:00,353.47437,348.5304
5059,CNN,2013-12-18 02:30:00,323.44745,346.98474
5059,CNN,2013-12-18 02:40:00,330.19568,342.828
5059,CNN,2013-12-18 02:50:00,333.8312,340.81897
5059,CNN,2013-12-18 03:00:00,349.34024,339.1905
5059,CNN,2013-12-18 03:10:00,332.18362,346.2261
5059,CNN,2013-12-18 03:20:00,342.7267,348.6533
5059,CNN,2013-12-18 03:30:00,374.74506,351.85352
5059,CNN,2013-12-18 03:40:00,368.85327,372.07632
5059,CNN,2013-12-18 03:50:00,359.95996,391.44653
5059,CNN,2013-12-18 04:00:00,320.06473,392.32983
5059,CNN,2013-12-18 04:10:00,361.5439,385.90674
5059,CNN,2013-12-18 04:20:00,344.93466,382.90887
5059,CNN,2013-12-18 04:30:00,401.58304,395.42087
5059,CNN,2013-12-18 04:40:00,397.4719,411.76047
5059,CNN,2013-12-18 04:50:00,396.86322,428.2705
5059,CNN,2013-12-18 05:00:00,346.3754,442.37683
5059,CNN,2013-12-18 05:10:00,356.57953,444.8689
5059,CNN,2013-12-18 05:20:00,357.7288,438.07684
5059,CNN,2013-12-18 05:30:00,379.6343,438.13406
5059,CNN,2013-12-18 05:40:00,361.912,445.93796
5059,CNN,2013-12-18 05:50:00,413.22113,438.1688
5059,CNN,2013-12-18 06:00:00,403.95444,452.41745
5059,CNN,2013-12-18 06:10:00,471.12314,466.95135
5059,CNN,2013-12-18 06:20:00,481.8742,497.39618
5059,CNN,2013-12-18 06:30:00,486.94028,523.0587
5059,CNN,2013-12-18 06:40:00,624.4269,552.078
5059,CNN,2013-12-18 06:50:00,638.6378,613.84235
5059,CNN,2013-12-18 07:00:00,813.0423,688.1916
5059,CNN,2013-12-18 07:10:00,815.51215,795.0732
5059,CNN,2013-12-18 07:20:00,925.6145,883.98737
5059,CNN,2013-12-18 07:30:00,986.8481,985.33997
5059,CNN,2013-12-18 07:40:00,1024.8683,1080.1287
5059,CNN,2013-12-18 07:50:00,1120.7278,1171.9467
5059,CNN,2013-12-18 08:00:00,1329.3274,1243.9026
5059,CNN,2013-12-18 08:10:00,1298.2369,1345.6448
5059,CNN,2013-12-18 08:20:00,1384.4584,1399.4761
5059,CNN,2013-12-18 08:30:00,1469.436,1476.1975
5059,CNN,2013-12-18 08:40:00,1578.1362,1542.7356
5059,CNN,2013-12-18 08:50:00,1854.7711,1648.9005
5059,CNN,2013-12-18 09:00:00,1918.0593,1757.9938
5059,CNN,2013-12-18 09:10:00,1979.1548,1847.0269
5059,CNN,2013-12-18 09:20:00,1986.4987,1957.7906
5059,CNN,2013-12-18 09:30:00,2171.3083,2033.1606
5059,CNN,2013-12-18 09:40:00,2056.8528,2141.1116
5059,CNN,2013-12-18 09:50:00,2273.6548,2180.2087
5059,CNN,2013-12-18 10:00:00,2399.3738,2268.3645
5059,CNN,2013-12-18 10:10:00,2414.5996,2343.417
5059,CNN,2013-12-18 10:20:00,2517.3289,2436.0444
5059,CNN,2013-12-18 10:30:00,2686.7637,2468.0413
5059,CNN,2013-12-18 10:40:00,2631.3562,2568.7183
5059,CNN,2013-12-18 10:50:00,2698.8047,2616.259
5059,CNN,2013-12-18 11:00:00,2644.4453,2692.7192
5059,CNN,2013-12-18 11:10:00,2527.1482,2697.232
5059,CNN,2013-12-18 11:20:00,2794.0598,2726.5173
5059,CNN,2013-12-18 11:30:00,2793.752,2758.0146
5059,CNN,2013-12-18 11:40:00,2745.2158,2809.5544
5059,CNN,2013-12-18 11:50:00,2864.4187,2819.2725
5059,CNN,2013-12-18 12:00:00,3068.5156,2834.466
5059,CNN,2013-12-18 12:10:00,3000.1797,2900.845
5059,CNN,2013-12-18 12:20:00,3004.6577,2937.7356
5059,CNN,2013-12-18 12:30:00,3191.4482,2983.2375
5059,CNN,2013-12-18 12:40:00,3207.1082,2979.7966
5059,CNN,2013-12-18 12:50:00,3051.9417,3049.0613
5059,CNN,2013-12-18 13:00:00,3178.2046,3058.147
5059,CNN,2013-12-18 13:10:00,3111.8792,3060.7473
5059,CNN,2013-12-18 13:20:00,2973.613,3091.9397
5059,CNN,2013-12-18 13:30:00,3023.979,3070.9863
5059,CNN,2013-12-18 13:40:00,2870.2231,3019.6309
5059,CNN,2013-12-18 13:50:00,2810.9236,3002.413
5059,CNN,2013-12-18 14:00:00,2524.7148,2935.9395
5059,CNN,2013-12-18 14:10:00,2665.3462,2839.2217
5059,CNN,2013-12-18 14:20:00,2788.0576,2693.7996
5059,CNN,2013-12-18 14:30:00,2690.2424,2727.1663
5059,CNN,2013-12-18 14:40:00,2476.0342,2682.7852
5059,CNN,2013-12-18 14:50:00,2679.1196,2605.7305
5059,CNN,2013-12-18 15:00:00,2502.6748,2519.285
5059,CNN,2013-12-18 15:10:00,2525.0535,2531.9314
5059,CNN,2013-12-18 15:20:00,2681.9224,2458.8738
5059,CNN,2013-12-18 15:30:00,2889.628,2476.6807
5059,CNN,2013-12-18 15:40:00,2542.5159,2515.6118
5059,CNN,2013-12-18 15:50:00,2753.3704,2522.0698
5059,CNN,2013-12-18 16:00:00,2676.2473,2485.1758
5059,CNN,2013-12-18 16:10:00,2600.9219,2543.3235
5059,CNN,2013-12-18 16:20:00,2616.2776,2534.7234
5059,CNN,2013-12-18 16:30:00,2503.0154,2482.8403
5059,CNN,2013-12-18 16:40:00,2491.4087,2477.186
5059,CNN,2013-12-18 16:50:00,2464.9944,2447.8184
5059,CNN,2013-12-18 17:00:00,2273.415,2462.8826
5059,CNN,2013-12-18 17:10:00,2249.7034,2369.4646
5059,CNN,2013-12-18 17:20:00,2227.0054,2296.3967
5059,CNN,2013-12-18 17:30:00,2196.086,2247.6694
5059,CNN,2013-12-18 17:40:00,1929.9332,2197.0928
5059,CNN,2013-12-18 17:50:00,1906.7806,2136.172
5059,CNN,2013-12-18 18:00:00,1933.2944,1983.3927
5059,CNN,2013-12-18 18:10:00,1699.993,1918.5565
5059,CNN,2013-12-18 18:20:00,1720.3448,1817.518
5059,CNN,2013-12-18 18:30:00,1700.0227,1699.7211
5059,CNN,2013-12-18 18:40:00,1523.4856,1645.2017
5059,CNN,2013-12-18 18:50:00,1568.3333,1569.2126
5059,CNN,2013-12-18 19:00:00,1453.8414,1484.8265
5059,CNN,2013-12-18 19:10:00,1269.3866,1405.5356
5059,CNN,2013-12-18 19:20:00,1161.6351,1299.8396
5059,CNN,2013-12-18 19:30:00,1171.1189,1240.985
5059,CNN,2013-12-18 19:40:00,991.7398,1149.2864
5059,CNN,2013-12-18 19:50:00,957.0807,1077.9656
5059,CNN,2013-12-18 20:00:00,985.3856,993.50806
5059,CNN,2013-12-18 20:10:00,816.4783,957.6255
5059,CNN,2013-12-18 20:20:00,850.4735,889.8946
5059,CNN,2013-12-18 20:30:00,817.6907,832.1689
5059,CNN,2013-12-18 20:40:00,688.85065,794.8843
5059,CNN,2013-12-18 20:50:00,702.4695,742.5367
5059,CNN,2013-12-18 21:00:00,753.86127,698.89734
5059,CNN,2013-12-18 21:10:00,676.85645,690.58606
5059,CNN,2013-12-18 21:20:00,758.3573,664.82837
5059,CNN,2013-12-18 21:30:00,652.5494,673.3341
5059,CNN,2013-12-18 21:40:00,640.0536,648.76
5059,CNN,2013-12-18 21:50:00,634.62427,617.96985
5059,CNN,2013-12-18 22:00:00,604.5951,628.10724
5059,CNN,2013-12-18 22:10:00,545.23456,597.8909
5059,CNN,2013-12-18 22:20:00,540.5254,573.5172
5059,CNN,2013-12-18 22:30:00,593.64,562.4829
5059,CNN,2013-12-18 22:40:00,579.179,557.438
5059,CNN,2013-12-18 22:50:00,502.68195,544.9397
5059,CNN,2013-12-18 23:00:00,536.72876,530.48645
5059,CNN,2013-12-18 23:10:00,487.2052,494.36258
5059,CNN,2013-12-18 23:20:00,436.3902,492.4814
5059,CNN,2013-12-18 23:30:00,456.9867,471.38367
5059,CNN,2013-12-18 23:40:00,429.72488,441.21326
5059,CNN,2013-12-18 23:50:00,370.90134,428.44647
5059,CNN,2013-12-19 00:00:00,435.60617,401.57364
5059,CNN,2013-12-19 00:10:00,394.7007,383.37625
5059,CNN,2013-12-19 00:20:00,400.94308,377.0766
5059,CNN,2013-12-19 00:30:00,427.43805,368.452
5059,CNN,2013-12-19 00:40:00,336.43256,366.20447
5059,CNN,2013-12-19 00:50:00,365.2895,344.98486
5059,CNN,2013-12-19 01:00:00,346.52133,333.5934
5059,CNN,2013-12-19 01:10:00,342.67114,332.04877
5059,CNN,2013-12-19 01:20:00,320.30676,333.18738
5059,CNN,2013-12-19 01:30:00,328.14258,327.51755
5059,CNN,2013-12-19 01:40:00,280.11807,320.89014
5059,CNN,2013-12-19 01:50:00,335.46817,314.19833
5059,CNN,2013-12-19 02:00:00,298.21442,313.5898
5059,CNN,2013-12-19 02:10:00,309.2171,306.8672
5059,CNN,2013-12-19 02:20:00,300.12256,298.59805
5059,CNN,2013-12-19 02:30:00,246.72475,304.73596
5059,CNN,2013-12-19 02:40:00,276.32565,291.18036
5059,CNN,2013-12-19 02:50:00,262.11307,286.10318
5059,CNN,2013-12-19 03:00:00,270.27988,290.51385
5059,CNN,2013-12-19 03:10:00,252.87465,290.70706
5059,CNN,2013-12-19 03:20:00,251.35565,287.59796
5059,CNN,2013-12-19 03:30:00,252.6491,283.08282
5059,CNN,2013-12-19 03:40:00,252.2801,280.76324
5059,CNN,2013-12-19 03:50:00,271.09418,289.3115
5059,CNN,2013-12-19 04:00:00,250.35619,288.42813
5059,CNN,2013-12-19 04:10:00,284.96732,287.06326
5059,CNN,2013-12-19 04:20:00,278.65344,292.54538
5059,CNN,2013-12-19 04:30:00,234.95042,298.93442
5059,CNN,2013-12-19 04:40:00,278.24277,295.62668
5059,CNN,2013-12-19 04:50:00,274.403,294.13
5059,CNN,2013-12-19 05:00:00,246.9415,306.30255
5059,CNN,2013-12-19 05:10:00,316.2096,305.83005
5059,CNN,2013-12-19 05:20:00,317.4206,314.93542
5059,CNN,2013-12-19 05:30:00,308.83353,335.98788
5059,CNN,2013-12-19 05:40:00,312.58328,351.19498
5059,CNN,2013-12-19 05:50:00,378.32358,370.344
5059,CNN,2013-12-19 06:00:00,398.94138,395.4046
5059,CNN,2013-12-19 06:10:00,383.5255,445.4898
5059,CNN,2013-12-19 06:20:00,505.4137,466.51828
5059,CNN,2013-12-19 06:30:00,487.44113,507.89944
5059,CNN,2013-12-19 06:40:00,513.9205,560.1227
5059,CNN,2013-12-19 06:50:00,644.89886,603.5577
5059,CNN,2013-12-19 07:00:00,664.45844,685.5259
5059,CNN,2013-12-19 07:10:00,682.46765,766.94586
5059,CNN,2013-12-19 07:20:00,738.4892,836.06604
5059,CNN,2013-12-19 07:30:00,748.6995,904.4876
5059,CNN,2013-12-19 07:40:00,879.4211,957.69525
5059,CNN,2013-12-19 07:50:00,1059.6798,1050.3407
5059,CNN,2013-12-19 08:00:00,1205.6598,1144.2445
5059,CNN,2013-12-19 08:10:00,1294.0133,1250.6621
5059,CNN,2013-12-19 08:20:00,1403.5647,1348.6282
5059,CNN,2013-12-19 08:30:00,1366.8352,1432.1093
5059,CNN,2013-12-19 08:40:00,1410.3505,1498.1042
5059,CNN,2013-12-19 08:50:00,1500.0518,1553.541
5059,CNN,2013-12-19 09:00:00,1631.4614,1613.6163
5059,CNN,2013-12-19 09:10:00,1594.8406,1694.9813
5059,CNN,2013-12-19 09:20:00,1743.9664,1744.7401
5059,CNN,2013-12-19 09:30:00,1792.1636,1820.6052
5059,CNN,2013-12-19 09:40:00,1852.2517,1881.1587
5059,CNN,2013-12-19 09:50:00,1815.0079,1952.7793
5059,CNN,2013-12-19 10:00:00,1953.0442,1960.8109
5059,CNN,2013-12-19 10:10:00,1898.2078,2016.1482
5059,CNN,2013-12-19 10:20:00,1932.6768,2046.8079
5059,CNN,2013-12-19 10:30:00,2083.847,2070.5483
5059,CNN,2013-12-19 10:40:00,2171.034,2097.3245
5059,CNN,2013-12-19 10:50:00,2265.2751,2158.6306
5059,CNN,2013-12-19 11:00:00,2178.1807,2217.8652
5059,CNN,2013-12-19 11:10:00,2262.1309,2250.3381
5059,CNN,2013-12-19 11:20:00,2150.6257,2287.7544
5059,CNN,2013-12-19 11:30:00,2270.9175,2306.2874
5059,CNN,2013-12-19 11:40:00,2441.9106,2305.2708
5059,CNN,2013-12-19 11:50:00,2547.372,2356.9941
5059,CNN,2013-12-19 12:00:00,2549.3323,2419.4578
5059,CNN,2013-12-19 12:10:00,2767.8403,2464.4414
5059,CNN,2013-12-19 12:20:00,2683.886,2551.5376
5059,CNN,2013-12-19 12:30:00,2711.2275,2596.372
5059,CNN,2013-12-19 12:40:00,2517.5942,2660.4976
5059,CNN,2013-12-19 12:50:00,2742.896,2635.8
5059,CNN,2013-12-19 13:00:00,2650.2075,2675.2458
5059,CNN,2013-12-19 13:10:00,2467.6526,2703.5635
5059,CNN,2013-12-19 13:20:00,2606.0076,2677.2256
5059,CNN,2013-12-19 13:30:00,2583.6455,2630.3486
5059,CNN,2013-12-19 13:40:00,2529.9766,2669.2664
5059,CNN,2013-12-19 13:50:00,2546.6702,2626.6362
5059,CNN,2013-12-19 14:00:00,2376.3787,2608.7373
5059,CNN,2013-12-19 14:10:00,2511.2964,2553.7065
5059,CNN,2013-12-19 14:20:00,2380.6892,2500.3787
5059,CNN,2013-12-19 14:30:00,2496.9202,2498.2065
5059,CNN,2013-12-19 14:40:00,2670.8054,2432.3032
5059,CNN,2013-12-19 14:50:00,2527.7153,2495.859
5059,CNN,2013-12-19 15:00:00,2489.7966,2470.936
5059,CNN,2013-12-19 15:10:00,2740.8386,2469.592
5059,CNN,2013-12-19 15:20:00,2435.4739,2476.2383
5059,CNN,2013-12-19 15:30:00,2455.3765,2483.8735
5059,CNN,2013-12-19 15:40:00,2387.4033,2408.5576
5059,CNN,2013-12-19 15:50:00,2405.84,2391.4631
5059,CNN,2013-12-19 16:00:00,2422.1624,2354.5457
5059,CNN,2013-12-19 16:10:00,2372.235,2361.5906
5059,CNN,2013-12-19 16:20:00,2159.3252,2336.6892
5059,CNN,2013-12-19 16:30:00,2137.3472,2287.3147
5059,CNN,2013-12-19 16:40:00,2231.6365,2207.3413
5059,CNN,2013-12-19 16:50:00,2189.936,2163.2317
5059,CNN,2013-12-19 17:00:00,2123.9602,2156.792
5059,CNN,2013-12-19 17:10:00,2123.451,2118.7686
5059,CNN,2013-12-19 17:20:00,1877.5535,2060.9429
5059,CNN,2013-12-19 17:30:00,2125.435,1999.2155
5059,CNN,2013-12-19 17:40:00,2092.7607,1941.0032
5059,CNN,2013-12-19 17:50:00,1824.8812,1988.9893
5059,CNN,2013-12-19 18:00:00,1729.0023,1898.9927
5059,CNN,2013-12-19 18:10:00,1680.3956,1790.9703
5059,CNN,2013-12-19 18:20:00,1606.5753,1702.934
5059,CNN,2013-12-19 18:30:00,1626.3036,1648.8523
5059,CNN,2013-12-19 18:40:00,1547.6588,1603.3091
5059,CNN,2013-12-19 18:50:00,1395.2604,1528.6715
5059,CNN,2013-12-19 19:00:00,1390.3671,1433.0685
5059,CNN,2013-12-19 19:10:00,1230.7985,1370.4402
5059,CNN,2013-12-19 19:20:00,1114.6785,1295.3839
5059,CNN,2013-12-19 19:30:00,1020.2102,1174.8704
5059,CNN,2013-12-19 19:40:00,942.3616,1105.5974
5059,CNN,2013-12-19 19:50:00,842.16235,1019.47
5059,CNN,2013-12-19 20:00:00,718.4314,942.67706
5059,CNN,2013-12-19 20:10:00,781.4337,871.7134
5059,CNN,2013-12-19 20:20:00,700.18353,789.7188
5059,CNN,2013-12-19 20:30:00,728.15845,757.4245
5059,CNN,2013-12-19 20:40:00,701.60626,702.5584
5059,CNN,2013-12-19 20:50:00,737.4239,680.1617
5059,CNN,2013-12-19 21:00:00,640.25195,667.63904
5059,CNN,2013-12-19 21:10:00,642.9851,661.5867
5059,CNN,2013-12-19 21:20:00,583.51904,623.49774
5059,CNN,2013-12-19 21:30:00,631.582,599.7833
5059,CNN,2013-12-19 21:40:00,589.1496,582.4841
5059,CNN,2013-12-19 21:50:00,559.72516,567.16833
5059,CNN,2013-12-19 22:00:00,568.68,550.01294
5059,CNN,2013-12-19 22:10:00,518.3545,544.3667
5059,CNN,2013-12-19 22:20:00,516.46484,528.87885
5059,CNN,2013-12-19 22:30:00,506.92117,510.7724
5059,CNN,2013-12-19 22:40:00,482.31082,494.08145
5059,CNN,2013-12-19 22:50:00,465.71017,483.6933
5059,CNN,2013-12-19 23:00:00,525.8392,461.90045
5059,CNN,2013-12-19 23:10:00,489.60336,454.79263
5059,CNN,2013-12-19 23:20:00,372.18173,455.03635
5059,CNN,2013-12-19 23:30:00,404.69742,425.21072
5059,CNN,2013-12-19 23:40:00,391.80353,395.82333
5059,CNN,2013-12-19 23:50:00,297.08508,379.49445
5059,CNN,2013-12-20 00:00:00,363.3345,352.53888
5059,CNN,2013-12-20 00:10:00,311.23398,321.36258
5059,CNN,2013-12-20 00:20:00,304.2302,305.3622
5059,CNN,2013-12-20 00:30:00,292.2712,289.82654
5059,CNN,2013-12-20 00:40:00,266.19818,286.63834
5059,CNN,2013-12-20 00:50:00,241.73764,270.33463
5059,CNN,2013-12-20 01:00:00,268.45358,254.68698
5059,CNN,2013-12-20 01:10:00,255.58801,247.79971
5059,CNN,2013-12-20 01:20:00,255.26366,246.36325
5059,CNN,2013-12-20 01:30:00,247.74217,243.54414
5059,CNN,2013-12-20 01:40:00,261.45126,246.48982
5059,CNN,2013-12-20 01:50:00,212.55832,248.82156
5059,CNN,2013-12-20 02:00:00,225.63673,244.93289
5059,CNN,2013-12-20 02:10:00,253.41428,239.03456
5059,CNN,2013-12-20 02:20:00,224.57256,242.71779
5059,CNN,2013-12-20 02:30:00,224.44083,252.22679
5059,CNN,2013-12-20 02:40:00,250.79286,244.94302
5059,CNN,2013-12-20 02:50:00,213.31396,256.65714
5059,CNN,2013-12-20 03:00:00,220.35384,264.9992
5059,CNN,2013-12-20 03:10:00,226.8493,268.3069
5059,CNN,2013-12-20 03:20:00,201.8171,266.49127
5059,CNN,2013-12-20 03:30:00,205.79384,264.77008
5059,CNN,2013-12-20 03:40:00,235.06805,267.0066
5059,CNN,2013-12-20 03:50:00,192.8713,267.38235
5059,CNN,2013-12-20 04:00:00,216.31819,266.85413
5059,CNN,2013-12-20 04:10:00,236.10062,268.28235
5059,CNN,2013-12-20 04:20:00,207.19698,270.90955
5059,CNN,2013-12-20 04:30:00,252.64702,272.43085
5059,CNN,2013-12-20 04:40:00,243.07233,277.21756
5059,CNN,2013-12-20 04:50:00,206.34781,281.43558
5059,CNN,2013-12-20 05:00:00,246.40042,285.13162
5059,CNN,2013-12-20 05:10:00,231.74612,287.55014
5059,CNN,2013-12-20 05:20:00,241.9884,292.43552
5059,CNN,2013-12-20 05:30:00,240.643,299.30695
5059,CNN,2013-12-20 05:40:00,296.80536,308.23444
5059,CNN,2013-12-20 05:50:00,303.16022,317.84305
5059,CNN,2013-12-20 06:00:00,369.727,349.32785
5059,CNN,2013-12-20 06:10:00,364.43896,386.0169
5059,CNN,2013-12-20 06:20:00,412.51236,416.19177
5059,CNN,2013-12-20 06:30:00,379.6234,458.25653
5059,CNN,2013-12-20 06:40:00,429.28006,486.89883
5059,CNN,2013-12-20 06:50:00,670.184,516.8343
5059,CNN,2013-12-20 07:00:00,684.615,623.0133
5059,CNN,2013-12-20 07:10:00,693.4316,731.49646
5059,CNN,2013-12-20 07:20:00,856.236,796.6739
5059,CNN,2013-12-20 07:30:00,789.6416,922.91516
5059,CNN,2013-12-20 07:40:00,935.70966,996.44104
5059,CNN,2013-12-20 07:50:00,1030.2852,1090.9465
5059,CNN,2013-12-20 08:00:00,1220.1327,1168.1063
5059,CNN,2013-12-20 08:10:00,1237.1399,1291.001
5059,CNN,2013-12-20 08:20:00,1306.8203,1358.8704
5059,CNN,2013-12-20 08:30:00,1387.7256,1427.1028
5059,CNN,2013-12-20 08:40:00,1409.9806,1502.1552
5059,CNN,2013-12-20 08:50:00,1643.7428,1582.0619
5059,CNN,2013-12-20 09:00:00,1689.272,1656.5521
5059,CNN,2013-12-20 09:10:00,1596.9042,1736.4688
5059,CNN,2013-12-20 09:20:00,1671.0422,1804.0942
5059,CNN,2013-12-20 09:30:00,1595.8232,1828.3181
5059,CNN,2013-12-20 09:40:00,1878.9929,1864.816
5059,CNN,2013-12-20 09:50:00,1986.6232,1919.3785
5059,CNN,2013-12-20 10:00:00,1975.8969,2021.2894
5059,CNN,2013-12-20 10:10:00,1999.3615,2061.793
5059,CNN,2013-12-20 10:20:00,2245.892,2105.6108
5059,CNN,2013-12-20 10:30:00,2462.2507,2175.646
5059,CNN,2013-12-20 10:40:00,2270.8691,2292.4512
5059,CNN,2013-12-20 10:50:00,2222.1091,2325.042
5059,CNN,2013-12-20 11:00:00,2357.3289,2319.5361
5059,CNN,2013-12-20 11:10:00,2275.7559,2359.3445
5059,CNN,2013-12-20 11:20:00,2439.7173,2427.2622
5059,CNN,2013-12-20 11:30:00,2526.545,2442.095
5059,CNN,2013-12-20 11:40:00,2346.0898,2488.7612
5059,CNN,2013-12-20 11:50:00,2470.7983,2499.7205
5059,CNN,2013-12-20 12:00:00,2650.6477,2491.6248
5059,CNN,2013-12-20 12:10:00,2598.8076,2573.8318
5059,CNN,2013-12-20 12:20:00,2632.6096,2599.8716
5059,CNN,2013-12-20 12:30:00,2461.2249,2642.0945
5059,CNN,2013-12-20 12:40:00,2746.582,2594.1296
5059,CNN,2013-12-20 12:50:00,2632.105,2632.7544
5059,CNN,2013-12-20 13:00:00,2633.7163,2669.1365
5059,CNN,2013-12-20 13:10:00,2568.3618,2687.7295
5059,CNN,2013-12-20 13:20:00,2618.5422,2655.5417
5059,CNN,2013-12-20 13:30:00,2665.7302,2642.0015
5059,CNN,2013-12-20 13:40:00,2900.3716,2640.4866
5059,CNN,2013-12-20 13:50:00,2662.6619,2730.12
5059,CNN,2013-12-20 14:00:00,2651.5894,2717.0828
5059,CNN,2013-12-20 14:10:00,2596.082,2672.9282
5059,CNN,2013-12-20 14:20:00,2519.1433,2633.7905
5059,CNN,2013-12-20 14:30:00,2734.3699,2611.348
5059,CNN,2013-12-20 14:40:00,2823.1987,2622.765
5059,CNN,2013-12-20 14:50:00,2617.3066,2675.6345
5059,CNN,2013-12-20 15:00:00,2674.8652,2663.2212
5059,CNN,2013-12-20 15:10:00,2548.0388,2616.514
5059,CNN,2013-12-20 15:20:00,2558.9575,2608.4368
5059,CNN,2013-12-20 15:30:00,2391.4993,2576.0085
5059,CNN,2013-12-20 15:40:00,2764.4683,2532.8782
5059,CNN,2013-12-20 15:50:00,2595.302,2501.8665
5059,CNN,2013-12-20 16:00:00,2626.2993,2526.8608
5059,CNN,2013-12-20 16:10:00,2673.3782,2543.461
5059,CNN,2013-12-20 16:20:00,2455.5232,2537.0476
5059,CNN,2013-12-20 16:30:00,2262.6885,2512.6914
5059,CNN,2013-12-20 16:40:00,2273.0952,2388.0005
5059,CNN,2013-12-20 16:50:00,2120.3896,2304.6504
5059,CNN,2013-12-20 17:00:00,2335.026,2274.2844
5059,CNN,2013-12-20 17:10:00,2156.287,2247.2302
5059,CNN,2013-12-20 17:20:00,2015.8969,2212.335
5059,CNN,2013-12-20 17:30:00,2134.4436,2080.3953
5059,CNN,2013-12-20 17:40:00,1919.2555,2026.8108
5059,CNN,2013-12-20 17:50:00,1839.2902,1980.3152
5059,CNN,2013-12-20 18:00:00,1951.7673,1865.7255
5059,CNN,2013-12-20 18:10:00,1644.755,1832.3182
5059,CNN,2013-12-20 18:20:00,1486.1348,1742.0167
5059,CNN,2013-12-20 18:30:00,1693.2423,1563.3969
5059,CNN,2013-12-20 18:40:00,1344.2494,1499.2456
5059,CNN,2013-12-20 18:50:00,1241.1987,1437.7249
5059,CNN,2013-12-20 19:00:00,1227.9812,1280.4823
5059,CNN,2013-12-20 19:10:00,1140.5072,1235.3196
5059,CNN,2013-12-20 19:20:00,1019.19055,1166.8997
5059,CNN,2013-12-20 19:30:00,927.6131,1106.1182
5059,CNN,2013-12-20 19:40:00,860.2623,1021.19946
5059,CNN,2013-12-20 19:50:00,789.0069,928.8905
5059,CNN,2013-12-20 20:00:00,744.62024,890.402
5059,CNN,2013-12-20 20:10:00,782.2459,817.5154
5059,CNN,2013-12-20 20:20:00,736.78107,750.01074
5059,CNN,2013-12-20 20:30:00,696.86,740.60223
5059,CNN,2013-12-20 20:40:00,733.6609,709.88837
5059,CNN,2013-12-20 20:50:00,721.83344,683.0191
5059,CNN,2013-12-20 21:00:00,662.12854,678.3317
5059,CNN,2013-12-20 21:10:00,703.3142,657.2528
5059,CNN,2013-12-20 21:20:00,637.8367,646.09753
5059,CNN,2013-12-20 21:30:00,693.22076,639.98926
5059,CNN,2013-12-20 21:40:00,601.387,634.0406
5059,CNN,2013-12-20 21:50:00,664.32275,633.68256
5059,CNN,2013-12-20 22:00:00,564.0374,611.0527
5059,CNN,2013-12-20 22:10:00,487.86606,593.974
5059,CNN,2013-12-20 22:20:00,539.56445,555.6351
5059,CNN,2013-12-20 22:30:00,738.7419,526.4556
5059,CNN,2013-12-20 22:40:00,1177.4384,556.40234
5059,CNN,2013-12-20 22:50:00,832.1246,735.7803
5059,CNN,2013-12-20 23:00:00,696.6468,728.12067
5059,CNN,2013-12-20 23:10:00,505.417,699.562
5059,CNN,2013-12-20 23:20:00,790.2082,668.60785
5059,CNN,2013-12-20 23:30:00,458.1687,689.6453
5059,CNN,2013-12-20 23:40:00,404.18,634.17053
5059,CNN,2013-12-20 23:50:00,392.979,489.8849
5059,CNN,2013-12-21 00:00:00,361.36307,460.85477
5059,CNN,2013-12-21 00:10:00,361.5745,455.80112
5059,CNN,2013-12-21 00:20:00,322.63083,405.7633
5059,CNN,2013-12-21 00:30:00,308.55063,345.46606
5059,CNN,2013-12-21 00:40:00,308.66302,332.00604
5059,CNN,2013-12-21 00:50:00,316.9625,314.29196
5059,CNN,2013-12-21 01:00:00,297.1868,299.39923
5059,CNN,2013-12-21 01:10:00,320.12656,284.25916
5059,CNN,2013-12-21 01:20:00,315.64932,290.04156
5059,CNN,2013-12-21 01:30:00,277.5032,277.71158
5059,CNN,2013-12-21 01:40:00,282.7768,310.8185
5059,CNN,2013-12-21 01:50:00,296.1383,307.3009
5059,CNN,2013-12-21 02:00:00,279.48264,306.69086
5059,CNN,2013-12-21 02:10:00,274.27963,288.06982
5059,CNN,2013-12-21 02:20:00,257.2602,293.18793
5059,CNN,2013-12-21 02:30:00,250.54742,296.44775
5059,CNN,2013-12-21 02:40:00,319.1933,287.68323
5059,CNN,2013-12-21 02:50:00,255.39021,288.4422
5059,CNN,2013-12-21 03:00:00,269.69437,288.889
5059,CNN,2013-12-21 03:10:00,265.03293,289.78015
5059,CNN,2013-12-21 03:20:00,273.5162,298.63718
5059,CNN,2013-12-21 03:30:00,287.6533,292.67783
5059,CNN,2013-12-21 03:40:00,283.76547,300.54855
5059,CNN,2013-12-21 03:50:00,275.07043,310.718
5059,CNN,2013-12-21 04:00:00,292.82037,319.46713
5059,CNN,2013-12-21 04:10:00,332.5462,331.5799
5059,CNN,2013-12-21 04:20:00,310.3698,352.02368
5059,CNN,2013-12-21 04:30:00,288.39502,360.96152
5059,CNN,2013-12-21 04:40:00,300.36313,364.21967
5059,CNN,2013-12-21 04:50:00,302.14236,359.493
5059,CNN,2013-12-21 05:00:00,321.63306,372.84427
5059,CNN,2013-12-21 05:10:00,279.65805,387.35892
5059,CNN,2013-12-21 05:20:00,313.6889,375.18207
5059,CNN,2013-12-21 05:30:00,313.98743,369.0449
5059,CNN,2013-12-21 05:40:00,310.84875,378.44003
5059,CNN,2013-12-21 05:50:00,316.01263,391.14603
5059,CNN,2013-12-21 06:00:00,323.74387,397.35928
5059,CNN,2013-12-21 06:10:00,301.79507,396.389
5059,CNN,2013-12-21 06:20:00,326.47913,391.6039
5059,CNN,2013-12-21 06:30:00,342.92157,396.22153
5059,CNN,2013-12-21 06:40:00,296.91846,406.86697
5059,CNN,2013-12-21 06:50:00,335.83932,396.96127
5059,CNN,2013-12-21 07:00:00,374.44254,388.00922
5059,CNN,2013-12-21 07:10:00,345.98758,405.77008
5059,CNN,2013-12-21 07:20:00,423.27612,420.67172
5059,CNN,2013-12-21 07:30:00,409.35822,444.15875
5059,CNN,2013-12-21 07:40:00,468.22766,458.65567
5059,CNN,2013-12-21 07:50:00,520.4716,494.65964
5059,CNN,2013-12-21 08:00:00,583.5124,556.81665
5059,CNN,2013-12-21 08:10:00,506.6174,625.18823
5059,CNN,2013-12-21 08:20:00,730.40265,652.5412
5059,CNN,2013-12-21 08:30:00,708.8068,729.0462
5059,CNN,2013-12-21 08:40:00,748.7587,805.12537
5059,CNN,2013-12-21 08:50:00,776.95844,875.5905
5059,CNN,2013-12-21 09:00:00,834.7816,927.44214
5059,CNN,2013-12-21 09:10:00,927.014,993.93787
5059,CNN,2013-12-21 09:20:00,1075.7583,1075.6642
5059,CNN,2013-12-21 09:30:00,1118.0957,1188.3977
5059,CNN,2013-12-21 09:40:00,1275.7828,1242.6316
5059,CNN,2013-12-21 09:50:00,1225.114,1346.2023
5059,CNN,2013-12-21 10:00:00,1428.2644,1375.5424
5059,CNN,2013-12-21 10:10:00,1449.5228,1476.0474
5059,CNN,2013-12-21 10:20:00,1457.4513,1537.5353
5059,CNN,2013-12-21 10:30:00,1642.2819,1604.1626
5059,CNN,2013-12-21 10:40:00,1650.584,1654.5713
5059,CNN,2013-12-21 10:50:00,1815.624,1738.5791
5059,CNN,2013-12-21 11:00:00,1969.3022,1821.5541
5059,CNN,2013-12-21 11:10:00,1965.299,1923.5521
5059,CNN,2013-12-21 11:20:00,2041.4291,1990.4606
5059,CNN,2013-12-21 11:30:00,2129.975,2066.7659
5059,CNN,2013-12-21 11:40:00,2113.1958,2134.1987
5059,CNN,2013-12-21 11:50:00,2121.882,2187.336
5059,CNN,2013-12-21 12:00:00,2164.9207,2226.56
5059,CNN,2013-12-21 12:10:00,2325.1907,2237.199
5059,CNN,2013-12-21 12:20:00,2355.1353,2308.4207
5059,CNN,2013-12-21 12:30:00,2386.17,2354.4905
5059,CNN,2013-12-21 12:40:00,2157.8718,2415.8096
5059,CNN,2013-12-21 12:50:00,2452.4163,2387.812
5059,CNN,2013-12-21 13:00:00,2294.8982,2424.6733
5059,CNN,2013-12-21 13:10:00,2495.4827,2435.4583
5059,CNN,2013-12-21 13:20:00,2569.2935,2465.6296
5059,CNN,2013-12-21 13:30:00,2397.1416,2521.782
5059,CNN,2013-12-21 13:40:00,2213.5137,2530.0657
5059,CNN,2013-12-21 13:50:00,2490.4226,2466.7473
5059,CNN,2013-12-21 14:00:00,2579.4656,2453.3745
5059,CNN,2013-12-21 14:10:00,2429.455,2542.418
5059,CNN,2013-12-21 14:20:00,2475.544,2535.2769
5059,CNN,2013-12-21 14:30:00,2627.732,2498.4827
5059,CNN,2013-12-21 14:40:00,2615.4873,2513.3418
5059,CNN,2013-12-21 14:50:00,2511.2036,2567.8467
5059,CNN,2013-12-21 15:00:00,2755.5808,2567.3018
5059,CNN,2013-12-21 15:10:00,2681.3354,2553.7285
5059,CNN,2013-12-21 15:20:00,2624.8208,2609.4465
5059,CNN,2013-12-21 15:30:00,2838.9736,2630.6882
5059,CNN,2013-12-21 15:40:00,2782.5344,2649.759
5059,CNN,2013-12-21 15:50:00,2546.956,2703.5676
5059,CNN,2013-12-21 16:00:00,2749.6194,2667.2266
5059,CNN,2013-12-21 16:10:00,2715.9995,2620.1777
5059,CNN,2013-12-21 16:20:00,2544.2124,2688.4268
5059,CNN,2013-12-21 16:30:00,2755.3923,2670.69
5059,CNN,2013-12-21 16:40:00,2733.1387,2662.8945
5059,CNN,2013-12-21 16:50:00,2625.955,2678.2922
5059,CNN,2013-12-21 17:00:00,2288.752,2667.334
5059,CNN,2013-12-21 17:10:00,2231.908,2576.1143
5059,CNN,2013-12-21 17:20:00,2133.056,2411.711
5059,CNN,2013-12-21 17:30:00,2152.1133,2350.337
5059,CNN,2013-12-21 17:40:00,1993.8711,2251.9531
5059,CNN,2013-12-21 17:50:00,1951.8522,2145.5154
5059,CNN,2013-12-21 18:00:00,1813.9457,2034.0344
5059,CNN,2013-12-21 18:10:00,1655.6824,1954.2654
5059,CNN,2013-12-21 18:20:00,1597.5039,1797.8369
5059,CNN,2013-12-21 18:30:00,1325.4286,1674.5532
5059,CNN,2013-12-21 18:40:00,1457.4199,1518.8071
5059,CNN,2013-12-21 18:50:00,1450.1373,1367.1289
5059,CNN,2013-12-21 19:00:00,1219.9037,1364.0751
5059,CNN,2013-12-21 19:10:00,1292.1918,1270.3116
5059,CNN,2013-12-21 19:20:00,1162.7396,1196.2806
5059,CNN,2013-12-21 19:30:00,1148.6572,1149.8226
5059,CNN,2013-12-21 19:40:00,1033.7631,1088.0082
5059,CNN,2013-12-21 19:50:00,946.29254,1051.2684
5059,CNN,2013-12-21 20:00:00,943.5213,966.1334
5059,CNN,2013-12-21 20:10:00,952.71265,937.7483
5059,CNN,2013-12-21 20:20:00,890.1043,917.82007
5059,CNN,2013-12-21 20:30:00,913.24146,883.481
5059,CNN,2013-12-21 20:40:00,859.0975,848.29175
5059,CNN,2013-12-21 20:50:00,780.55316,833.68365
5059,CNN,2013-12-21 21:00:00,788.2426,786.72186
5059,CNN,2013-12-21 21:10:00,706.01117,753.7284
5059,CNN,2013-12-21 21:20:00,683.7204,733.83765
5059,CNN,2013-12-21 21:30:00,653.22577,691.51917
5059,CNN,2013-12-21 21:40:00,590.1952,679.2887
5059,CNN,2013-12-21 21:50:00,508.78333,642.10254
5059,CNN,2013-12-21 22:00:00,559.7363,592.8723
5059,CNN,2013-12-21 22:10:00,489.1154,565.1074
5059,CNN,2013-12-21 22:20:00,517.43915,535.2401
5059,CNN,2013-12-21 22:30:00,570.5882,496.08682
5059,CNN,2013-12-21 22:40:00,525.5759,495.6186
5059,CNN,2013-12-21 22:50:00,463.4319,480.65347
5059,CNN,2013-12-21 23:00:00,485.27408,462.2858
5059,CNN,2013-12-21 23:10:00,469.79868,442.48773
5059,CNN,2013-12-21 23:20:00,406.76755,442.09723
5059,CNN,2013-12-21 23:30:00,498.5281,425.75494
5059,CNN,2013-12-21 23:40:00,419.483,411.38416
5059,CNN,2013-12-21 23:50:00,313.36545,399.61832
5059,CNN,2013-12-22 00:00:00,311.2208,371.73648
5059,CNN,2013-12-22 00:10:00,285.27692,345.55145
5059,CNN,2013-12-22 00:20:00,287.1131,314.21774
5059,CNN,2013-12-22 00:30:00,288.16458,297.35757
5059,CNN,2013-12-22 00:40:00,265.65384,270.14966
5059,CNN,2013-12-22 00:50:00,327.46786,262.93262
5059,CNN,2013-12-22 01:00:00,274.27466,264.21555
5059,CNN,2013-12-22 01:10:00,263.7229,265.87976
5059,CNN,2013-12-22 01:20:00,257.9314,256.8996
5059,CNN,2013-12-22 01:30:00,210.99529,253.01588
5059,CNN,2013-12-22 01:40:00,235.38518,246.17168
5059,CNN,2013-12-22 01:50:00,244.28406,235.74995
5059,CNN,2013-12-22 02:00:00,207.78162,240.94005
5059,CNN,2013-12-22 02:10:00,191.04721,234.0686
5059,CNN,2013-12-22 02:20:00,239.0879,235.17302
5059,CNN,2013-12-22 02:30:00,235.65778,235.33545
5059,CNN,2013-12-22 02:40:00,192.75902,244.99144
5059,CNN,2013-12-22 02:50:00,211.66522,239.9541
5059,CNN,2013-12-22 03:00:00,198.14497,239.6562
5059,CNN,2013-12-22 03:10:00,188.68126,243.10791
5059,CNN,2013-12-22 03:20:00,197.03189,256.62076
5059,CNN,2013-12-22 03:30:00,207.60875,254.17174
5059,CNN,2013-12-22 03:40:00,194.52625,260.52466
5059,CNN,2013-12-22 03:50:00,199.42442,261.9607
5059,CNN,2013-12-22 04:00:00,191.96487,265.08487
5059,CNN,2013-12-22 04:10:00,184.78975,265.7674
5059,CNN,2013-12-22 04:20:00,202.44556,262.9885
5059,CNN,2013-12-22 04:30:00,188.9675,264.19
5059,CNN,2013-12-22 04:40:00,196.66335,266.34464
5059,CNN,2013-12-22 04:50:00,218.4388,268.03998
5059,CNN,2013-12-22 05:00:00,204.28622,274.55017
5059,CNN,2013-12-22 05:10:00,204.22127,281.43314
5059,CNN,2013-12-22 05:20:00,212.75473,277.44208
5059,CNN,2013-12-22 05:30:00,201.71213,284.08664
5059,CNN,2013-12-22 05:40:00,182.26083,288.4093
5059,CNN,2013-12-22 05:50:00,215.85309,289.2257
5059,CNN,2013-12-22 06:00:00,209.48022,277.9407
5059,CNN,2013-12-22 06:10:00,202.72679,282.74258
5059,CNN,2013-12-22 06:20:00,241.69568,282.48865
5059,CNN,2013-12-22 06:30:00,212.7093,288.847
5059,CNN,2013-12-22 06:40:00,195.13115,290.04495
5059,CNN,2013-12-22 06:50:00,250.33661,288.84482
5059,CNN,2013-12-22 07:00:00,234.88385,286.476
5059,CNN,2013-12-22 07:10:00,237.84229,296.71378
5059,CNN,2013-12-22 07:20:00,284.89966,301.64795
5059,CNN,2013-12-22 07:30:00,271.18427,318.46133
5059,CNN,2013-12-22 07:40:00,261.90845,334.40405
5059,CNN,2013-12-22 07:50:00,294.08463,343.7829
5059,CNN,2013-12-22 08:00:00,349.03415,357.23428
5059,CNN,2013-12-22 08:10:00,349.05515,391.3253
5059,CNN,2013-12-22 08:20:00,378.0785,419.7657
5059,CNN,2013-12-22 08:30:00,424.97806,441.3138
5059,CNN,2013-12-22 08:40:00,469.05362,488.78885
5059,CNN,2013-12-22 08:50:00,553.50824,543.9302
5059,CNN,2013-12-22 09:00:00,689.464,617.4778
5059,CNN,2013-12-22 09:10:00,631.2228,723.9344
5059,CNN,2013-12-22 09:20:00,707.78723,790.95856
5059,CNN,2013-12-22 09:30:00,766.17035,858.65533
5059,CNN,2013-12-22 09:40:00,803.8872,939.433
5059,CNN,2013-12-22 09:50:00,971.2718,1014.5482
5059,CNN,2013-12-22 10:00:00,1046.3397,1104.2302
5059,CNN,2013-12-22 10:10:00,1230.1508,1182.4082
5059,CNN,2013-12-22 10:20:00,1127.9285,1289.2017
5059,CNN,2013-12-22 10:30:00,1449.8252,1334.1978
5059,CNN,2013-12-22 10:40:00,1383.4529,1429.5602
5059,CNN,2013-12-22 10:50:00,1643.272,1491.5676
5059,CNN,2013-12-22 11:00:00,1733.9001,1603.5592
5059,CNN,2013-12-22 11:10:00,1675.9011,1693.4227
5059,CNN,2013-12-22 11:20:00,1833.2424,1787.7937
5059,CNN,2013-12-22 11:30:00,1764.0161,1847.3375
5059,CNN,2013-12-22 11:40:00,2001.0841,1924.6707
5059,CNN,2013-12-22 11:50:00,1983.3839,1995.5789
5059,CNN,2013-12-22 12:00:00,2070.5903,2076.8657
5059,CNN,2013-12-22 12:10:00,2207.3523,2141.964
5059,CNN,2013-12-22 12:20:00,2090.5422,2216.7095
5059,CNN,2013-12-22 12:30:00,1998.6561,2250.695
5059,CNN,2013-12-22 12:40:00,2118.2163,2231.8394
5059,CNN,2013-12-22 12:50:00,2046.2312,2237.9038
5059,CNN,2013-12-22 13:00:00,2005.1089,2257.6226
5059,CNN,2013-12-22 13:10:00,2134.599,2239.4985
5059,CNN,2013-12-22 13:20:00,2146.1335,2228.108
5059,CNN,2013-12-22 13:30:00,2083.6038,2272.1904
5059,CNN,2013-12-22 13:40:00,2265.5215,2250.0513
5059,CNN,2013-12-22 13:50:00,2261.104,2262.7542
5059,CNN,2013-12-22 14:00:00,2310.0315,2268.9402
5059,CNN,2013-12-22 14:10:00,2401.2407,2317.6917
5059,CNN,2013-12-22 14:20:00,2304.6191,2337.573
5059,CNN,2013-12-22 14:30:00,2281.7644,2344.6726
5059,CNN,2013-12-22 14:40:00,2348.873,2333.2566
5059,CNN,2013-12-22 14:50:00,2395.8262,2328.2021
5059,CNN,2013-12-22 15:00:00,2172.3374,2357.3457
5059,CNN,2013-12-22 15:10:00,2329.1118,2334.843
5059,CNN,2013-12-22 15:20:00,2651.8508,2297.0571
5059,CNN,2013-12-22 15:30:00,2556.0718,2410.3677
5059,CNN,2013-12-22 15:40:00,2471.201,2438.453
5059,CNN,2013-12-22 15:50:00,2486.2014,2472.9204
5059,CNN,2013-12-22 16:00:00,2402.3154,2412.329
5059,CNN,2013-12-22 16:10:00,2440.9219,2475.8127
5059,CNN,2013-12-22 16:20:00,2260.968,2449.278
5059,CNN,2013-12-22 16:30:00,2325.243,2428.903
5059,CNN,2013-12-22 16:40:00,2008.1633,2360.4907
5059,CNN,2013-12-22 16:50:00,2312.8545,2320.6965
5059,CNN,2013-12-22 17:00:00,1884.4529,2219.8777
5059,CNN,2013-12-22 17:10:00,2071.2512,2175.8403
5059,CNN,2013-12-22 17:20:00,1986.6576,2034.4303
5059,CNN,2013-12-22 17:30:00,1833.1049,2028.473
5059,CNN,2013-12-22 17:40:00,1691.1322,1916.3544
5059,CNN,2013-12-22 17:50:00,1681.0178,1823.0962
5059,CNN,2013-12-22 18:00:00,1457.5157,1721.6742
5059,CNN,2013-12-22 18:10:00,1255.7268,1651.4042
5059,CNN,2013-12-22 18:20:00,1255.9373,1468.7771
5059,CNN,2013-12-22 18:30:00,1104.2017,1319.6926
5059,CNN,2013-12-22 18:40:00,929.8861,1223.1879
5059,CNN,2013-12-22 18:50:00,896.4366,1137.9026
5059,CNN,2013-12-22 19:00:00,807.0841,1028.5903
5059,CNN,2013-12-22 19:10:00,1002.8872,923.71954
5059,CNN,2013-12-22 19:20:00,794.06885,886.8594
5059,CNN,2013-12-22 19:30:00,773.29156,835.3903
5059,CNN,2013-12-22 19:40:00,666.1855,738.1021
5059,CNN,2013-12-22 19:50:00,663.61017,712.19794
5059,CNN,2013-12-22 20:00:00,622.58167,666.8264
5059,CNN,2013-12-22 20:10:00,596.79895,643.7534
5059,CNN,2013-12-22 20:20:00,650.94525,607.9462
5059,CNN,2013-12-22 20:30:00,500.13675,596.2832
5059,CNN,2013-12-22 20:40:00,519.0877,583.5322
5059,CNN,2013-12-22 20:50:00,522.98975,536.96155
5059,CNN,2013-12-22 21:00:00,535.3907,506.26703
5059,CNN,2013-12-22 21:10:00,484.15634,495.25504
5059,CNN,2013-12-22 21:20:00,455.881,474.96997
5059,CNN,2013-12-22 21:30:00,444.85416,453.04
5059,CNN,2013-12-22 21:40:00,423.2269,444.29633
5059,CNN,2013-12-22 21:50:00,406.41708,440.9474
5059,CNN,2013-12-22 22:00:00,471.26862,413.05267
5059,CNN,2013-12-22 22:10:00,413.95032,401.18784
5059,CNN,2013-12-22 22:20:00,342.5726,399.40894
5059,CNN,2013-12-22 22:30:00,381.97705,368.81604
5059,CNN,2013-12-22 22:40:00,298.52628,359.86945
5059,CNN,2013-12-22 22:50:00,353.7261,336.4732
5059,LSTM,2013-12-16 04:00:00,245.5802,296.3312
5059,LSTM,2013-12-16 04:10:00,309.10986,272.87326
5059,LSTM,2013-12-16 04:20:00,342.4906,285.25696
5059,LSTM,2013-12-16 04:30:00,240.64575,310.69202
5059,LSTM,2013-12-16 04:40:00,299.0204,280.48947
5059,LSTM,2013-12-16 04:50:00,351.99677,287.972
5059,LSTM,2013-12-16 05:00:00,318.0458,318.0228
5059,LSTM,2013-12-16 05:10:00,378.69785,322.64832
5059,LSTM,2013-12-16 05:20:00,356.13885,354.9962
5059,LSTM,2013-12-16 05:30:00,384.46634,366.94983
5059,LSTM,2013-12-16 05:40:00,370.89133,388.0984
5059,LSTM,2013-12-16 05:50:00,362.3277,396.9586
5059,LSTM,2013-12-16 06:00:00,336.9213,399.19116
5059,LSTM,2013-12-16 06:10:00,390.61447,388.11456
5059,LSTM,2013-12-16 06:20:00,425.83823,405.50665
5059,LSTM,2013-12-16 06:30:00,418.4414,433.42947
5059,LSTM,2013-12-16 06:40:00,511.06146,448.09528
5059,LSTM,2013-12-16 06:50:00,629.23,501.3794
5059,LSTM,2013-12-16 07:00:00,653.4199,593.1812
5059,LSTM,2013-12-16 07:10:00,761.4895,666.64825
5059,LSTM,2013-12-16 07:20:00,882.34076,768.18713
5059,LSTM,2013-12-16 07:30:00,1032.548,882.0276
5059,LSTM,2013-12-16 07:40:00,1124.1259,1009.71515
5059,LSTM,2013-12-16 07:50:00,1236.5491,1128.746
5059,LSTM,2013-12-16 08:00:00,1481.2484,1245.0845
5059,LSTM,2013-12-16 08:10:00,1428.5942,1376.9476
5059,LSTM,2013-12-16 08:20:00,1552.465,1468.951
5059,LSTM,2013-12-16 08:30:00,1488.8285,1571.3566
5059,LSTM,2013-12-16 08:40:00,1661.2596,1635.7183
5059,LSTM,2013-12-16 08:50:00,1617.4148,1726.3549
5059,LSTM,2013-12-16 09:00:00,1664.484,1781.3558
5059,LSTM,2013-12-16 09:10:00,1834.0756,1830.7513
5059,LSTM,2013-12-16 09:20:00,1817.0442,1910.4019
5059,LSTM,2013-12-16 09:30:00,1880.4314,1954.4113
5059,LSTM,2013-12-16 09:40:00,1992.1698,2000.3385
5059,LSTM,2013-12-16 09:50:00,2007.4949,2060.936
5059,LSTM,2013-12-16 10:00:00,1981.7074,2101.1672
5059,LSTM,2013-12-16 10:10:00,2184.5688,2114.0508
5059,LSTM,2013-12-16 10:20:00,1968.1714,2184.8655
5059,LSTM,2013-12-16 10:30:00,2176.2668,2152.8914
5059,LSTM,2013-12-16 10:40:00,2058.1228,2198.788
5059,LSTM,2013-12-16 10:50:00,2211.9333,2182.6023
5059,LSTM,2013-12-16 11:00:00,2043.038,2220.978
5059,LSTM,2013-12-16 11:10:00,2347.7483,2174.0132
5059,LSTM,2013-12-16 11:20:00,2503.83,2259.1035
5059,LSTM,2013-12-16 11:30:00,2471.3293,2351.704
5059,LSTM,2013-12-16 11:40:00,2487.8162,2398.8022
5059,LSTM,2013-12-16 11:50:00,2553.4895,2436.4065
5059,LSTM,2013-12-16 12:00:00,2654.5225,2483.2454
5059,LSTM,2013-12-16 12:10:00,2750.8955,2547.0562
5059,LSTM,2013-12-16 12:20:00,2822.154,2617.5085
5059,LSTM,2013-12-16 12:30:00,2701.6877,2687.018
5059,LSTM,2013-12-16 12:40:00,2846.589,2697.234
5059,LSTM,2013-12-16 12:50:00,2761.5703,2752.3997
5059,LSTM,2013-12-16 13:00:00,2679.1482,2760.7302
5059,LSTM,2013-12-16 13:10:00,2846.7756,2739.378
5059,LSTM,2013-12-16 13:20:00,2534.2056,2780.8577
5059,LSTM,2013-12-16 13:30:00,2814.8188,2698.4387
5059,LSTM,2013-12-16 13:40:00,2797.125,2741.7188
5059,LSTM,2013-12-16 13:50:00,2632.9592,2754.1804
5059,LSTM,2013-12-16 14:00:00,2719.9246,2704.2366
5059,LSTM,2013-12-16 14:10:00,2737.278,2700.587
5059,LSTM,2013-12-16 14:20:00,2688.813,2699.8467
5059,LSTM,2013-12-16 14:30:00,2614.5593,2677.457
5059,LSTM,2013-12-16 14:40:00,2702.127,2636.4495
5059,LSTM,2013-12-16 14:50:00,2748.7913,2637.805
5059,LSTM,2013-12-16 15:00:00,2634.2102,2649.6328
5059,LSTM,2013-12-16 15:10:00,2628.354,2615.6553
5059,LSTM,2013-12-16 15:20:00,2626.0117,2593.9868
5059,LSTM,2013-12-16 15:30:00,2563.6245,2576.8787
5059,LSTM,2013-12-16 15:40:00,2649.9111,2537.313
5059,LSTM,2013-12-16 15:50:00,2494.1238,2551.0796
5059,LSTM,2013-12-16 16:00:00,2457.8,2488.9666
5059,LSTM,2013-12-16 16:10:00,2545.8594,2437.5654
5059,LSTM,2013-12-16 16:20:00,2543.695,2444.8552
5059,LSTM,2013-12-16 16:30:00,2322.1726,2445.9832
5059,LSTM,2013-12-16 16:40:00,2663.597,2348.0107
5059,LSTM,2013-12-16 16:50:00,2480.9702,2442.2256
5059,LSTM,2013-12-16 17:00:00,2258.544,2413.5786
5059,LSTM,2013-12-16 17:10:00,2365.5015,2301.6655
5059,LSTM,2013-12-16 17:20:00,2013.1088,2284.9158
5059,LSTM,2013-12-16 17:30:00,2151.991,2114.3296
5059,LSTM,2013-12-16 17:40:00,2143.1855,2076.3213
5059,LSTM,2013-12-16 17:50:00,2088.3984,2043.99
5059,LSTM,2013-12-16 18:00:00,1917.8799,1997.4486
5059,LSTM,2013-12-16 18:10:00,1961.1854,1893.9569
5059,LSTM,2013-12-16 18:20:00,1886.3074,1850.6338
5059,LSTM,2013-12-16 18:30:00,1575.9323,1789.3606
5059,LSTM,2013-12-16 18:40:00,1596.1409,1616.8981
5059,LSTM,2013-12-16 18:50:00,1528.1526,1522.7911
5059,LSTM,2013-12-16 19:00:00,1413.2109,1454.4736
5059,LSTM,2013-12-16 19:10:00,1425.4017,1371.6799
5059,LSTM,2013-12-16 19:20:00,1304.2977,1327.8303
5059,LSTM,2013-12-16 19:30:00,1109.7107,1256.764
5059,LSTM,2013-12-16 19:40:00,1243.8564,1145.1182
5059,LSTM,2013-12-16 19:50:00,1135.4084,1129.0238
5059,LSTM,2013-12-16 20:00:00,1075.4208,1078.6748
5059,LSTM,2013-12-16 20:10:00,1103.3552,1028.3663
5059,LSTM,2013-12-16 20:20:00,1062.0172,1009.3553
5059,LSTM,2013-12-16 20:30:00,1051.4791,983.90094
5059,LSTM,2013-12-16 20:40:00,827.939,966.0174
5059,LSTM,2013-12-16 20:50:00,939.1461,879.0173
5059,LSTM,2013-12-16 21:00:00,864.99567,868.2944
5059,LSTM,2013-12-16 21:10:00,945.5177,836.3642
5059,LSTM,2013-12-16 21:20:00,929.3958,847.1733
5059,LSTM,2013-12-16 21:30:00,795.038,848.71814
5059,LSTM,2013-12-16 21:40:00,731.85895,805.3504
5059,LSTM,2013-12-16 21:50:00,685.2888,759.8437
5059,LSTM,2013-12-16 22:00:00,619.82666,718.02466
5059,LSTM,2013-12-16 22:10:00,686.6954,668.9242
5059,LSTM,2013-12-16 22:20:00,627.1446,661.7506
5059,LSTM,2013-12-16 22:30:00,526.67584,632.99976
5059,LSTM,2013-12-16 22:40:00,549.4768,573.5447
5059,LSTM,2013-12-16 22:50:00,507.3896,547.20544
5059,LSTM,2013-12-16 23:00:00,502.8287,513.82477
5059,LSTM,2013-12-16 23:10:00,557.64825,491.7369
5059,LSTM,2013-12-16 23:20:00,453.33533,501.69205
5059,LSTM,2013-12-16 23:30:00,434.28394,465.57147
5059,LSTM,2013-12-16 23:40:00,643.6172,435.9875
5059,LSTM,2013-12-16 23:50:00,377.2396,505.5508
5059,LSTM,2013-12-17 00:00:00,420.1351,440.5148
5059,LSTM,2013-12-17 00:10:00,382.49466,419.18994
5059,LSTM,2013-12-17 00:20:00,372.3956,391.5604
5059,LSTM,2013-12-17 00:30:00,354.82898,371.08975
5059,LSTM,2013-12-17 00:40:00,326.95477,351.99564
5059,LSTM,2013-12-17 00:50:00,285.24146,328.84842
5059,LSTM,2013-12-17 01:00:00,307.27518,298.37967
5059,LSTM,2013-12-17 01:10:00,322.3455,288.61896
5059,LSTM,2013-12-17 01:20:00,270.39795,289.59082
5059,LSTM,2013-12-17 01:30:00,287.36633,269.9316
5059,LSTM,2013-12-17 01:40:00,300.23834,264.7831
5059,LSTM,2013-12-17 01:50:00,249.70934,267.37097
5059,LSTM,2013-12-17 02:00:00,278.10532,249.2904
5059,LSTM,2013-12-17 02:10:00,289.59515,249.96025
5059,LSTM,2013-12-17 02:20:00,263.2437,256.14896
5059,LSTM,2013-12-17 02:30:00,275.8497,250.22662
5059,LSTM,2013-12-17 02:40:00,302.6184,252.17628
5059,LSTM,2013-12-17 02:50:00,267.39505,265.24734
5059,LSTM,2013-12-17 03:00:00,294.62833,260.17682
5059,LSTM,2013-12-17 03:10:00,295.62775,268.83044
5059,LSTM,2013-12-17 03:20:00,270.77686,275.77454
5059,LSTM,2013-12-17 03:30:00,253.1995,270.6056
5059,LSTM,2013-12-17 03:40:00,297.35254,260.73196
5059,LSTM,2013-12-17 03:50:00,271.64038,273.3814
5059,LSTM,2013-12-17 04:00:00,261.4262,271.94666
5059,LSTM,2013-12-17 04:10:00,315.23523,267.2322
5059,LSTM,2013-12-17 04:20:00,340.9571,289.17435
5059,LSTM,2013-12-17 04:30:00,281.91028,316.52734
5059,LSTM,2013-12-17 04:40:00,331.3453,308.07968
5059,LSTM,2013-12-17 04:50:00,279.85925,325.46884
5059,LSTM,2013-12-17 05:00:00,283.4594,313.19553
5059,LSTM,2013-12-17 05:10:00,337.38727,306.65643
5059,LSTM,2013-12-17 05:20:00,331.45905,327.22604
5059,LSTM,2013-12-17 05:30:00,294.91028,337.96906
5059,LSTM,2013-12-17 05:40:00,379.76587,328.29654
5059,LSTM,2013-12-17 05:50:00,342.52344,361.19058
5059,LSTM,2013-12-17 06:00:00,393.1728,365.7131
5059,LSTM,2013-12-17 06:10:00,446.57346,392.63876
5059,LSTM,2013-12-17 06:20:00,479.6781,436.02628
5059,LSTM,2013-12-17 06:30:00,454.89655,481.03204
5059,LSTM,2013-12-17 06:40:00,550.1103,500.32147
5059,LSTM,2013-12-17 06:50:00,753.2259,558.4183
5059,LSTM,2013-12-17 07:00:00,753.5956,693.4131
5059,LSTM,2013-12-17 07:10:00,825.61786,785.6963
5059,LSTM,2013-12-17 07:20:00,969.2273,872.73627
5059,LSTM,2013-12-17 07:30:00,1102.4698,982.03687
5059,LSTM,2013-12-17 07:40:00,1151.8215,1104.2201
5059,LSTM,2013-12-17 07:50:00,1323.192,1204.3748
5059,LSTM,2013-12-17 08:00:00,1353.7094,1318.342
5059,LSTM,2013-12-17 08:10:00,1526.8392,1407.364
5059,LSTM,2013-12-17 08:20:00,1520.4929,1517.4073
5059,LSTM,2013-12-17 08:30:00,1443.8579,1601.3252
5059,LSTM,2013-12-17 08:40:00,1733.7272,1644.9922
5059,LSTM,2013-12-17 08:50:00,1723.3817,1750.6274
5059,LSTM,2013-12-17 09:00:00,1592.9745,1822.0925
5059,LSTM,2013-12-17 09:10:00,1676.853,1832.7511
5059,LSTM,2013-12-17 09:20:00,2029.1399,1859.777
5059,LSTM,2013-12-17 09:30:00,1878.1979,1982.1523
5059,LSTM,2013-12-17 09:40:00,2047.5852,2010.9127
5059,LSTM,2013-12-17 09:50:00,2180.45,2081.3623
5059,LSTM,2013-12-17 10:00:00,2260.443,2164.6763
5059,LSTM,2013-12-17 10:10:00,2108.2444,2240.4346
5059,LSTM,2013-12-17 10:20:00,2238.8875,2243.629
5059,LSTM,2013-12-17 10:30:00,2177.5774,2285.346
5059,LSTM,2013-12-17 10:40:00,2299.401,2286.95
5059,LSTM,2013-12-17 10:50:00,2414.3125,2325.7688
5059,LSTM,2013-12-17 11:00:00,2392.4524,2385.2322
5059,LSTM,2013-12-17 11:10:00,2683.2268,2411.5322
5059,LSTM,2013-12-17 11:20:00,2642.9966,2516.7407
5059,LSTM,2013-12-17 11:30:00,2447.843,2570.27
5059,LSTM,2013-12-17 11:40:00,2542.8638,2547.6624
5059,LSTM,2013-12-17 11:50:00,2836.1824,2563.4377
5059,LSTM,2013-12-17 12:00:00,2705.4675,2663.9167
5059,LSTM,2013-12-17 12:10:00,2972.2612,2683.923
5059,LSTM,2013-12-17 12:20:00,3007.2957,2780.93
5059,LSTM,2013-12-17 12:30:00,3013.3506,2849.7483
5059,LSTM,2013-12-17 12:40:00,3133.456,2897.966
5059,LSTM,2013-12-17 12:50:00,2863.8774,2965.9543
5059,LSTM,2013-12-17 13:00:00,3008.3774,2937.8862
5059,LSTM,2013-12-17 13:10:00,2890.1206,2963.391
5059,LSTM,2013-12-17 13:20:00,2734.4712,2937.5845
5059,LSTM,2013-12-17 13:30:00,2544.7542,2870.8398
5059,LSTM,2013-12-17 13:40:00,2736.847,2758.2417
5059,LSTM,2013-12-17 13:50:00,2691.2998,2750.796
5059,LSTM,2013-12-17 14:00:00,2396.328,2719.3193
5059,LSTM,2013-12-17 14:10:00,2737.6082,2559.911
5059,LSTM,2013-12-17 14:20:00,2477.2888,2613.1553
5059,LSTM,2013-12-17 14:30:00,2892.69,2514.942
5059,LSTM,2013-12-17 14:40:00,2803.812,2634.3232
5059,LSTM,2013-12-17 14:50:00,2902.2222,2648.7676
5059,LSTM,2013-12-17 15:00:00,2747.3257,2692.0703
5059,LSTM,2013-12-17 15:10:00,3124.105,2669.1226
5059,LSTM,2013-12-17 15:20:00,3048.2637,2784.2097
5059,LSTM,2013-12-17 15:30:00,3095.5195,2830.1108
5059,LSTM,2013-12-17 15:40:00,3181.4688,2880.56
5059,LSTM,2013-12-17 15:50:00,2941.134,2944.1567
5059,LSTM,2013-12-17 16:00:00,2902.808,2915.7126
5059,LSTM,2013-12-17 16:10:00,2714.8738,2892.0598
5059,LSTM,2013-12-17 16:20:00,3030.4998,2819.5798
5059,LSTM,2013-12-17 16:30:00,2599.423,2879.672
5059,LSTM,2013-12-17 16:40:00,2843.513,2767.0203
5059,LSTM,2013-12-17 16:50:00,2552.371,2783.4988
5059,LSTM,2013-12-17 17:00:00,2385.382,2672.4048
5059,LSTM,2013-12-17 17:10:00,2270.155,2520.9436
5059,LSTM,2013-12-17 17:20:00,2145.7808,2373.6455
5059,LSTM,2013-12-17 17:30:00,2272.6868,2222.0212
5059,LSTM,2013-12-17 17:40:00,2324.882,2179.344
5059,LSTM,2013-12-17 17:50:00,2225.732,2167.8416
5059,LSTM,2013-12-17 18:00:00,2236.8972,2111.0745
5059,LSTM,2013-12-17 18:10:00,2005.5432,2079.5984
5059,LSTM,2013-12-17 18:20:00,1953.891,1958.9211
5059,LSTM,2013-12-17 18:30:00,1802.5776,1865.1881
5059,LSTM,2013-12-17 18:40:00,1852.4194,1743.9717
5059,LSTM,2013-12-17 18:50:00,1696.9374,1693.0204
5059,LSTM,2013-12-17 19:00:00,1606.5923,1607.0438
5059,LSTM,2013-12-17 19:10:00,1590.6038,1527.5009
5059,LSTM,2013-12-17 19:20:00,1446.0182,1476.5366
5059,LSTM,2013-12-17 19:30:00,1323.7643,1393.2072
5059,LSTM,2013-12-17 19:40:00,1351.1809,1301.3197
5059,LSTM,2013-12-17 19:50:00,1179.2695,1258.6238
5059,LSTM,2013-12-17 20:00:00,1079.5662,1170.3239
5059,LSTM,2013-12-17 20:10:00,1028.0624,1083.9707
5059,LSTM,2013-12-17 20:20:00,1090.8693,1014.9978
5059,LSTM,2013-12-17 20:30:00,956.1571,997.25494
5059,LSTM,2013-12-17 20:40:00,862.8589,938.0743
5059,LSTM,2013-12-17 20:50:00,919.1082,871.9743
5059,LSTM,2013-12-17 21:00:00,801.89136,853.0479
5059,LSTM,2013-12-17 21:10:00,840.02545,801.1679
5059,LSTM,2013-12-17 21:20:00,779.9643,784.9464
5059,LSTM,2013-12-17 21:30:00,783.5628,755.4411
5059,LSTM,2013-12-17 21:40:00,769.1843,741.0782
5059,LSTM,2013-12-17 21:50:00,724.57544,729.4004
5059,LSTM,2013-12-17 22:00:00,680.99176,708.9821
5059,LSTM,2013-12-17 22:10:00,609.1262,679.2147
5059,LSTM,2013-12-17 22:20:00,687.94366,631.45465
5059,LSTM,2013-12-17 22:30:00,579.22,637.05963
5059,LSTM,2013-12-17 22:40:00,560.5221,596.64453
5059,LSTM,2013-12-17 22:50:00,585.93774,566.18164
5059,LSTM,2013-12-17 23:00:00,543.7737,559.14667
5059,LSTM,2013-12-17 23:10:00,489.5595,538.6285
5059,LSTM,2013-12-17 23:20:00,539.0693,504.9724
5059,LSTM,2013-12-17 23:30:00,504.443,505.48685
5059,LSTM,2013-12-17 23:40:00,474.90784,492.3859
5059,LSTM,2013-12-17 23:50:00,456.41153,473.45178
5059,LSTM,2013-12-18 00:00:00,410.783,454.692
5059,LSTM,2013-12-18 00:10:00,379.65802,424.9063
5059,LSTM,2013-12-18 00:20:00,401.63037,394.1876
5059,LSTM,2013-12-18 00:30:00,409.8604,384.85175
5059,LSTM,2013-12-18 00:40:00,410.02414,382.75226
5059,LSTM,2013-12-18 00:50:00,413.12982,382.15073
5059,LSTM,2013-12-18 01:00:00,381.0714,384.26224
5059,LSTM,2013-12-18 01:10:00,370.31766,373.24475
5059,LSTM,2013-12-18 01:20:00,391.41586,363.08203
5059,LSTM,2013-12-18 01:30:00,339.14832,366.09348
5059,LSTM,2013-12-18 01:40:00,343.98822,347.64175
5059,LSTM,2013-12-18 01:50:00,354.6266,338.76608
5059,LSTM,2013-12-18 02:00:00,349.94174,338.07724
5059,LSTM,2013-12-18 02:10:00,357.09317,336.32162
5059,LSTM,2013-12-18 02:20:00,353.47437,338.61368
5059,LSTM,2013-12-18 02:30:00,323.44745,339.54086
5059,LSTM,2013-12-18 02:40:00,330.19568,328.24225
5059,LSTM,2013-12-18 02:50:00,333.8312,324.30188
5059,LSTM,2013-12-18 03:00:00,349.34024,323.83136
5059,LSTM,2013-12-18 03:10:00,332.18362,330.18115
5059,LSTM,2013-12-18 03:20:00,342.7267,327.54083
5059,LSTM,2013-12-18 03:30:00,374.74506,330.74564
5059,LSTM,2013-12-18 03:40:00,368.85327,346.13193
5059,LSTM,2013-12-18 03:50:00,359.95996,356.9031
5059,LSTM,2013-12-18 04:00:00,320.06473,361.43423
5059,LSTM,2013-12-18 04:10:00,361.5439,346.30734
5059,LSTM,2013-12-18 04:20:00,344.93466,355.71024
5059,LSTM,2013-12-18 04:30:00,401.58304,354.886
5059,LSTM,2013-12-18 04:40:00,397.4719,381.26968
5059,LSTM,2013-12-18 04:50:00,396.86322,397.68896
5059,LSTM,2013-12-18 05:00:00,346.3754,409.02808
5059,LSTM,2013-12-18 05:10:00,356.57953,393.09073
5059,LSTM,2013-12-18 05:20:00,357.7288,386.8872
5059,LSTM,2013-12-18 05:30:00,379.6343,382.98944
5059,LSTM,2013-12-18 05:40:00,361.912,389.76624
5059,LSTM,2013-12-18 05:50:00,413.22113,385.69928
5059,LSTM,2013-12-18 06:00:00,403.95444,406.71857
5059,LSTM,2013-12-18 06:10:00,471.12314,416.38242
5059,LSTM,2013-12-18 06:20:00,481.8742,454.48096
5059,LSTM,2013-12-18 06:30:00,486.94028,485.4781
5059,LSTM,2013-12-18 06:40:00,624.4269,508.95883
5059,LSTM,2013-12-18 06:50:00,638.6378,590.0433
5059,LSTM,2013-12-18 07:00:00,813.0423,652.1781
5059,LSTM,2013-12-18 07:10:00,815.51215,777.84265
5059,LSTM,2013-12-18 07:20:00,925.6145,854.743
5059,LSTM,2013-12-18 07:30:00,986.8481,946.32916
5059,LSTM,2013-12-18 07:40:00,1024.8683,1031.5652
5059,LSTM,2013-12-18 07:50:00,1120.7278,1103.0269
5059,LSTM,2013-12-18 08:00:00,1329.3274,1186.5087
5059,LSTM,2013-12-18 08:10:00,1298.2369,1319.1357
5059,LSTM,2013-12-18 08:20:00,1384.4584,1392.3612
5059,LSTM,2013-12-18 08:30:00,1469.436,1469.4163
5059,LSTM,2013-12-18 08:40:00,1578.1362,1548.921
5059,LSTM,2013-12-18 08:50:00,1854.7711,1635.1239
5059,LSTM,2013-12-18 09:00:00,1918.0593,1764.6339
5059,LSTM,2013-12-18 09:10:00,1979.1548,1873.3198
5059,LSTM,2013-12-18 09:20:00,1986.4987,1969.5432
5059,LSTM,2013-12-18 09:30:00,2171.3083,2043.4653
5059,LSTM,2013-12-18 09:40:00,2056.8528,2143.1658
5059,LSTM,2013-12-18 09:50:00,2273.6548,2187.2305
5059,LSTM,2013-12-18 10:00:00,2399.3738,2272.9355
5059,LSTM,2013-12-18 10:10:00,2414.5996,2362.1152
5059,LSTM,2013-12-18 10:20:00,2517.3289,2428.63
5059,LSTM,2013-12-18 10:30:00,2686.7637,2500.6401
5059,LSTM,2013-12-18 10:40:00,2631.3562,2591.511
5059,LSTM,2013-12-18 10:50:00,2698.8047,2641.4912
5059,LSTM,2013-12-18 11:00:00,2644.4453,2694.0479
5059,LSTM,2013-12-18 11:10:00,2527.1482,2715.5593
5059,LSTM,2013-12-18 11:20:00,2794.0598,2686.8438
5059,LSTM,2013-12-18 11:30:00,2793.752,2749.0105
5059,LSTM,2013-12-18 11:40:00,2745.2158,2780.6035
5059,LSTM,2013-12-18 11:50:00,2864.4187,2781.9736
5059,LSTM,2013-12-18 12:00:00,3068.5156,2818.03
5059,LSTM,2013-12-18 12:10:00,3000.1797,2899.8406
5059,LSTM,2013-12-18 12:20:00,3004.6577,2926.7327
5059,LSTM,2013-12-18 12:30:00,3191.4482,2946.6191
5059,LSTM,2013-12-18 12:40:00,3207.1082,3016.5393
5059,LSTM,2013-12-18 12:50:00,3051.9417,3062.7363
5059,LSTM,2013-12-18 13:00:00,3178.2046,3049.9539
5059,LSTM,2013-12-18 13:10:00,3111.8792,3083.1367
5059,LSTM,2013-12-18 13:20:00,2973.613,3081.3225
5059,LSTM,2013-12-18 13:30:00,3023.979,3033.4275
5059,LSTM,2013-12-18 13:40:00,2870.2231,3020.6875
5059,LSTM,2013-12-18 13:50:00,2810.9236,2956.1472
5059,LSTM,2013-12-18 14:00:00,2524.7148,2892.815
5059,LSTM,2013-12-18 14:10:00,2665.3462,2733.1382
5059,LSTM,2013-12-18 14:20:00,2788.0576,2684.628
5059,LSTM,2013-12-18 14:30:00,2690.2424,2699.8372
5059,LSTM,2013-12-18 14:40:00,2476.0342,2656.0525
5059,LSTM,2013-12-18 14:50:00,2679.1196,2530.0278
5059,LSTM,2013-12-18 15:00:00,2502.6748,2545.9336
5059,LSTM,2013-12-18 15:10:00,2525.0535,2468.3848
5059,LSTM,2013-12-18 15:20:00,2681.9224,2432.38
5059,LSTM,2013-12-18 15:30:00,2889.628,2479.2913
5059,LSTM,2013-12-18 15:40:00,2542.5159,2580.034
5059,LSTM,2013-12-18 15:50:00,2753.3704,2511.319
5059,LSTM,2013-12-18 16:00:00,2676.2473,2554.9849
5059,LSTM,2013-12-18 16:10:00,2600.9219,2554.9124
5059,LSTM,2013-12-18 16:20:00,2616.2776,2534.7866
5059,LSTM,2013-12-18 16:30:00,2503.0154,2530.813
5059,LSTM,2013-12-18 16:40:00,2491.4087,2483.9768
5059,LSTM,2013-12-18 16:50:00,2464.9944,2452.1213
5059,LSTM,2013-12-18 17:00:00,2273.415,2420.7515
5059,LSTM,2013-12-18 17:10:00,2249.7034,2317.1262
5059,LSTM,2013-12-18 17:20:00,2227.0054,2244.739
5059,LSTM,2013-12-18 17:30:00,2196.086,2187.53
5059,LSTM,2013-12-18 17:40:00,1929.9332,2136.4475
5059,LSTM,2013-12-18 17:50:00,1906.7806,1984.6448
5059,LSTM,2013-12-18 18:00:00,1933.2944,1882.0267
5059,LSTM,2013-12-18 18:10:00,1699.993,1825.732
5059,LSTM,2013-12-18 18:20:00,1720.3448,1686.2584
5059,LSTM,2013-12-18 18:30:00,1700.0227,1610.2832
5059,LSTM,2013-12-18 18:40:00,1523.4856,1563.5702
5059,LSTM,2013-12-18 18:50:00,1568.3333,1472.3525
5059,LSTM,2013-12-18 19:00:00,1453.8414,1437.1719
5059,LSTM,2013-12-18 19:10:00,1269.3866,1372.7217
5059,LSTM,2013-12-18 19:20:00,1161.6351,1268.5446
5059,LSTM,2013-12-18 19:30:00,1171.1189,1170.4113
5059,LSTM,2013-12-18 19:40:00,991.7398,1117.1437
5059,LSTM,2013-12-18 19:50:00,957.0807,1020.62134
5059,LSTM,2013-12-18 20:00:00,985.3856,952.9177
5059,LSTM,2013-12-18 20:10:00,816.4783,922.81616
5059,LSTM,2013-12-18 20:20:00,850.4735,845.51776
5059,LSTM,2013-12-18 20:30:00,817.6907,812.9654
5059,LSTM,2013-12-18 20:40:00,688.85065,782.48016
5059,LSTM,2013-12-18 20:50:00,702.4695,720.9556
5059,LSTM,2013-12-18 21:00:00,753.86127,689.9145
5059,LSTM,2013-12-18 21:10:00,676.85645,687.4973
5059,LSTM,2013-12-18 21:20:00,758.3573,655.4371
5059,LSTM,2013-12-18 21:30:00,652.5494,672.6451
5059,LSTM,2013-12-18 21:40:00,640.0536,641.4362
5059,LSTM,2013-12-18 21:50:00,634.62427,619.49274
5059,LSTM,2013-12-18 22:00:00,604.5951,606.33795
5059,LSTM,2013-12-18 22:10:00,545.23456,588.4639
5059,LSTM,2013-12-18 22:20:00,540.5254,554.65967
5059,LSTM,2013-12-18 22:30:00,593.64,534.03217
5059,LSTM,2013-12-18 22:40:00,579.179,545.15094
5059,LSTM,2013-12-18 22:50:00,502.68195,547.5457
5059,LSTM,2013-12-18 23:00:00,536.72876,519.46704
5059,LSTM,2013-12-18 23:10:00,487.2052,517.39923
5059,LSTM,2013-12-18 23:20:00,436.3902,496.40585
5059,LSTM,2013-12-18 23:30:00,456.9867,463.16238
5059,LSTM,2013-12-18 23:40:00,429.72488,451.69794
5059,LSTM,2013-12-18 23:50:00,370.90134,433.4266
5059,LSTM,2013-12-19 00:00:00,435.60617,398.30832
5059,LSTM,2013-12-19 00:10:00,394.7007,403.3812
5059,LSTM,2013-12-19 00:20:00,400.94308,389.81723
5059,LSTM,2013-12-19 00:30:00,427.43805,384.61612
5059,LSTM,2013-12-19 00:40:00,336.43256,392.8084
5059,LSTM,2013-12-19 00:50:00,365.2895,361.1588
5059,LSTM,2013-12-19 01:00:00,346.52133,353.75275
5059,LSTM,2013-12-19 01:10:00,342.67114,342.2111
5059,LSTM,2013-12-19 01:20:00,320.30676,333.80197
5059,LSTM,2013-12-19 01:30:00,328.14258,320.2702
5059,LSTM,2013-12-19 01:40:00,280.11807,315.18997
5059,LSTM,2013-12-19 01:50:00,335.46817,292.97357
5059,LSTM,2013-12-19 02:00:00,298.21442,301.88452
5059,LSTM,2013-12-19 02:10:00,309.2171,292.90405
5059,LSTM,2013-12-19 02:20:00,300.12256,292.10562
5059,LSTM,2013-12-19 02:30:00,246.72475,288.50174
5059,LSTM,2013-12-19 02:40:00,276.32565,265.31207
5059,LSTM,2013-12-19 02:50:00,262.11307,262.9539
5059,LSTM,2013-12-19 03:00:00,270.27988,255.8772
5059,LSTM,2013-12-19 03:10:00,252.87465,255.19778
5059,LSTM,2013-12-19 03:20:00,251.35565,247.99547
5059,LSTM,2013-12-19 03:30:00,252.6491,243.02583
5059,LSTM,2013-12-19 03:40:00,252.2801,240.8282
5059,LSTM,2013-12-19 03:50:00,271.09418,239.5968
5059,LSTM,2013-12-19 04:00:00,250.35619,246.65714
5059,LSTM,2013-12-19 04:10:00,284.96732,243.46918
5059,LSTM,2013-12-19 04:20:00,278.65344,255.76564
5059,LSTM,2013-12-19 04:30:00,234.95042,261.61087
5059,LSTM,2013-12-19 04:40:00,278.24277,248.25908
5059,LSTM,2013-12-19 04:50:00,274.403,257.2711
5059,LSTM,2013-12-19 05:00:00,246.9415,263.5706
5059,LSTM,2013-12-19 05:10:00,316.2096,256.2961
5059,LSTM,2013-12-19 05:20:00,317.4206,284.0335
5059,LSTM,2013-12-19 05:30:00,308.83353,303.9745
5059,LSTM,2013-12-19 05:40:00,312.58328,314.28207
5059,LSTM,2013-12-19 05:50:00,378.32358,323.17325
5059,LSTM,2013-12-19 06:00:00,398.94138,360.63312
5059,LSTM,2013-12-19 06:10:00,383.5255,395.87842
5059,LSTM,2013-12-19 06:20:00,505.4137,413.12393
5059,LSTM,2013-12-19 06:30:00,487.44113,482.0164
5059,LSTM,2013-12-19 06:40:00,513.9205,520.23926
5059,LSTM,2013-12-19 06:50:00,644.89886,559.0296
5059,LSTM,2013-12-19 07:00:00,664.45844,646.76227
5059,LSTM,2013-12-19 07:10:00,682.46765,715.3048
5059,LSTM,2013-12-19 07:20:00,738.4892,769.8057
5059,LSTM,2013-12-19 07:30:00,748.6995,830.2801
5059,LSTM,2013-12-19 07:40:00,879.4211,866.47504
5059,LSTM,2013-12-19 07:50:00,1059.6798,940.70575
5059,LSTM,2013-12-19 08:00:00,1205.6598,1059.6819
5059,LSTM,2013-12-19 08:10:00,1294.0133,1191.506
5059,LSTM,2013-12-19 08:20:00,1403.5647,1308.7266
5059,LSTM,2013-12-19 08:30:00,1366.8352,1410.0868
5059,LSTM,2013-12-19 08:40:00,1410.3505,1477.5712
5059,LSTM,2013-12-19 08:50:00,1500.0518,1540.4291
5059,LSTM,2013-12-19 09:00:00,1631.4614,1608.9663
5059,LSTM,2013-12-19 09:10:00,1594.8406,1693.0564
5059,LSTM,2013-12-19 09:20:00,1743.9664,1739.8433
5059,LSTM,2013-12-19 09:30:00,1792.1636,1815.12
5059,LSTM,2013-12-19 09:40:00,1852.2517,1877.8425
5059,LSTM,2013-12-19 09:50:00,1815.0079,1936.2059
5059,LSTM,2013-12-19 10:00:00,1953.0442,1961.8131
5059,LSTM,2013-12-19 10:10:00,1898.2078,2018.9635
5059,LSTM,2013-12-19 10:20:00,1932.6768,2033.7426
5059,LSTM,2013-12-19 10:30:00,2083.847,2051.7246
5059,LSTM,2013-12-19 10:40:00,2171.034,2108.2424
5059,LSTM,2013-12-19 10:50:00,2265.2751,2168.3735
5059,LSTM,2013-12-19 11:00:00,2178.1807,2235.394
5059,LSTM,2013-12-19 11:10:00,2262.1309,2246.885
5059,LSTM,2013-12-19 11:20:00,2150.6257,2281.0508
5059,LSTM,2013-12-19 11:30:00,2270.9175,2262.5745
5059,LSTM,2013-12-19 11:40:00,2441.9106,2289.1472
5059,LSTM,2013-12-19 11:50:00,2547.372,2359.1074
5059,LSTM,2013-12-19 12:00:00,2549.3323,2434.0337
5059,LSTM,2013-12-19 12:10:00,2767.8403,2482.5671
5059,LSTM,2013-12-19 12:20:00,2683.886,2581.5735
5059,LSTM,2013-12-19 12:30:00,2711.2275,2621.455
5059,LSTM,2013-12-19 12:40:00,2517.5942,2659.0261
5059,LSTM,2013-12-19 12:50:00,2742.896,2623.1973
5059,LSTM,2013-12-19 13:00:00,2650.2075,2674.3052
5059,LSTM,2013-12-19 13:10:00,2467.6526,2672.8213
5059,LSTM,2013-12-19 13:20:00,2606.0076,2609.4133
5059,LSTM,2013-12-19 13:30:00,2583.6455,2615.228
5059,LSTM,2013-12-19 13:40:00,2529.9766,2604.584
5059,LSTM,2013-12-19 13:50:00,2546.6702,2575.4797
5059,LSTM,2013-12-19 14:00:00,2376.3787,2558.0474
5059,LSTM,2013-12-19 14:10:00,2511.2964,2464.9553
5059,LSTM,2013-12-19 14:20:00,2380.6892,2465.273
5059,LSTM,2013-12-19 14:30:00,2496.9202,2399.7485
5059,LSTM,2013-12-19 14:40:00,2670.8054,2410.1873
5059,LSTM,2013-12-19 14:50:00,2527.7153,2486.9707
5059,LSTM,2013-12-19 15:00:00,2489.7966,2467.5835
5059,LSTM,2013-12-19 15:10:00,2740.8386,2441.5586
5059,LSTM,2013-12-19 15:20:00,2435.4739,2520.1135
5059,LSTM,2013-12-19 15:30:00,2455.3765,2456.4426
5059,LSTM,2013-12-19 15:40:00,2387.4033,2424.6013
5059,LSTM,2013-12-19 15:50:00,2405.84,2375.535
5059,LSTM,2013-12-19 16:00:00,2422.1624,2354.7708
5059,LSTM,2013-12-19 16:10:00,2372.235,2347.9578
5059,LSTM,2013-12-19 16:20:00,2159.3252,2321.8188
5059,LSTM,2013-12-19 16:30:00,2137.3472,2211.2405
5059,LSTM,2013-12-19 16:40:00,2231.6365,2135.6948
5059,LSTM,2013-12-19 16:50:00,2189.936,2127.705
5059,LSTM,2013-12-19 17:00:00,2123.9602,2101.447
5059,LSTM,2013-12-19 17:10:00,2123.451,2055.0295
5059,LSTM,2013-12-19 17:20:00,1877.5535,2025.4358
5059,LSTM,2013-12-19 17:30:00,2125.435,1899.2845
5059,LSTM,2013-12-19 17:40:00,2092.7607,1932.5798
5059,LSTM,2013-12-19 17:50:00,1824.8812,1934.5236
5059,LSTM,2013-12-19 18:00:00,1729.0023,1820.4332
5059,LSTM,2013-12-19 18:10:00,1680.3956,1712.0228
5059,LSTM,2013-12-19 18:20:00,1606.5753,1625.189
5059,LSTM,2013-12-19 18:30:00,1626.3036,1538.622
5059,LSTM,2013-12-19 18:40:00,1547.6588,1493.9108
5059,LSTM,2013-12-19 18:50:00,1395.2604,1444.3745
5059,LSTM,2013-12-19 19:00:00,1390.3671,1360.2975
5059,LSTM,2013-12-19 19:10:00,1230.7985,1310.3682
5059,LSTM,2013-12-19 19:20:00,1114.6785,1223.1272
5059,LSTM,2013-12-19 19:30:00,1020.2102,1130.6146
5059,LSTM,2013-12-19 19:40:00,942.3616,1042.7742
5059,LSTM,2013-12-19 19:50:00,842.16235,963.203
5059,LSTM,2013-12-19 20:00:00,718.4314,880.67975
5059,LSTM,2013-12-19 20:10:00,781.4337,788.5325
5059,LSTM,2013-12-19 20:20:00,700.18353,755.8847
5059,LSTM,2013-12-19 20:30:00,728.15845,707.4966
5059,LSTM,2013-12-19 20:40:00,701.60626,688.115
5059,LSTM,2013-12-19 20:50:00,737.4239,660.8693
5059,LSTM,2013-12-19 21:00:00,640.25195,660.84155
5059,LSTM,2013-12-19 21:10:00,642.9851,622.0397
5059,LSTM,2013-12-19 21:20:00,583.51904,602.2635
5059,LSTM,2013-12-19 21:30:00,631.582,567.3912
5059,LSTM,2013-12-19 21:40:00,589.1496,569.5151
5059,LSTM,2013-12-19 21:50:00,559.72516,556.0845
5059,LSTM,2013-12-19 22:00:00,568.68,537.97284
5059,LSTM,2013-12-19 22:10:00,518.3545,533.0189
5059,LSTM,2013-12-19 22:20:00,516.46484,511.61432
5059,LSTM,2013-12-19 22:30:00,506.92117,499.77057
5059,LSTM,2013-12-19 22:40:00,482.31082,490.6349
5059,LSTM,2013-12-19 22:50:00,465.71017,476.4972
5059,LSTM,2013-12-19 23:00:00,525.8392,462.039
5059,LSTM,2013-12-19 23:10:00,489.60336,479.17114
5059,LSTM,2013-12-19 23:20:00,372.18173,475.86588
5059,LSTM,2013-12-19 23:30:00,404.69742,426.40005
5059,LSTM,2013-12-19 23:40:00,391.80353,409.21976
5059,LSTM,2013-12-19 23:50:00,297.08508,393.3531
5059,LSTM,2013-12-20 00:00:00,363.3345,344.7201
5059,LSTM,2013-12-20 00:10:00,311.23398,341.02594
5059,LSTM,2013-12-20 00:20:00,304.2302,317.864
5059,LSTM,2013-12-20 00:30:00,292.2712,300.53198
5059,LSTM,2013-12-20 00:40:00,266.19818,285.18512
5059,LSTM,2013-12-20 00:50:00,241.73764,265.26688
5059,LSTM,2013-12-20 01:00:00,268.45358,243.31708
5059,LSTM,2013-12-20 01:10:00,255.58801,240.44223
5059,LSTM,2013-12-20 01:20:00,255.26366,234.06618
5059,LSTM,2013-12-20 01:30:00,247.74217,230.48117
5059,LSTM,2013-12-20 01:40:00,261.45126,226.16388
5059,LSTM,2013-12-20 01:50:00,212.55832,229.75278
5059,LSTM,2013-12-20 02:00:00,225.63673,213.16264
5059,LSTM,2013-12-20 02:10:00,253.41428,208.74585
5059,LSTM,2013-12-20 02:20:00,224.57256,217.83037
5059,LSTM,2013-12-20 02:30:00,224.44083,212.90172
5059,LSTM,2013-12-20 02:40:00,250.79286,210.50365
5059,LSTM,2013-12-20 02:50:00,213.31396,220.2943
5059,LSTM,2013-12-20 03:00:00,220.35384,212.17003
5059,LSTM,2013-12-20 03:10:00,226.8493,210.62679
5059,LSTM,2013-12-20 03:20:00,201.8171,212.68533
5059,LSTM,2013-12-20 03:30:00,205.79384,204.00864
5059,LSTM,2013-12-20 03:40:00,235.06805,200.47939
5059,LSTM,2013-12-20 03:50:00,192.8713,210.25853
5059,LSTM,2013-12-20 04:00:00,216.31819,199.54103
5059,LSTM,2013-12-20 04:10:00,236.10062,202.52142
5059,LSTM,2013-12-20 04:20:00,207.19698,212.4674
5059,LSTM,2013-12-20 04:30:00,252.64702,207.44252
5059,LSTM,2013-12-20 04:40:00,243.07233,224.7828
5059,LSTM,2013-12-20 04:50:00,206.34781,233.42638
5059,LSTM,2013-12-20 05:00:00,246.40042,222.68288
5059,LSTM,2013-12-20 05:10:00,231.74612,234.44597
5059,LSTM,2013-12-20 05:20:00,241.9884,235.906
5059,LSTM,2013-12-20 05:30:00,240.643,241.87582
5059,LSTM,2013-12-20 05:40:00,296.80536,245.42735
5059,LSTM,2013-12-20 05:50:00,303.16022,274.141
5059,LSTM,2013-12-20 06:00:00,369.727,296.6067
5059,LSTM,2013-12-20 06:10:00,364.43896,343.38867
5059,LSTM,2013-12-20 06:20:00,412.51236,373.56827
5059,LSTM,2013-12-20 06:30:00,379.6234,416.7688
5059,LSTM,2013-12-20 06:40:00,429.28006,431.09308
5059,LSTM,2013-12-20 06:50:00,670.184,464.13416
5059,LSTM,2013-12-20 07:00:00,684.615,599.0512
5059,LSTM,2013-12-20 07:10:00,693.4316,697.8287
5059,LSTM,2013-12-20 07:20:00,856.236,769.54395
5059,LSTM,2013-12-20 07:30:00,789.6416,885.50116
5059,LSTM,2013-12-20 07:40:00,935.70966,927.16425
5059,LSTM,2013-12-20 07:50:00,1030.2852,1011.54333
5059,LSTM,2013-12-20 08:00:00,1220.1327,1101.73
5059,LSTM,2013-12-20 08:10:00,1237.1399,1230.737
5059,LSTM,2013-12-20 08:20:00,1306.8203,1319.3274
5059,LSTM,2013-12-20 08:30:00,1387.7256,1398.7522
5059,LSTM,2013-12-20 08:40:00,1409.9806,1478.5846
5059,LSTM,2013-12-20 08:50:00,1643.7428,1542.907
5059,LSTM,2013-12-20 09:00:00,1689.272,1649.0396
5059,LSTM,2013-12-20 09:10:00,1596.9042,1736.7284
5059,LSTM,2013-12-20 09:20:00,1671.0422,1776.1207
5059,LSTM,2013-12-20 09:30:00,1595.8232,1819.6752
5059,LSTM,2013-12-20 09:40:00,1878.9929,1821.2545
5059,LSTM,2013-12-20 09:50:00,1986.6232,1908.8478
5059,LSTM,2013-12-20 10:00:00,1975.8969,1993.8165
5059,LSTM,2013-12-20 10:10:00,1999.3615,2044.4917
5059,LSTM,2013-12-20 10:20:00,2245.892,2083.305
5059,LSTM,2013-12-20 10:30:00,2462.2507,2182.5452
5059,LSTM,2013-12-20 10:40:00,2270.8691,2300.003
5059,LSTM,2013-12-20 10:50:00,2222.1091,2333.2715
5059,LSTM,2013-12-20 11:00:00,2357.3289,2340.82
5059,LSTM,2013-12-20 11:10:00,2275.7559,2385.302
5059,LSTM,2013-12-20 11:20:00,2439.7173,2383.295
5059,LSTM,2013-12-20 11:30:00,2526.545,2434.7412
5059,LSTM,2013-12-20 11:40:00,2346.0898,2489.1875
5059,LSTM,2013-12-20 11:50:00,2470.7983,2462.2415
5059,LSTM,2013-12-20 12:00:00,2650.6477,2485.9263
5059,LSTM,2013-12-20 12:10:00,2598.8076,2555.8047
5059,LSTM,2013-12-20 12:20:00,2632.6096,2578.4788
5059,LSTM,2013-12-20 12:30:00,2461.2249,2603.362
5059,LSTM,2013-12-20 12:40:00,2746.582,2561.3142
5059,LSTM,2013-12-20 12:50:00,2632.105,2627.9465
5059,LSTM,2013-12-20 13:00:00,2633.7163,2627.893
5059,LSTM,2013-12-20 13:10:00,2568.3618,2628.566
5059,LSTM,2013-12-20 13:20:00,2618.5422,2604.3606
5059,LSTM,2013-12-20 13:30:00,2665.7302,2604.071
5059,LSTM,2013-12-20 13:40:00,2900.3716,2614.8623
5059,LSTM,2013-12-20 13:50:00,2662.6619,2696.322
5059,LSTM,2013-12-20 14:00:00,2651.5894,2667.401
5059,LSTM,2013-12-20 14:10:00,2596.082,2648.8774
5059,LSTM,2013-12-20 14:20:00,2519.1433,2617.8108
5059,LSTM,2013-12-20 14:30:00,2734.3699,2569.1406
5059,LSTM,2013-12-20 14:40:00,2823.1987,2614.4312
5059,LSTM,2013-12-20 14:50:00,2617.3066,2662.4429
5059,LSTM,2013-12-20 15:00:00,2674.8652,2623.5203
5059,LSTM,2013-12-20 15:10:00,2548.0388,2620.9128
5059,LSTM,2013-12-20 15:20:00,2558.9575,2573.9414
5059,LSTM,2013-12-20 15:30:00,2391.4993,2543.1504
5059,LSTM,2013-12-20 15:40:00,2764.4683,2448.1719
5059,LSTM,2013-12-20 15:50:00,2595.302,2552.14
5059,LSTM,2013-12-20 16:00:00,2626.2993,2535.5159
5059,LSTM,2013-12-20 16:10:00,2673.3782,2540.2666
5059,LSTM,2013-12-20 16:20:00,2455.5232,2556.925
5059,LSTM,2013-12-20 16:30:00,2262.6885,2484.6663
5059,LSTM,2013-12-20 16:40:00,2273.0952,2352.6567
5059,LSTM,2013-12-20 16:50:00,2120.3896,2279.099
5059,LSTM,2013-12-20 17:00:00,2335.026,2162.3616
5059,LSTM,2013-12-20 17:10:00,2156.287,2184.7537
5059,LSTM,2013-12-20 17:20:00,2015.8969,2112.147
5059,LSTM,2013-12-20 17:30:00,2134.4436,2006.8181
5059,LSTM,2013-12-20 17:40:00,1919.2555,1994.6627
5059,LSTM,2013-12-20 17:50:00,1839.2902,1890.2715
5059,LSTM,2013-12-20 18:00:00,1951.7673,1792.144
5059,LSTM,2013-12-20 18:10:00,1644.755,1780.3352
5059,LSTM,2013-12-20 18:20:00,1486.1348,1637.1746
5059,LSTM,2013-12-20 18:30:00,1693.2423,1493.2871
5059,LSTM,2013-12-20 18:40:00,1344.2494,1498.8812
5059,LSTM,2013-12-20 18:50:00,1241.1987,1369.9672
5059,LSTM,2013-12-20 19:00:00,1227.9812,1260.1102
5059,LSTM,2013-12-20 19:10:00,1140.5072,1191.1455
5059,LSTM,2013-12-20 19:20:00,1019.19055,1117.8712
5059,LSTM,2013-12-20 19:30:00,927.6131,1031.1934
5059,LSTM,2013-12-20 19:40:00,860.2623,947.55945
5059,LSTM,2013-12-20 19:50:00,789.0069,875.1076
5059,LSTM,2013-12-20 20:00:00,744.62024,807.13696
5059,LSTM,2013-12-20 20:10:00,782.2459,751.7787
5059,LSTM,2013-12-20 20:20:00,736.78107,732.51184
5059,LSTM,2013-12-20 20:30:00,696.86,705.66724
5059,LSTM,2013-12-20 20:40:00,733.6609,669.79706
5059,LSTM,2013-12-20 20:50:00,721.83344,663.87585
5059,LSTM,2013-12-20 21:00:00,662.12854,657.3611
5059,LSTM,2013-12-20 21:10:00,703.3142,632.0572
5059,LSTM,2013-12-20 21:20:00,637.8367,636.7477
5059,LSTM,2013-12-20 21:30:00,693.22076,615.256
5059,LSTM,2013-12-20 21:40:00,601.387,628.9424
5059,LSTM,2013-12-20 21:50:00,664.32275,601.82214
5059,LSTM,2013-12-20 22:00:00,564.0374,614.2156
5059,LSTM,2013-12-20 22:10:00,487.86606,583.19354
5059,LSTM,2013-12-20 22:20:00,539.56445,533.97144
5059,LSTM,2013-12-20 22:30:00,738.7419,525.9534
5059,LSTM,2013-12-20 22:40:00,1177.4384,605.6286
5059,LSTM,2013-12-20 22:50:00,832.1246,820.6503
5059,LSTM,2013-12-20 23:00:00,696.6468,841.3108
5059,LSTM,2013-12-20 23:10:00,505.417,807.35205
5059,LSTM,2013-12-20 23:20:00,790.2082,711.1798
5059,LSTM,2013-12-20 23:30:00,458.1687,761.59235
5059,LSTM,2013-12-20 23:40:00,404.18,652.31433
5059,LSTM,2013-12-20 23:50:00,392.979,545.5617
5059,LSTM,2013-12-21 00:00:00,361.36307,478.27008
5059,LSTM,2013-12-21 00:10:00,361.5745,424.3697
5059,LSTM,2013-12-21 00:20:00,322.63083,389.0093
5059,LSTM,2013-12-21 00:30:00,308.55063,349.08548
5059,LSTM,2013-12-21 00:40:00,308.66302,316.857
5059,LSTM,2013-12-21 00:50:00,316.9625,295.84915
5059,LSTM,2013-12-21 01:00:00,297.1868,285.55984
5059,LSTM,2013-12-21 01:10:00,320.12656,270.90527
5059,LSTM,2013-12-21 01:20:00,315.64932,271.64594
5059,LSTM,2013-12-21 01:30:00,277.5032,271.04355
5059,LSTM,2013-12-21 01:40:00,282.7768,256.60852
5059,LSTM,2013-12-21 01:50:00,296.1383,250.7462
5059,LSTM,2013-12-21 02:00:00,279.48264,254.14671
5059,LSTM,2013-12-21 02:10:00,274.27963,250.92609
5059,LSTM,2013-12-21 02:20:00,257.2602,248.21732
5059,LSTM,2013-12-21 02:30:00,250.54742,241.39409
5059,LSTM,2013-12-21 02:40:00,319.1933,236.46
5059,LSTM,2013-12-21 02:50:00,255.39021,263.79764
5059,LSTM,2013-12-21 03:00:00,269.69437,255.76852
5059,LSTM,2013-12-21 03:10:00,265.03293,256.99606
5059,LSTM,2013-12-21 03:20:00,273.5162,256.04703
5059,LSTM,2013-12-21 03:30:00,287.6533,260.36096
5059,LSTM,2013-12-21 03:40:00,283.76547,268.3136
5059,LSTM,2013-12-21 03:50:00,275.07043,272.05804
5059,LSTM,2013-12-21 04:00:00,292.82037,272.82474
5059,LSTM,2013-12-21 04:10:00,332.5462,282.19995
5059,LSTM,2013-12-21 04:20:00,310.3698,307.69293
5059,LSTM,2013-12-21 04:30:00,288.39502,315.10516
5059,LSTM,2013-12-21 04:40:00,300.36313,310.35135
5059,LSTM,2013-12-21 04:50:00,302.14236,312.94586
5059,LSTM,2013-12-21 05:00:00,321.63306,315.67685
5059,LSTM,2013-12-21 05:10:00,279.65805,326.442
5059,LSTM,2013-12-21 05:20:00,313.6889,314.2805
5059,LSTM,2013-12-21 05:30:00,313.98743,321.51944
5059,LSTM,2013-12-21 05:40:00,310.84875,325.94415
5059,LSTM,2013-12-21 05:50:00,316.01263,327.21725
5059,LSTM,2013-12-21 06:00:00,323.74387,330.24997
5059,LSTM,2013-12-21 06:10:00,301.79507,335.44278
5059,LSTM,2013-12-21 06:20:00,326.47913,328.35715
5059,LSTM,2013-12-21 06:30:00,342.92157,334.5402
5059,LSTM,2013-12-21 06:40:00,296.91846,346.05603
5059,LSTM,2013-12-21 06:50:00,335.83932,332.70404
5059,LSTM,2013-12-21 07:00:00,374.44254,340.96008
5059,LSTM,2013-12-21 07:10:00,345.98758,364.4373
5059,LSTM,2013-12-21 07:20:00,423.27612,367.01398
5059,LSTM,2013-12-21 07:30:00,409.35822,404.98154
5059,LSTM,2013-12-21 07:40:00,468.22766,424.5198
5059,LSTM,2013-12-21 07:50:00,520.4716,465.59314
5059,LSTM,2013-12-21 08:00:00,583.5124,518.2184
5059,LSTM,2013-12-21 08:10:00,506.6174,584.14044
5059,LSTM,2013-12-21 08:20:00,730.40265,593.2515
5059,LSTM,2013-12-21 08:30:00,708.8068,705.0058
5059,LSTM,2013-12-21 08:40:00,748.7587,769.96893
5059,LSTM,2013-12-21 08:50:00,776.95844,829.45746
5059,LSTM,2013-12-21 09:00:00,834.7816,873.7411
5059,LSTM,2013-12-21 09:10:00,927.014,924.9775
5059,LSTM,2013-12-21 09:20:00,1075.7583,993.7142
5059,LSTM,2013-12-21 09:30:00,1118.0957,1096.7175
5059,LSTM,2013-12-21 09:40:00,1275.7828,1179.3396
5059,LSTM,2013-12-21 09:50:00,1225.114,1292.2997
5059,LSTM,2013-12-21 10:00:00,1428.2644,1345.9485
5059,LSTM,2013-12-21 10:10:00,1449.5228,1453.6539
5059,LSTM,2013-12-21 10:20:00,1457.4513,1527.7051
5059,LSTM,2013-12-21 10:30:00,1642.2819,1581.677
5059,LSTM,2013-12-21 10:40:00,1650.584,1674.1335
5059,LSTM,2013-12-21 10:50:00,1815.624,1737.9342
5059,LSTM,2013-12-21 11:00:00,1969.3022,1830.779
5059,LSTM,2013-12-21 11:10:00,1965.299,1931.9324
5059,LSTM,2013-12-21 11:20:00,2041.4291,2003.9526
5059,LSTM,2013-12-21 11:30:00,2129.975,2076.484
5059,LSTM,2013-12-21 11:40:00,2113.1958,2150.1714
5059,LSTM,2013-12-21 11:50:00,2121.882,2198.3755
5059,LSTM,2013-12-21 12:00:00,2164.9207,2228.6396
5059,LSTM,2013-12-21 12:10:00,2325.1907,2259.7717
5059,LSTM,2013-12-21 12:20:00,2355.1353,2326.0217
5059,LSTM,2013-12-21 12:30:00,2386.17,2375.785
5059,LSTM,2013-12-21 12:40:00,2157.8718,2414.8484
5059,LSTM,2013-12-21 12:50:00,2452.4163,2360.6423
5059,LSTM,2013-12-21 13:00:00,2294.8982,2422.5664
5059,LSTM,2013-12-21 13:10:00,2495.4827,2400.7434
5059,LSTM,2013-12-21 13:20:00,2569.2935,2452.5479
5059,LSTM,2013-12-21 13:30:00,2397.1416,2503.649
5059,LSTM,2013-12-21 13:40:00,2213.5137,2476.1667
5059,LSTM,2013-12-21 13:50:00,2490.4226,2389.4583
5059,LSTM,2013-12-21 14:00:00,2579.4656,2436.6926
5059,LSTM,2013-12-21 14:10:00,2429.455,2485.394
5059,LSTM,2013-12-21 14:20:00,2475.544,2461.2737
5059,LSTM,2013-12-21 14:30:00,2627.732,2461.3586
5059,LSTM,2013-12-21 14:40:00,2615.4873,2509.6045
5059,LSTM,2013-12-21 14:50:00,2511.2036,2532.4849
5059,LSTM,2013-12-21 15:00:00,2755.5808,2514.5017
5059,LSTM,2013-12-21 15:10:00,2681.3354,2584.095
5059,LSTM,2013-12-21 15:20:00,2624.8208,2601.347
5059,LSTM,2013-12-21 15:30:00,2838.9736,2596.7231
5059,LSTM,2013-12-21 15:40:00,2782.5344,2665.1821
5059,LSTM,2013-12-21 15:50:00,2546.956,2688.2195
5059,LSTM,2013-12-21 16:00:00,2749.6194,2628.8054
5059,LSTM,2013-12-21 16:10:00,2715.9995,2660.3997
5059,LSTM,2013-12-21 16:20:00,2544.2124,2666.4175
5059,LSTM,2013-12-21 16:30:00,2755.3923,2613.2568
5059,LSTM,2013-12-21 16:40:00,2733.1387,2650.4084
5059,LSTM,2013-12-21 16:50:00,2625.955,2659.2869
5059,LSTM,2013-12-21 17:00:00,2288.752,2630.8389
5059,LSTM,2013-12-21 17:10:00,2231.908,2468.106
5059,LSTM,2013-12-21 17:20:00,2133.056,2339.008
5059,LSTM,2013-12-21 17:30:00,2152.1133,2211.5479
5059,LSTM,2013-12-21 17:40:00,1993.8711,2135.973
5059,LSTM,2013-12-21 17:50:00,1951.8522,2011.5062
5059,LSTM,2013-12-21 18:00:00,1813.9457,1914.3514
5059,LSTM,2013-12-21 18:10:00,1655.6824,1789.7493
5059,LSTM,2013-12-21 18:20:00,1597.5039,1640.6824
5059,LSTM,2013-12-21 18:30:00,1325.4286,1540.0292
5059,LSTM,2013-12-21 18:40:00,1457.4199,1387.1805
5059,LSTM,2013-12-21 18:50:00,1450.1373,1348.1387
5059,LSTM,2013-12-21 19:00:00,1219.9037,1318.561
5059,LSTM,2013-12-21 19:10:00,1292.1918,1216.2113
5059,LSTM,2013-12-21 19:20:00,1162.7396,1183.7733
5059,LSTM,2013-12-21 19:30:00,1148.6572,1116.7213
5059,LSTM,2013-12-21 19:40:00,1033.7631,1073.714
5059,LSTM,2013-12-21 19:50:00,946.29254,1007.87854
5059,LSTM,2013-12-21 20:00:00,943.5213,939.25586
5059,LSTM,2013-12-21 20:10:00,952.71265,899.3271
5059,LSTM,2013-12-21 20:20:00,890.1043,879.8287
5059,LSTM,2013-12-21 20:30:00,913.24146,847.446
5059,LSTM,2013-12-21 20:40:00,859.0975,838.4495
5059,LSTM,2013-12-21 20:50:00,780.55316,815.99695
5059,LSTM,2013-12-21 21:00:00,788.2426,777.463
5059,LSTM,2013-12-21 21:10:00,706.01117,758.61487
5059,LSTM,2013-12-21 21:20:00,683.7204,720.65594
5059,LSTM,2013-12-21 21:30:00,653.22577,691.9479
5059,LSTM,2013-12-21 21:40:00,590.1952,658.356
5059,LSTM,2013-12-21 21:50:00,508.78333,612.57104
5059,LSTM,2013-12-21 22:00:00,559.7363,551.7282
5059,LSTM,2013-12-21 22:10:00,489.1154,536.14984
5059,LSTM,2013-12-21 22:20:00,517.43915,497.69565
5059,LSTM,2013-12-21 22:30:00,570.5882,486.6502
5059,LSTM,2013-12-21 22:40:00,525.5759,502.2919
5059,LSTM,2013-12-21 22:50:00,463.4319,495.4088
5059,LSTM,2013-12-21 23:00:00,485.27408,467.33563
5059,LSTM,2013-12-21 23:10:00,469.79868,459.86197
5059,LSTM,2013-12-21 23:20:00,406.76755,450.56085
5059,LSTM,2013-12-21 23:30:00,498.5281,420.01123
5059,LSTM,2013-12-21 23:40:00,419.483,439.95087
5059,LSTM,2013-12-21 23:50:00,313.36545,421.049
5059,LSTM,2013-12-22 00:00:00,311.2208,366.81848
5059,LSTM,2013-12-22 00:10:00,285.27692,332.6854
5059,LSTM,2013-12-22 00:20:00,287.1131,301.16513
5059,LSTM,2013-12-22 00:30:00,288.16458,282.31815
5059,LSTM,2013-12-22 00:40:00,265.65384,271.396
5059,LSTM,2013-12-22 00:50:00,327.46786,255.75427
5059,LSTM,2013-12-22 01:00:00,274.27466,271.37027
5059,LSTM,2013-12-22 01:10:00,263.7229,260.57175
5059,LSTM,2013-12-22 01:20:00,257.9314,250.10765
5059,LSTM,2013-12-22 01:30:00,210.99529,241.906
5059,LSTM,2013-12-22 01:40:00,235.38518,218.4532
5059,LSTM,2013-12-22 01:50:00,244.28406,213.9335
5059,LSTM,2013-12-22 02:00:00,207.78162,215.18962
5059,LSTM,2013-12-22 02:10:00,191.04721,202.27827
5059,LSTM,2013-12-22 02:20:00,239.0879,187.87863
5059,LSTM,2013-12-22 02:30:00,235.65778,198.87218
5059,LSTM,2013-12-22 02:40:00,192.75902,205.5653
5059,LSTM,2013-12-22 02:50:00,211.66522,193.304
5059,LSTM,2013-12-22 03:00:00,198.14497,193.59433
5059,LSTM,2013-12-22 03:10:00,188.68126,189.07596
5059,LSTM,2013-12-22 03:20:00,197.03189,182.91498
5059,LSTM,2013-12-22 03:30:00,207.60875,182.62662
5059,LSTM,2013-12-22 03:40:00,194.52625,187.45242
5059,LSTM,2013-12-22 03:50:00,199.42442,185.49457
5059,LSTM,2013-12-22 04:00:00,191.96487,186.24785
5059,LSTM,2013-12-22 04:10:00,184.78975,184.06723
5059,LSTM,2013-12-22 04:20:00,202.44556,180.00891
5059,LSTM,2013-12-22 04:30:00,188.9675,184.78094
5059,LSTM,2013-12-22 04:40:00,196.66335,182.72786
5059,LSTM,2013-12-22 04:50:00,218.4388,184.68799
5059,LSTM,2013-12-22 05:00:00,204.28622,195.39679
5059,LSTM,2013-12-22 05:10:00,204.22127,198.31697
5059,LSTM,2013-12-22 05:20:00,212.75473,200.70198
5059,LSTM,2013-12-22 05:30:00,201.71213,206.62555
5059,LSTM,2013-12-22 05:40:00,182.26083,205.53242
5059,LSTM,2013-12-22 05:50:00,215.85309,196.1671
5059,LSTM,2013-12-22 06:00:00,209.48022,205.3985
5059,LSTM,2013-12-22 06:10:00,202.72679,208.56084
5059,LSTM,2013-12-22 06:20:00,241.69568,207.53957
5059,LSTM,2013-12-22 06:30:00,212.7093,225.2914
5059,LSTM,2013-12-22 06:40:00,195.13115,224.0925
5059,LSTM,2013-12-22 06:50:00,250.33661,214.77771
5059,LSTM,2013-12-22 07:00:00,234.88385,233.97284
5059,LSTM,2013-12-22 07:10:00,237.84229,239.83034
5059,LSTM,2013-12-22 07:20:00,284.89966,245.11826
5059,LSTM,2013-12-22 07:30:00,271.18427,270.5963
5059,LSTM,2013-12-22 07:40:00,261.90845,281.8108
5059,LSTM,2013-12-22 07:50:00,294.08463,285.06497
5059,LSTM,2013-12-22 08:00:00,349.03415,302.10446
5059,LSTM,2013-12-22 08:10:00,349.05515,339.07693
5059,LSTM,2013-12-22 08:20:00,378.0785,364.24
5059,LSTM,2013-12-22 08:30:00,424.97806,395.00742
5059,LSTM,2013-12-22 08:40:00,469.05362,437.62415
5059,LSTM,2013-12-22 08:50:00,553.50824,487.16443
5059,LSTM,2013-12-22 09:00:00,689.464,560.4747
5059,LSTM,2013-12-22 09:10:00,631.2228,674.0949
5059,LSTM,2013-12-22 09:20:00,707.78723,723.71655
5059,LSTM,2013-12-22 09:30:00,766.17035,793.3968
5059,LSTM,2013-12-22 09:40:00,803.8872,860.8665
5059,LSTM,2013-12-22 09:50:00,971.2718,913.70447
5059,LSTM,2013-12-22 10:00:00,1046.3397,1013.62256
5059,LSTM,2013-12-22 10:10:00,1230.1508,1106.7131
5059,LSTM,2013-12-22 10:20:00,1127.9285,1235.5927
5059,LSTM,2013-12-22 10:30:00,1449.8252,1282.0466
5059,LSTM,2013-12-22 10:40:00,1383.4529,1415.8422
5059,LSTM,2013-12-22 10:50:00,1643.272,1486.6085
5059,LSTM,2013-12-22 11:00:00,1733.9001,1604.4128
5059,LSTM,2013-12-22 11:10:00,1675.9011,1712.5309
5059,LSTM,2013-12-22 11:20:00,1833.2424,1780.7675
5059,LSTM,2013-12-22 11:30:00,1764.0161,1870.8956
5059,LSTM,2013-12-22 11:40:00,2001.0841,1918.918
5059,LSTM,2013-12-22 11:50:00,1983.3839,2013.4672
5059,LSTM,2013-12-22 12:00:00,2070.5903,2074.1763
5059,LSTM,2013-12-22 12:10:00,2207.3523,2139.6428
5059,LSTM,2013-12-22 12:20:00,2090.5422,2218.758
5059,LSTM,2013-12-22 12:30:00,1998.6561,2235.9404
5059,LSTM,2013-12-22 12:40:00,2118.2163,2212.888
5059,LSTM,2013-12-22 12:50:00,2046.2312,2231.475
5059,LSTM,2013-12-22 13:00:00,2005.1089,2212.0479
5059,LSTM,2013-12-22 13:10:00,2134.599,2168.1353
5059,LSTM,2013-12-22 13:20:00,2146.1335,2185.137
5059,LSTM,2013-12-22 13:30:00,2083.6038,2189.8953
5059,LSTM,2013-12-22 13:40:00,2265.5215,2157.7354
5059,LSTM,2013-12-22 13:50:00,2261.104,2210.6226
5059,LSTM,2013-12-22 14:00:00,2310.0315,2233.9622
5059,LSTM,2013-12-22 14:10:00,2401.2407,2265.925
5059,LSTM,2013-12-22 14:20:00,2304.6191,2312.6755
5059,LSTM,2013-12-22 14:30:00,2281.7644,2307.9177
5059,LSTM,2013-12-22 14:40:00,2348.873,2297.4705
5059,LSTM,2013-12-22 14:50:00,2395.8262,2315.5208
5059,LSTM,2013-12-22 15:00:00,2172.3374,2341.9316
5059,LSTM,2013-12-22 15:10:00,2329.1118,2265.284
5059,LSTM,2013-12-22 15:20:00,2651.8508,2284.6418
5059,LSTM,2013-12-22 15:30:00,2556.0718,2411.0842
5059,LSTM,2013-12-22 15:40:00,2471.201,2446.9395
5059,LSTM,2013-12-22 15:50:00,2486.2014,2447.6653
5059,LSTM,2013-12-22 16:00:00,2402.3154,2455.5444
5059,LSTM,2013-12-22 16:10:00,2440.9219,2433.9846
5059,LSTM,2013-12-22 16:20:00,2260.968,2433.78
5059,LSTM,2013-12-22 16:30:00,2325.243,2349.6702
5059,LSTM,2013-12-22 16:40:00,2008.1633,2324.8784
5059,LSTM,2013-12-22 16:50:00,2312.8545,2164.5547
5059,LSTM,2013-12-22 17:00:00,1884.4529,2200.3179
5059,LSTM,2013-12-22 17:10:00,2071.2512,2022.9814
5059,LSTM,2013-12-22 17:20:00,1986.6576,1998.3291
5059,LSTM,2013-12-22 17:30:00,1833.1049,1938.1018
5059,LSTM,2013-12-22 17:40:00,1691.1322,1830.8376
5059,LSTM,2013-12-22 17:50:00,1681.0178,1702.2495
5059,LSTM,2013-12-22 18:00:00,1457.5157,1616.5181
5059,LSTM,2013-12-22 18:10:00,1255.7268,1465.9729
5059,LSTM,2013-12-22 18:20:00,1255.9373,1323.3009
5059,LSTM,2013-12-22 18:30:00,1104.2017,1240.4316
5059,LSTM,2013-12-22 18:40:00,929.8861,1134.67
5059,LSTM,2013-12-22 18:50:00,896.4366,1009.6158
5059,LSTM,2013-12-22 19:00:00,807.0841,923.92163
5059,LSTM,2013-12-22 19:10:00,1002.8872,840.0405
5059,LSTM,2013-12-22 19:20:00,794.06885,858.9394
5059,LSTM,2013-12-22 19:30:00,773.29156,796.1503
5059,LSTM,2013-12-22 19:40:00,666.1855,753.3218
5059,LSTM,2013-12-22 19:50:00,663.61017,690.9075
5059,LSTM,2013-12-22 20:00:00,622.58167,642.9295
5059,LSTM,2013-12-22 20:10:00,596.79895,597.8034
5059,LSTM,2013-12-22 20:20:00,650.94525,561.7387
5059,LSTM,2013-12-22 20:30:00,500.13675,564.43976
5059,LSTM,2013-12-22 20:40:00,519.0877,506.4283
5059,LSTM,2013-12-22 20:50:00,522.98975,481.06232
5059,LSTM,2013-12-22 21:00:00,535.3907,470.65463
5059,LSTM,2013-12-22 21:10:00,484.15634,471.4394
5059,LSTM,2013-12-22 21:20:00,455.881,454.48892
5059,LSTM,2013-12-22 21:30:00,444.85416,435.20325
5059,LSTM,2013-12-22 21:40:00,423.2269,420.95984
5059,LSTM,2013-12-22 21:50:00,406.41708,405.21167
5059,LSTM,2013-12-22 22:00:00,471.26862,390.5871
5059,LSTM,2013-12-22 22:10:00,413.95032,409.33914
5059,LSTM,2013-12-22 22:20:00,342.5726,398.90277
5059,LSTM,2013-12-22 22:30:00,381.97705,364.86166
5059,LSTM,2013-12-22 22:40:00,298.52628,360.42584
5059,LSTM,2013-12-22 22:50:00,353.7261,324.12482
5259,MLP,2013-12-16 04:00:00,169.25966,166.53998
5259,MLP,2013-12-16 04:10:00,178.00412,173.64716
5259,MLP,2013-12-16 04:20:00,168.92126,164.29736
5259,MLP,2013-12-16 04:30:00,171.16241,159.62276
5259,MLP,2013-12-16 04:40:00,205.22343,167.10982
5259,MLP,2013-12-16 04:50:00,189.87572,185.74503
5259,MLP,2013-12-16 05:00:00,199.52766,181.71713
5259,MLP,2013-12-16 05:10:00,182.89713,199.87997
5259,MLP,2013-12-16 05:20:00,229.88231,184.88976
5259,MLP,2013-12-16 05:30:00,194.64496,211.20505
5259,MLP,2013-12-16 05:40:00,224.58917,214.04652
5259,MLP,2013-12-16 05:50:00,237.17328,229.69666
5259,MLP,2013-12-16 06:00:00,303.32068,225.43109
5259,MLP,2013-12-16 06:10:00,308.52094,294.00546
5259,MLP,2013-12-16 06:20:00,344.40997,319.67474
5259,MLP,2013-12-16 06:30:00,428.8805,351.43158
5259,MLP,2013-12-16 06:40:00,472.67004,439.40704
5259,MLP,2013-12-16 06:50:00,609.2558,504.1515
5259,MLP,2013-12-16 07:00:00,728.3173,652.52875
5259,MLP,2013-12-16 07:10:00,860.0231,806.6399
5259,MLP,2013-12-16 07:20:00,1125.8514,992.70465
5259,MLP,2013-12-16 07:30:00,1168.1613,1238.7069
5259,MLP,2013-12-16 07:40:00,1387.155,1387.6437
5259,MLP,2013-12-16 07:50:00,1756.5062,1582.2058
5259,MLP,2013-12-16 08:00:00,2052.4333,1854.6572
5259,MLP,2013-12-16 08:10:00,2183.5962,2159.9507
5259,MLP,2013-12-16 08:20:00,2043.3541,2323.9065
5259,MLP,2013-12-16 08:30:00,2211.981,2357.1416
5259,MLP,2013-12-16 08:40:00,2340.4595,2402.5764
5259,MLP,2013-12-16 08:50:00,2499.4402,2518.0303
5259,MLP,2013-12-16 09:00:00,2422.3499,2654.8035
5259,MLP,2013-12-16 09:10:00,2569.7798,2628.2803
5259,MLP,2013-12-16 09:20:00,2579.7612,2616.37
5259,MLP,2013-12-16 09:30:00,2654.0537,2625.677
5259,MLP,2013-12-16 09:40:00,2848.7236,2734.4124
5259,MLP,2013-12-16 09:50:00,2786.2073,2840.6301
5259,MLP,2013-12-16 10:00:00,2861.6458,2826.1182
5259,MLP,2013-12-16 10:10:00,2811.4268,2895.8062
5259,MLP,2013-12-16 10:20:00,2873.9026,2896.594
5259,MLP,2013-12-16 10:30:00,2930.763,2975.7954
5259,MLP,2013-12-16 10:40:00,3040.112,2952.3337
5259,MLP,2013-12-16 10:50:00,3118.5771,3011.1255
5259,MLP,2013-12-16 11:00:00,2854.6624,3123.6255
5259,MLP,2013-12-16 11:10:00,2981.6665,3077.6091
5259,MLP,2013-12-16 11:20:00,3125.8438,3138.6812
5259,MLP,2013-12-16 11:30:00,3391.409,3213.5513
5259,MLP,2013-12-16 11:40:00,3522.35,3295.3047
5259,MLP,2013-12-16 11:50:00,3438.2263,3401.4258
5259,MLP,2013-12-16 12:00:00,3530.8872,3464.8494
5259,MLP,2013-12-16 12:10:00,3249.5356,3512.2693
5259,MLP,2013-12-16 12:20:00,3270.1116,3431.7427
5259,MLP,2013-12-16 12:30:00,3355.1326,3369.775
5259,MLP,2013-12-16 12:40:00,3163.86,3356.8564
5259,MLP,2013-12-16 12:50:00,3426.3613,3304.958
5259,MLP,2013-12-16 13:00:00,3390.733,3342.145
5259,MLP,2013-12-16 13:10:00,3217.6746,3364.0164
5259,MLP,2013-12-16 13:20:00,3293.2998,3247.9575
5259,MLP,2013-12-16 13:30:00,3250.9749,3236.7737
5259,MLP,2013-12-16 13:40:00,2988.6755,3264.3394
5259,MLP,2013-12-16 13:50:00,2891.0247,3148.8882
5259,MLP,2013-12-16 14:00:00,2885.945,3055.2617
5259,MLP,2013-12-16 14:10:00,3058.1343,2991.3413
5259,MLP,2013-12-16 14:20:00,2785.3396,3006.8623
5259,MLP,2013-12-16 14:30:00,3014.1555,2898.8708
5259,MLP,2013-12-16 14:40:00,2961.3494,2856.2969
5259,MLP,2013-12-16 14:50:00,2770.2827,2932.5322
5259,MLP,2013-12-16 15:00:00,2893.5415,2780.332
5259,MLP,2013-12-16 15:10:00,3021.9102,2829.3025
5259,MLP,2013-12-16 15:20:00,3028.2185,2872.608
5259,MLP,2013-12-16 15:30:00,3020.55,2846.3428
5259,MLP,2013-12-16 15:40:00,2886.4558,2947.403
5259,MLP,2013-12-16 15:50:00,2971.2048,2876.6934
5259,MLP,2013-12-16 16:00:00,2918.5884,2836.29
5259,MLP,2013-12-16 16:10:00,2771.499,2892.0205
5259,MLP,2013-12-16 16:20:00,2934.1196,2773.45
5259,MLP,2013-12-16 16:30:00,2954.7515,2807.714
5259,MLP,2013-12-16 16:40:00,2941.6682,2783.6853
5259,MLP,2013-12-16 16:50:00,2747.211,2821.3083
5259,MLP,2013-12-16 17:00:00,2658.7869,2746.7405
5259,MLP,2013-12-16 17:10:00,2650.0586,2627.6401
5259,MLP,2013-12-16 17:20:00,2317.7249,2638.2312
5259,MLP,2013-12-16 17:30:00,2560.4683,2491.0918
5259,MLP,2013-12-16 17:40:00,2174.4463,2451.9692
5259,MLP,2013-12-16 17:50:00,2060.105,2275.8787
5259,MLP,2013-12-16 18:00:00,2025.3451,2134.302
5259,MLP,2013-12-16 18:10:00,1840.8708,2050.4336
5259,MLP,2013-12-16 18:20:00,1864.1748,1888.8062
5259,MLP,2013-12-16 18:30:00,1815.9196,1781.6752
5259,MLP,2013-12-16 18:40:00,1556.177,1726.6648
5259,MLP,2013-12-16 18:50:00,1483.8279,1536.9272
5259,MLP,2013-12-16 19:00:00,1350.4185,1451.9119
5259,MLP,2013-12-16 19:10:00,1286.6212,1326.2421
5259,MLP,2013-12-16 19:20:00,1215.8221,1275.2911
5259,MLP,2013-12-16 19:30:00,1162.7462,1197.4078
5259,MLP,2013-12-16 19:40:00,1167.423,1099.5085
5259,MLP,2013-12-16 19:50:00,962.3014,1115.086
5259,MLP,2013-12-16 20:00:00,951.89545,997.3291
5259,MLP,2013-12-16 20:10:00,927.24634,923.40094
5259,MLP,2013-12-16 20:20:00,875.95105,898.1687
5259,MLP,2013-12-16 20:30:00,853.0675,885.3407
5259,MLP,2013-12-16 20:40:00,817.6552,845.0559
5259,MLP,2013-12-16 20:50:00,764.6574,814.4257
5259,MLP,2013-12-16 21:00:00,819.1556,773.2545
5259,MLP,2013-12-16 21:10:00,746.0707,754.30176
5259,MLP,2013-12-16 21:20:00,672.63776,720.27515
5259,MLP,2013-12-16 21:30:00,686.4749,711.73956
5259,MLP,2013-12-16 21:40:00,691.57684,682.5421
5259,MLP,2013-12-16 21:50:00,721.8354,693.8457
5259,MLP,2013-12-16 22:00:00,670.4379,681.26544
5259,MLP,2013-12-16 22:10:00,651.57837,627.3767
5259,MLP,2013-12-16 22:20:00,609.9294,643.1645
5259,MLP,2013-12-16 22:30:00,588.9925,629.95764
5259,MLP,2013-12-16 22:40:00,525.4099,606.06714
5259,MLP,2013-12-16 22:50:00,516.77344,560.7616
5259,MLP,2013-12-16 23:00:00,467.06073,542.8254
5259,MLP,2013-12-16 23:10:00,495.03104,485.52884
5259,MLP,2013-12-16 23:20:00,440.19058,473.62744
5259,MLP,2013-12-16 23:30:00,458.8445,458.92358
5259,MLP,2013-12-16 23:40:00,489.79425,459.9243
5259,MLP,2013-12-16 23:50:00,408.49872,449.3288
5259,MLP,2013-12-17 00:00:00,388.28894,421.02072
5259,MLP,2013-12-17 00:10:00,415.64603,398.61
5259,MLP,2013-12-17 00:20:00,387.5084,408.73245
5259,MLP,2013-12-17 00:30:00,314.92847,394.07288
5259,MLP,2013-12-17 00:40:00,360.4596,337.86063
5259,MLP,2013-12-17 00:50:00,302.23495,349.64438
5259,MLP,2013-12-17 01:00:00,288.7284,335.98267
5259,MLP,2013-12-17 01:10:00,350.71536,319.87512
5259,MLP,2013-12-17 01:20:00,315.43918,318.14453
5259,MLP,2013-12-17 01:30:00,325.187,303.5252
5259,MLP,2013-12-17 01:40:00,376.63162,324.61334
5259,MLP,2013-12-17 01:50:00,344.88116,349.85086
5259,MLP,2013-12-17 02:00:00,306.31808,333.3827
5259,MLP,2013-12-17 02:10:00,379.13046,336.2536
5259,MLP,2013-12-17 02:20:00,325.17874,367.29996
5259,MLP,2013-12-17 02:30:00,319.2871,334.1083
5259,MLP,2013-12-17 02:40:00,333.00015,336.95337
5259,MLP,2013-12-17 02:50:00,284.91956,325.5007
5259,MLP,2013-12-17 03:00:00,282.09207,293.88916
5259,MLP,2013-12-17 03:10:00,316.85693,294.32538
5259,MLP,2013-12-17 03:20:00,279.53867,298.8661
5259,MLP,2013-12-17 03:30:00,316.08957,269.52957
5259,MLP,2013-12-17 03:40:00,313.36972,310.21735
5259,MLP,2013-12-17 03:50:00,296.68118,301.89285
5259,MLP,2013-12-17 04:00:00,290.39072,276.5088
5259,MLP,2013-12-17 04:10:00,339.114,303.03738
5259,MLP,2013-12-17 04:20:00,308.09247,331.21878
5259,MLP,2013-12-17 04:30:00,294.46112,310.11047
5259,MLP,2013-12-17 04:40:00,315.0319,308.28284
5259,MLP,2013-12-17 04:50:00,331.99133,312.02295
5259,MLP,2013-12-17 05:00:00,317.041,316.0977
5259,MLP,2013-12-17 05:10:00,330.7334,327.67603
5259,MLP,2013-12-17 05:20:00,338.5261,333.29706
5259,MLP,2013-12-17 05:30:00,311.98495,326.96432
5259,MLP,2013-12-17 05:40:00,377.2446,327.33203
5259,MLP,2013-12-17 05:50:00,364.60797,367.88297
5259,MLP,2013-12-17 06:00:00,463.99982,361.46964
5259,MLP,2013-12-17 06:10:00,515.5596,455.56473
5259,MLP,2013-12-17 06:20:00,516.2354,519.95874
5259,MLP,2013-12-17 06:30:00,538.05585,541.3081
5259,MLP,2013-12-17 06:40:00,723.5852,583.86066
5259,MLP,2013-12-17 06:50:00,763.5819,770.6997
5259,MLP,2013-12-17 07:00:00,728.2444,865.4681
5259,MLP,2013-12-17 07:10:00,929.1893,878.9154
5259,MLP,2013-12-17 07:20:00,1197.8625,1057.9048
5259,MLP,2013-12-17 07:30:00,1237.74,1265.5022
5259,MLP,2013-12-17 07:40:00,1657.8983,1405.2991
5259,MLP,2013-12-17 07:50:00,1860.2917,1743.1719
5259,MLP,2013-12-17 08:00:00,2083.8604,1982.8318
5259,MLP,2013-12-17 08:10:00,2054.5942,2190.1667
5259,MLP,2013-12-17 08:20:00,2340.4487,2296.6235
5259,MLP,2013-12-17 08:30:00,2494.3694,2480.8833
5259,MLP,2013-12-17 08:40:00,2697.0933,2649.901
5259,MLP,2013-12-17 08:50:00,2653.805,2824.9531
5259,MLP,2013-12-17 09:00:00,2913.4268,2864.9922
5259,MLP,2013-12-17 09:10:00,2943.049,2902.71
5259,MLP,2013-12-17 09:20:00,2912.6917,3022.6814
5259,MLP,2013-12-17 09:30:00,2882.7917,3020.3594
5259,MLP,2013-12-17 09:40:00,2897.9875,3058.7935
5259,MLP,2013-12-17 09:50:00,3178.6436,2982.464
5259,MLP,2013-12-17 10:00:00,2957.539,3117.2507
5259,MLP,2013-12-17 10:10:00,3091.1826,3067.8582
5259,MLP,2013-12-17 10:20:00,2935.6855,3118.9211
5259,MLP,2013-12-17 10:30:00,3038.8826,3028.2856
5259,MLP,2013-12-17 10:40:00,3033.9995,3110.3076
5259,MLP,2013-12-17 10:50:00,3046.005,3145.4805
5259,MLP,2013-12-17 11:00:00,3170.3352,3159.397
5259,MLP,2013-12-17 11:10:00,3287.0544,3211.4177
5259,MLP,2013-12-17 11:20:00,3273.398,3353.176
5259,MLP,2013-12-17 11:30:00,3428.1892,3393.7268
5259,MLP,2013-12-17 11:40:00,3300.2437,3440.4639
5259,MLP,2013-12-17 11:50:00,3524.2598,3405.073
5259,MLP,2013-12-17 12:00:00,3532.397,3485.754
5259,MLP,2013-12-17 12:10:00,3420.4385,3563.4214
5259,MLP,2013-12-17 12:20:00,3283.0588,3488.5906
5259,MLP,2013-12-17 12:30:00,3427.2717,3384.6008
5259,MLP,2013-12-17 12:40:00,3333.6228,3420.8691
5259,MLP,2013-12-17 12:50:00,3423.7214,3361.095
5259,MLP,2013-12-17 13:00:00,3479.524,3334.8032
5259,MLP,2013-12-17 13:10:00,3253.9463,3376.225
5259,MLP,2013-12-17 13:20:00,3157.2212,3310.9834
5259,MLP,2013-12-17 13:30:00,3336.7227,3288.6946
5259,MLP,2013-12-17 13:40:00,3390.9922,3220.548
5259,MLP,2013-12-17 13:50:00,3404.9238,3327.8435
5259,MLP,2013-12-17 14:00:00,3288.246,3317.6333
5259,MLP,2013-12-17 14:10:00,3316.8,3356.2822
5259,MLP,2013-12-17 14:20:00,3067.6777,3352.3271
5259,MLP,2013-12-17 14:30:00,3504.3923,3226.297
5259,MLP,2013-12-17 14:40:00,3546.8486,3305.047
5259,MLP,2013-12-17 14:50:00,3474.9421,3432.9932
5259,MLP,2013-12-17 15:00:00,3474.5674,3365.2437
5259,MLP,2013-12-17 15:10:00,3764.5303,3427.8013
5259,MLP,2013-12-17 15:20:00,3574.871,3550.3801
5259,MLP,2013-12-17 15:30:00,3395.2378,3509.3628
5259,MLP,2013-12-17 15:40:00,3378.8628,3424.6018
5259,MLP,2013-12-17 15:50:00,3221.695,3397.2178
5259,MLP,2013-12-17 16:00:00,3290.868,3313.0532
5259,MLP,2013-12-17 16:10:00,3329.6926,3247.899
5259,MLP,2013-12-17 16:20:00,3222.8572,3219.8777
5259,MLP,2013-12-17 16:30:00,3108.7495,3187.3015
5259,MLP,2013-12-17 16:40:00,2915.6516,3097.6152
5259,MLP,2013-12-17 16:50:00,2874.3008,3030.4663
5259,MLP,2013-12-17 17:00:00,2772.0293,2896.7427
5259,MLP,2013-12-17 17:10:00,2927.0054,2817.9421
5259,MLP,2013-12-17 17:20:00,2516.4592,2854.7913
5259,MLP,2013-12-17 17:30:00,2449.7654,2715.529
5259,MLP,2013-12-17 17:40:00,2397.9626,2515.3015
5259,MLP,2013-12-17 17:50:00,2353.1257,2396.8179
5259,MLP,2013-12-17 18:00:00,2134.7422,2335.7703
5259,MLP,2013-12-17 18:10:00,2112.6353,2154.3079
5259,MLP,2013-12-17 18:20:00,1947.939,2071.2302
5259,MLP,2013-12-17 18:30:00,1829.2688,1878.7319
5259,MLP,2013-12-17 18:40:00,1907.5632,1800.9227
5259,MLP,2013-12-17 18:50:00,1698.434,1729.4346
5259,MLP,2013-12-17 19:00:00,1633.7745,1607.7306
5259,MLP,2013-12-17 19:10:00,1544.136,1575.519
5259,MLP,2013-12-17 19:20:00,1431.9977,1467.1296
5259,MLP,2013-12-17 19:30:00,1385.274,1416.5564
5259,MLP,2013-12-17 19:40:00,1527.5688,1336.2936
5259,MLP,2013-12-17 19:50:00,1436.9326,1338.7198
5259,MLP,2013-12-17 20:00:00,1300.8353,1295.7703
5259,MLP,2013-12-17 20:10:00,1182.804,1259.5029
5259,MLP,2013-12-17 20:20:00,1130.9696,1159.7593
5259,MLP,2013-12-17 20:30:00,1155.9694,1146.1605
5259,MLP,2013-12-17 20:40:00,1180.3081,1097.9329
5259,MLP,2013-12-17 20:50:00,978.6412,1066.3622
5259,MLP,2013-12-17 21:00:00,988.71124,1003.44385
5259,MLP,2013-12-17 21:10:00,1085.068,983.85895
5259,MLP,2013-12-17 21:20:00,1033.1768,961.7466
5259,MLP,2013-12-17 21:30:00,944.34955,962.7912
5259,MLP,2013-12-17 21:40:00,942.0194,908.78296
5259,MLP,2013-12-17 21:50:00,967.81134,877.42053
5259,MLP,2013-12-17 22:00:00,1005.8289,908.0418
5259,MLP,2013-12-17 22:10:00,907.166,925.35144
5259,MLP,2013-12-17 22:20:00,756.8508,848.10266
5259,MLP,2013-12-17 22:30:00,723.37573,764.2799
5259,MLP,2013-12-17 22:40:00,765.8621,738.3367
5259,MLP,2013-12-17 22:50:00,716.9842,730.6879
5259,MLP,2013-12-17 23:00:00,661.3385,723.7022
5259,MLP,2013-12-17 23:10:00,632.7722,674.1943
5259,MLP,2013-12-17 23:20:00,580.1305,596.72327
5259,MLP,2013-12-17 23:30:00,556.2925,574.5403
5259,MLP,2013-12-17 23:40:00,602.6932,566.61615
5259,MLP,2013-12-17 23:50:00,549.747,563.1252
5259,MLP,2013-12-18 00:00:00,485.12848,537.63416
5259,MLP,2013-12-18 00:10:00,531.80493,481.21896
5259,MLP,2013-12-18 00:20:00,523.7164,475.15872
5259,MLP,2013-12-18 00:30:00,457.69116,505.56885
5259,MLP,2013-12-18 00:40:00,520.6367,469.19858
5259,MLP,2013-12-18 00:50:00,493.67102,445.36395
5259,MLP,2013-12-18 01:00:00,406.31778,453.1847
5259,MLP,2013-12-18 01:10:00,450.19852,462.11273
5259,MLP,2013-12-18 01:20:00,436.3538,457.06946
5259,MLP,2013-12-18 01:30:00,380.04153,427.63998
5259,MLP,2013-12-18 01:40:00,439.22012,389.70197
5259,MLP,2013-12-18 01:50:00,414.0453,418.36612
5259,MLP,2013-12-18 02:00:00,377.93063,422.4306
5259,MLP,2013-12-18 02:10:00,423.2731,414.31363
5259,MLP,2013-12-18 02:20:00,431.6105,405.31516
5259,MLP,2013-12-18 02:30:00,381.568,401.77438
5259,MLP,2013-12-18 02:40:00,433.5383,404.96472
5259,MLP,2013-12-18 02:50:00,402.70056,422.6379
5259,MLP,2013-12-18 03:00:00,372.7359,400.5249
5259,MLP,2013-12-18 03:10:00,415.75565,399.78757
5259,MLP,2013-12-18 03:20:00,406.3473,397.74875
5259,MLP,2013-12-18 03:30:00,371.60526,390.7928
5259,MLP,2013-12-18 03:40:00,420.7162,399.2244
5259,MLP,2013-12-18 03:50:00,392.8665,407.32153
5259,MLP,2013-12-18 04:00:00,370.8636,375.6804
5259,MLP,2013-12-18 04:10:00,419.274,396.07358
5259,MLP,2013-12-18 04:20:00,399.49872,403.4808
5259,MLP,2013-12-18 04:30:00,368.65482,380.6569
5259,MLP,2013-12-18 04:40:00,424.9937,392.65277
5259,MLP,2013-12-18 04:50:00,428.42404,414.53687
5259,MLP,2013-12-18 05:00:00,389.51395,405.1667
5259,MLP,2013-12-18 05:10:00,434.3549,405.93472
5259,MLP,2013-12-18 05:20:00,427.3218,433.12323
5259,MLP,2013-12-18 05:30:00,394.56573,415.3153
5259,MLP,2013-12-18 05:40:00,496.37943,415.10773
5259,MLP,2013-12-18 05:50:00,473.81973,482.01288
5259,MLP,2013-12-18 06:00:00,486.70123,459.44043
5259,MLP,2013-12-18 06:10:00,599.9542,493.3669
5259,MLP,2013-12-18 06:20:00,525.7067,595.1851
5259,MLP,2013-12-18 06:30:00,586.37915,544.01184
5259,MLP,2013-12-18 06:40:00,784.0884,605.9234
5259,MLP,2013-12-18 06:50:00,714.16705,794.6257
5259,MLP,2013-12-18 07:00:00,779.42487,762.03253
5259,MLP,2013-12-18 07:10:00,981.38135,847.24634
5259,MLP,2013-12-18 07:20:00,1149.291,1057.1727
5259,MLP,2013-12-18 07:30:00,1348.9604,1202.2051
5259,MLP,2013-12-18 07:40:00,1568.0529,1425.8481
5259,MLP,2013-12-18 07:50:00,1768.0126,1696.6005
5259,MLP,2013-12-18 08:00:00,2023.6373,1874.6567
5259,MLP,2013-12-18 08:10:00,2272.9026,2121.0889
5259,MLP,2013-12-18 08:20:00,2444.1504,2385.127
5259,MLP,2013-12-18 08:30:00,2440.6448,2581.6426
5259,MLP,2013-12-18 08:40:00,2575.3638,2665.8093
5259,MLP,2013-12-18 08:50:00,2680.1409,2736.819
5259,MLP,2013-12-18 09:00:00,2715.6216,2830.8074
5259,MLP,2013-12-18 09:10:00,2921.397,2842.4446
5259,MLP,2013-12-18 09:20:00,2777.683,2970.4763
5259,MLP,2013-12-18 09:30:00,2773.9453,2908.0693
5259,MLP,2013-12-18 09:40:00,2989.9443,2887.2356
5259,MLP,2013-12-18 09:50:00,2846.941,2977.234
5259,MLP,2013-12-18 10:00:00,2811.032,2936.658
5259,MLP,2013-12-18 10:10:00,3279.4287,2906.2485
5259,MLP,2013-12-18 10:20:00,3163.4817,3117.1333
5259,MLP,2013-12-18 10:30:00,3015.9001,3098.85
5259,MLP,2013-12-18 10:40:00,3284.274,3125.643
5259,MLP,2013-12-18 10:50:00,3299.7688,3254.4724
5259,MLP,2013-12-18 11:00:00,2981.039,3343.2202
5259,MLP,2013-12-18 11:10:00,3214.531,3302.602
5259,MLP,2013-12-18 11:20:00,3171.6145,3378.8914
5259,MLP,2013-12-18 11:30:00,3339.469,3366.4712
5259,MLP,2013-12-18 11:40:00,3410.105,3370.5815
5259,MLP,2013-12-18 11:50:00,3605.2385,3432.3152
5259,MLP,2013-12-18 12:00:00,3426.0024,3501.6665
5259,MLP,2013-12-18 12:10:00,3416.0273,3412.658
5259,MLP,2013-12-18 12:20:00,3399.9404,3432.8425
5259,MLP,2013-12-18 12:30:00,3227.8,3499.4458
5259,MLP,2013-12-18 12:40:00,3338.311,3358.5388
5259,MLP,2013-12-18 12:50:00,3355.9119,3317.1973
5259,MLP,2013-12-18 13:00:00,3166.157,3397.8713
5259,MLP,2013-12-18 13:10:00,3369.87,3290.2876
5259,MLP,2013-12-18 13:20:00,3113.4395,3233.869
5259,MLP,2013-12-18 13:30:00,3275.354,3252.465
5259,MLP,2013-12-18 13:40:00,3055.2415,3171.5332
5259,MLP,2013-12-18 13:50:00,2968.3508,3172.924
5259,MLP,2013-12-18 14:00:00,2976.4424,3055.1736
5259,MLP,2013-12-18 14:10:00,2978.9148,3005.7437
5259,MLP,2013-12-18 14:20:00,2843.1064,2990.8652
5259,MLP,2013-12-18 14:30:00,2873.2676,2910.8188
5259,MLP,2013-12-18 14:40:00,3034.583,2846.5042
5259,MLP,2013-12-18 14:50:00,2952.284,2886.8625
5259,MLP,2013-12-18 15:00:00,2992.3245,2884.1453
5259,MLP,2013-12-18 15:10:00,3030.435,2904.5942
5259,MLP,2013-12-18 15:20:00,2983.1575,2846.7773
5259,MLP,2013-12-18 15:30:00,2836.9736,2961.2224
5259,MLP,2013-12-18 15:40:00,2978.4668,2830.0325
5259,MLP,2013-12-18 15:50:00,3022.2869,2885.2854
5259,MLP,2013-12-18 16:00:00,2991.5867,2881.192
5259,MLP,2013-12-18 16:10:00,2801.4204,2886.2983
5259,MLP,2013-12-18 16:20:00,2843.474,2839.9343
5259,MLP,2013-12-18 16:30:00,2739.062,2785.9001
5259,MLP,2013-12-18 16:40:00,2828.4387,2689.4233
5259,MLP,2013-12-18 16:50:00,2639.4653,2727.9363
5259,MLP,2013-12-18 17:00:00,2697.9636,2645.3755
5259,MLP,2013-12-18 17:10:00,2509.2979,2603.995
5259,MLP,2013-12-18 17:20:00,2373.9258,2539.9944
5259,MLP,2013-12-18 17:30:00,2274.869,2431.3784
5259,MLP,2013-12-18 17:40:00,2122.9448,2331.9202
5259,MLP,2013-12-18 17:50:00,2104.6555,2189.1426
5259,MLP,2013-12-18 18:00:00,1954.2173,2114.394
5259,MLP,2013-12-18 18:10:00,1900.6038,1975.8096
5259,MLP,2013-12-18 18:20:00,1830.8047,1869.3352
5259,MLP,2013-12-18 18:30:00,1645.0161,1758.9851
5259,MLP,2013-12-18 18:40:00,1657.5728,1623.5127
5259,MLP,2013-12-18 18:50:00,1499.596,1533.3132
5259,MLP,2013-12-18 19:00:00,1415.3047,1450.9827
5259,MLP,2013-12-18 19:10:00,1484.5228,1375.7025
5259,MLP,2013-12-18 19:20:00,1344.598,1361.5814
5259,MLP,2013-12-18 19:30:00,1296.4246,1257.7135
5259,MLP,2013-12-18 19:40:00,1235.2766,1217.6685
5259,MLP,2013-12-18 19:50:00,1203.808,1169.7356
5259,MLP,2013-12-18 20:00:00,1060.9435,1139.4294
5259,MLP,2013-12-18 20:10:00,1170.2112,1070.1189
5259,MLP,2013-12-18 20:20:00,993.6036,1062.6624
5259,MLP,2013-12-18 20:30:00,968.93866,993.7247
5259,MLP,2013-12-18 20:40:00,1047.5736,967.22925
5259,MLP,2013-12-18 20:50:00,1083.4265,934.4642
5259,MLP,2013-12-18 21:00:00,916.08826,984.18024
5259,MLP,2013-12-18 21:10:00,1061.1027,907.3643
5259,MLP,2013-12-18 21:20:00,863.02856,932.45233
5259,MLP,2013-12-18 21:30:00,815.0374,858.78845
5259,MLP,2013-12-18 21:40:00,800.18884,845.39264
5259,MLP,2013-12-18 21:50:00,839.25116,778.52295
5259,MLP,2013-12-18 22:00:00,747.428,780.85077
5259,MLP,2013-12-18 22:10:00,753.55945,742.3196
5259,MLP,2013-12-18 22:20:00,731.6779,713.5176
5259,MLP,2013-12-18 22:30:00,626.659,689.369
5259,MLP,2013-12-18 22:40:00,700.3663,665.4997
5259,MLP,2013-12-18 22:50:00,573.64374,633.20435
5259,MLP,2013-12-18 23:00:00,551.97705,591.94025
5259,MLP,2013-12-18 23:10:00,509.2812,584.7123
5259,MLP,2013-12-18 23:20:00,505.8967,515.26825
5259,MLP,2013-12-18 23:30:00,428.34677,510.56973
5259,MLP,2013-12-18 23:40:00,451.18958,451.1133
5259,MLP,2013-12-18 23:50:00,433.8096,424.8104
5259,MLP,2013-12-19 00:00:00,382.50232,411.36444
5259,MLP,2013-12-19 00:10:00,425.52,426.92117
5259,MLP,2013-12-19 00:20:00,422.1245,374.09274
5259,MLP,2013-12-19 00:30:00,365.89777,378.29483
5259,MLP,2013-12-19 00:40:00,390.98126,387.27167
5259,MLP,2013-12-19 00:50:00,364.15405,363.84314
5259,MLP,2013-12-19 01:00:00,346.4092,362.76324
5259,MLP,2013-12-19 01:10:00,363.6704,383.62305
5259,MLP,2013-12-19 01:20:00,336.38782,361.10843
5259,MLP,2013-12-19 01:30:00,334.36816,329.16943
5259,MLP,2013-12-19 01:40:00,341.22464,352.09894
5259,MLP,2013-12-19 01:50:00,362.49945,344.80118
5259,MLP,2013-12-19 02:00:00,318.2502,347.7125
5259,MLP,2013-12-19 02:10:00,352.77246,348.21793
5259,MLP,2013-12-19 02:20:00,335.25732,339.94604
5259,MLP,2013-12-19 02:30:00,325.40125,335.40448
5259,MLP,2013-12-19 02:40:00,332.80957,342.6365
5259,MLP,2013-12-19 02:50:00,322.70392,335.89883
5259,MLP,2013-12-19 03:00:00,294.57678,315.19467
5259,MLP,2013-12-19 03:10:00,348.22983,312.03003
5259,MLP,2013-12-19 03:20:00,315.64874,333.2233
5259,MLP,2013-12-19 03:30:00,298.32684,304.81876
5259,MLP,2013-12-19 03:40:00,366.72327,310.73108
5259,MLP,2013-12-19 03:50:00,309.5078,346.74686
5259,MLP,2013-12-19 04:00:00,294.11905,303.85742
5259,MLP,2013-12-19 04:10:00,335.91272,307.9675
5259,MLP,2013-12-19 04:20:00,328.00903,326.0121
5259,MLP,2013-12-19 04:30:00,307.71188,319.42276
5259,MLP,2013-12-19 04:40:00,398.04947,313.66425
5259,MLP,2013-12-19 04:50:00,327.98383,378.96844
5259,MLP,2013-12-19 05:00:00,329.04965,329.34943
5259,MLP,2013-12-19 05:10:00,384.1742,337.1047
5259,MLP,2013-12-19 05:20:00,277.47937,385.26416
5259,MLP,2013-12-19 05:30:00,274.72568,297.34354
5259,MLP,2013-12-19 05:40:00,325.9572,294.83386
5259,MLP,2013-12-19 05:50:00,334.89874,312.7046
5259,MLP,2013-12-19 06:00:00,386.31302,304.92685
5259,MLP,2013-12-19 06:10:00,424.3793,364.91354
5259,MLP,2013-12-19 06:20:00,477.29263,417.08362
5259,MLP,2013-12-19 06:30:00,715.128,452.49622
5259,MLP,2013-12-19 06:40:00,884.72595,677.40173
5259,MLP,2013-12-19 06:50:00,785.541,921.50494
5259,MLP,2013-12-19 07:00:00,678.97546,933.8168
5259,MLP,2013-12-19 07:10:00,819.58746,890.9725
5259,MLP,2013-12-19 07:20:00,879.0157,974.06964
5259,MLP,2013-12-19 07:30:00,1063.2784,1008.91235
5259,MLP,2013-12-19 07:40:00,1343.3224,1148.4435
5259,MLP,2013-12-19 07:50:00,1527.7471,1423.4551
5259,MLP,2013-12-19 08:00:00,1859.0156,1568.7166
5259,MLP,2013-12-19 08:10:00,1937.3192,1842.8197
5259,MLP,2013-12-19 08:20:00,2040.3125,2058.9631
5259,MLP,2013-12-19 08:30:00,2293.7754,2194.7673
5259,MLP,2013-12-19 08:40:00,2391.542,2442.1138
5259,MLP,2013-12-19 08:50:00,2310.9873,2599.011
5259,MLP,2013-12-19 09:00:00,2419.8958,2532.6897
5259,MLP,2013-12-19 09:10:00,2641.6396,2565.0627
5259,MLP,2013-12-19 09:20:00,2614.3938,2704.548
5259,MLP,2013-12-19 09:30:00,2709.894,2718.0288
5259,MLP,2013-12-19 09:40:00,2891.0874,2769.6956
5259,MLP,2013-12-19 09:50:00,2683.944,2836.365
5259,MLP,2013-12-19 10:00:00,2721.842,2824.9382
5259,MLP,2013-12-19 10:10:00,2922.3674,2816.326
5259,MLP,2013-12-19 10:20:00,2925.5017,2901.025
5259,MLP,2013-12-19 10:30:00,2795.0598,2923.1924
5259,MLP,2013-12-19 10:40:00,2981.7654,2868.1904
5259,MLP,2013-12-19 10:50:00,2826.9607,3005.3137
5259,MLP,2013-12-19 11:00:00,2799.4988,2983.77
5259,MLP,2013-12-19 11:10:00,3123.9639,2964.91
5259,MLP,2013-12-19 11:20:00,3150.1438,3128.147
5259,MLP,2013-12-19 11:30:00,3046.8457,3209.11
5259,MLP,2013-12-19 11:40:00,3468.6465,3179.221
5259,MLP,2013-12-19 11:50:00,3090.9265,3339.7417
5259,MLP,2013-12-19 12:00:00,3197.6746,3297.7275
5259,MLP,2013-12-19 12:10:00,3417.0127,3213.1558
5259,MLP,2013-12-19 12:20:00,2906.8586,3323.4695
5259,MLP,2013-12-19 12:30:00,3040.736,3233.6296
5259,MLP,2013-12-19 12:40:00,3329.9263,3107.5295
5259,MLP,2013-12-19 12:50:00,3320.116,3212.5408
5259,MLP,2013-12-19 13:00:00,3093.6794,3258.2551
5259,MLP,2013-12-19 13:10:00,3205.8435,3152.5554
5259,MLP,2013-12-19 13:20:00,2994.403,3126.5083
5259,MLP,2013-12-19 13:30:00,2840.9158,3084.6624
5259,MLP,2013-12-19 13:40:00,2868.2764,3005.4387
5259,MLP,2013-12-19 13:50:00,2783.3262,2892.2007
5259,MLP,2013-12-19 14:00:00,2646.1895,2869.2131
5259,MLP,2013-12-19 14:10:00,2663.997,2725.6082
5259,MLP,2013-12-19 14:20:00,2644.556,2706.4612
5259,MLP,2013-12-19 14:30:00,2672.2568,2663.8867
5259,MLP,2013-12-19 14:40:00,2697.133,2507.7617
5259,MLP,2013-12-19 14:50:00,2690.9583,2618.2217
5259,MLP,2013-12-19 15:00:00,2776.7083,2655.0825
5259,MLP,2013-12-19 15:10:00,2705.3884,2583.1997
5259,MLP,2013-12-19 15:20:00,2695.6719,2636.258
5259,MLP,2013-12-19 15:30:00,2693.8853,2653.5103
5259,MLP,2013-12-19 15:40:00,2853.3987,2635.2725
5259,MLP,2013-12-19 15:50:00,2749.0474,2684.352
5259,MLP,2013-12-19 16:00:00,3048.158,2652.2231
5259,MLP,2013-12-19 16:10:00,3068.6235,2801.7573
5259,MLP,2013-12-19 16:20:00,3087.5913,2866.0527
5259,MLP,2013-12-19 16:30:00,3060.1067,2935.1208
5259,MLP,2013-12-19 16:40:00,2897.219,2906.958
5259,MLP,2013-12-19 16:50:00,2815.6306,2913.8164
5259,MLP,2013-12-19 17:00:00,2529.0251,2840.994
5259,MLP,2013-12-19 17:10:00,2245.4712,2673.8186
5259,MLP,2013-12-19 17:20:00,2233.3381,2434.9011
5259,MLP,2013-12-19 17:30:00,2286.0046,2253.4746
5259,MLP,2013-12-19 17:40:00,2205.617,2206.0034
5259,MLP,2013-12-19 17:50:00,1936.1971,2138.238
5259,MLP,2013-12-19 18:00:00,1866.6299,2021.0775
5259,MLP,2013-12-19 18:10:00,1681.9673,1864.1263
5259,MLP,2013-12-19 18:20:00,1652.0214,1757.0311
5259,MLP,2013-12-19 18:30:00,1538.9087,1630.4127
5259,MLP,2013-12-19 18:40:00,1475.5172,1502.5641
5259,MLP,2013-12-19 18:50:00,1352.8419,1420.6798
5259,MLP,2013-12-19 19:00:00,1158.3793,1335.6312
5259,MLP,2013-12-19 19:10:00,1261.2252,1211.336
5259,MLP,2013-12-19 19:20:00,1102.8248,1141.5911
5259,MLP,2013-12-19 19:30:00,1114.7931,1083.6531
5259,MLP,2013-12-19 19:40:00,1173.9225,1046.0972
5259,MLP,2013-12-19 19:50:00,1068.9015,1032.5543
5259,MLP,2013-12-19 20:00:00,939.72955,1029.5067
5259,MLP,2013-12-19 20:10:00,1005.5471,959.6936
5259,MLP,2013-12-19 20:20:00,993.1734,947.72394
5259,MLP,2013-12-19 20:30:00,919.0538,908.6784
5259,MLP,2013-12-19 20:40:00,906.5617,921.973
5259,MLP,2013-12-19 20:50:00,883.3217,899.46686
5259,MLP,2013-12-19 21:00:00,956.2233,877.64014
5259,MLP,2013-12-19 21:10:00,833.2599,858.717
5259,MLP,2013-12-19 21:20:00,928.9671,803.2848
5259,MLP,2013-12-19 21:30:00,825.7767,854.25635
5259,MLP,2013-12-19 21:40:00,843.0537,828.09467
5259,MLP,2013-12-19 21:50:00,873.6688,835.07166
5259,MLP,2013-12-19 22:00:00,799.6934,811.8585
5259,MLP,2013-12-19 22:10:00,756.8203,783.0145
5259,MLP,2013-12-19 22:20:00,680.18646,721.7585
5259,MLP,2013-12-19 22:30:00,654.8073,695.12555
5259,MLP,2013-12-19 22:40:00,658.9542,673.25946
5259,MLP,2013-12-19 22:50:00,670.3719,643.5997
5259,MLP,2013-12-19 23:00:00,609.7657,630.54834
5259,MLP,2013-12-19 23:10:00,572.6031,592.66113
5259,MLP,2013-12-19 23:20:00,546.6251,548.3903
5259,MLP,2013-12-19 23:30:00,445.5345,524.50055
5259,MLP,2013-12-19 23:40:00,416.4778,505.27112
5259,MLP,2013-12-19 23:50:00,437.19073,437.1872
5259,MLP,2013-12-20 00:00:00,388.09546,413.83652
5259,MLP,2013-12-20 00:10:00,445.26297,401.65887
5259,MLP,2013-12-20 00:20:00,432.44376,410.03958
5259,MLP,2013-12-20 00:30:00,399.51376,377.14395
5259,MLP,2013-12-20 00:40:00,385.19983,379.06873
5259,MLP,2013-12-20 00:50:00,376.388,381.6684
5259,MLP,2013-12-20 01:00:00,302.2584,365.3555
5259,MLP,2013-12-20 01:10:00,334.0398,347.6147
5259,MLP,2013-12-20 01:20:00,321.2563,347.8932
5259,MLP,2013-12-20 01:30:00,274.6669,306.3396
5259,MLP,2013-12-20 01:40:00,295.47778,297.36215
5259,MLP,2013-12-20 01:50:00,303.47922,301.57953
5259,MLP,2013-12-20 02:00:00,269.95355,303.86282
5259,MLP,2013-12-20 02:10:00,264.63657,296.53745
5259,MLP,2013-12-20 02:20:00,304.62817,281.21884
5259,MLP,2013-12-20 02:30:00,258.48502,274.1735
5259,MLP,2013-12-20 02:40:00,254.43987,272.9453
5259,MLP,2013-12-20 02:50:00,292.40668,277.75076
5259,MLP,2013-12-20 03:00:00,244.99835,274.60764
5259,MLP,2013-12-20 03:10:00,281.62976,264.163
5259,MLP,2013-12-20 03:20:00,310.6495,290.45517
5259,MLP,2013-12-20 03:30:00,270.8539,291.23386
5259,MLP,2013-12-20 03:40:00,288.6706,270.919
5259,MLP,2013-12-20 03:50:00,311.6656,289.94177
5259,MLP,2013-12-20 04:00:00,340.30853,300.5637
5259,MLP,2013-12-20 04:10:00,257.40024,324.85544
5259,MLP,2013-12-20 04:20:00,263.83505,289.50415
5259,MLP,2013-12-20 04:30:00,236.5824,266.41696
5259,MLP,2013-12-20 04:40:00,278.82315,236.51521
5259,MLP,2013-12-20 04:50:00,284.65662,268.6466
5259,MLP,2013-12-20 05:00:00,254.3376,275.64328
5259,MLP,2013-12-20 05:10:00,276.81293,238.61327
5259,MLP,2013-12-20 05:20:00,281.8144,261.73767
5259,MLP,2013-12-20 05:30:00,239.26895,270.78793
5259,MLP,2013-12-20 05:40:00,286.4895,243.66
5259,MLP,2013-12-20 05:50:00,352.1236,289.39966
5259,MLP,2013-12-20 06:00:00,332.02835,334.05002
5259,MLP,2013-12-20 06:10:00,333.04712,330.543
5259,MLP,2013-12-20 06:20:00,385.95535,343.96292
5259,MLP,2013-12-20 06:30:00,387.94476,381.99164
5259,MLP,2013-12-20 06:40:00,561.6153,401.14047
5259,MLP,2013-12-20 06:50:00,627.85767,557.21356
5259,MLP,2013-12-20 07:00:00,701.8379,658.98364
5259,MLP,2013-12-20 07:10:00,829.52094,762.211
5259,MLP,2013-12-20 07:20:00,994.8754,930.2848
5259,MLP,2013-12-20 07:30:00,1025.4429,1140.5618
5259,MLP,2013-12-20 07:40:00,1384.3286,1229.9413
5259,MLP,2013-12-20 07:50:00,1571.4775,1527.399
5259,MLP,2013-12-20 08:00:00,1814.9302,1763.4275
5259,MLP,2013-12-20 08:10:00,2100.2092,1941.6594
5259,MLP,2013-12-20 08:20:00,2204.1826,2215.7344
5259,MLP,2013-12-20 08:30:00,2249.3416,2361.2708
5259,MLP,2013-12-20 08:40:00,2339.186,2470.028
5259,MLP,2013-12-20 08:50:00,2431.0935,2557.6577
5259,MLP,2013-12-20 09:00:00,2359.0098,2631.9636
5259,MLP,2013-12-20 09:10:00,2436.4668,2560.3662
5259,MLP,2013-12-20 09:20:00,2569.6575,2583.96
5259,MLP,2013-12-20 09:30:00,2629.2473,2620.5586
5259,MLP,2013-12-20 09:40:00,2746.3516,2692.0122
5259,MLP,2013-12-20 09:50:00,2668.5208,2742.4038
5259,MLP,2013-12-20 10:00:00,2748.2458,2738.448
5259,MLP,2013-12-20 10:10:00,2844.245,2779.8276
5259,MLP,2013-12-20 10:20:00,2771.4475,2836.4531
5259,MLP,2013-12-20 10:30:00,2981.772,2832.7285
5259,MLP,2013-12-20 10:40:00,3096.7256,2964.5186
5259,MLP,2013-12-20 10:50:00,2980.405,3013.1924
5259,MLP,2013-12-20 11:00:00,2922.0237,3058.3506
5259,MLP,2013-12-20 11:10:00,3167.6196,3100.4863
5259,MLP,2013-12-20 11:20:00,3094.6333,3243.5789
5259,MLP,2013-12-20 11:30:00,3288.5479,3237.9246
5259,MLP,2013-12-20 11:40:00,3428.2273,3332.929
5259,MLP,2013-12-20 11:50:00,3247.311,3382.4028
5259,MLP,2013-12-20 12:00:00,3309.42,3336.5034
5259,MLP,2013-12-20 12:10:00,3445.0588,3319.0383
5259,MLP,2013-12-20 12:20:00,3121.7588,3388.0981
5259,MLP,2013-12-20 12:30:00,3351.352,3303.5845
5259,MLP,2013-12-20 12:40:00,3261.4304,3308.254
5259,MLP,2013-12-20 12:50:00,3091.6462,3346.3247
5259,MLP,2013-12-20 13:00:00,3273.6484,3241.3398
5259,MLP,2013-12-20 13:10:00,3073.1973,3218.566
5259,MLP,2013-12-20 13:20:00,3069.32,3164.9128
5259,MLP,2013-12-20 13:30:00,2959.3398,3138.4036
5259,MLP,2013-12-20 13:40:00,3132.4456,3048.2358
5259,MLP,2013-12-20 13:50:00,2841.3792,3088.8489
5259,MLP,2013-12-20 14:00:00,2857.4458,2997.7002
5259,MLP,2013-12-20 14:10:00,2897.9282,2913.7246
5259,MLP,2013-12-20 14:20:00,2816.0342,2903.5151
5259,MLP,2013-12-20 14:30:00,2770.7969,2866.113
5259,MLP,2013-12-20 14:40:00,3127.0876,2718.722
5259,MLP,2013-12-20 14:50:00,2878.5342,2919.749
5259,MLP,2013-12-20 15:00:00,3007.1934,2874.3875
5259,MLP,2013-12-20 15:10:00,2896.5752,2836.9817
5259,MLP,2013-12-20 15:20:00,2922.5242,2919.9546
5259,MLP,2013-12-20 15:30:00,2883.4846,2822.0483
5259,MLP,2013-12-20 15:40:00,2909.8333,2841.2615
5259,MLP,2013-12-20 15:50:00,2684.6575,2841.464
5259,MLP,2013-12-20 16:00:00,2849.299,2735.2502
5259,MLP,2013-12-20 16:10:00,2931.25,2699.7249
5259,MLP,2013-12-20 16:20:00,2573.3013,2784.9182
5259,MLP,2013-12-20 16:30:00,2515.543,2621.0898
5259,MLP,2013-12-20 16:40:00,2507.9436,2549.3042
5259,MLP,2013-12-20 16:50:00,2226.5347,2471.6602
5259,MLP,2013-12-20 17:00:00,2203.5464,2342.154
5259,MLP,2013-12-20 17:10:00,2082.3489,2198.4036
5259,MLP,2013-12-20 17:20:00,1719.5378,2106.9766
5259,MLP,2013-12-20 17:30:00,1901.25,1851.4025
5259,MLP,2013-12-20 17:40:00,1769.554,1846.4264
5259,MLP,2013-12-20 17:50:00,1628.4905,1700.5243
5259,MLP,2013-12-20 18:00:00,1499.5219,1597.8478
5259,MLP,2013-12-20 18:10:00,1488.8445,1449.8463
5259,MLP,2013-12-20 18:20:00,1333.2394,1388.2429
5259,MLP,2013-12-20 18:30:00,1216.8798,1300.0165
5259,MLP,2013-12-20 18:40:00,1138.0107,1231.4531
5259,MLP,2013-12-20 18:50:00,1066.633,1102.1674
5259,MLP,2013-12-20 19:00:00,1032.1316,1077.1885
5259,MLP,2013-12-20 19:10:00,1043.8257,995.9917
5259,MLP,2013-12-20 19:20:00,1009.77686,986.4684
5259,MLP,2013-12-20 19:30:00,895.5724,968.79156
5259,MLP,2013-12-20 19:40:00,914.85645,886.9462
5259,MLP,2013-12-20 19:50:00,885.69586,850.2796
5259,MLP,2013-12-20 20:00:00,917.4472,869.2407
5259,MLP,2013-12-20 20:10:00,873.7311,883.27545
5259,MLP,2013-12-20 20:20:00,781.09576,817.9645
5259,MLP,2013-12-20 20:30:00,800.3652,792.2338
5259,MLP,2013-12-20 20:40:00,801.47546,763.32733
5259,MLP,2013-12-20 20:50:00,840.07153,762.43445
5259,MLP,2013-12-20 21:00:00,769.9396,812.1287
5259,MLP,2013-12-20 21:10:00,678.9203,745.35364
5259,MLP,2013-12-20 21:20:00,827.21454,681.2697
5259,MLP,2013-12-20 21:30:00,803.5616,774.17114
5259,MLP,2013-12-20 21:40:00,721.7792,770.41956
5259,MLP,2013-12-20 21:50:00,781.7198,697.5771
5259,MLP,2013-12-20 22:00:00,704.7132,712.3216
5259,MLP,2013-12-20 22:10:00,847.9294,705.5742
5259,MLP,2013-12-20 22:20:00,711.7118,763.60535
5259,MLP,2013-12-20 22:30:00,733.27405,694.799
5259,MLP,2013-12-20 22:40:00,672.7558,701.5921
5259,MLP,2013-12-20 22:50:00,650.9423,656.6936
5259,MLP,2013-12-20 23:00:00,660.82275,650.75116
5259,MLP,2013-12-20 23:10:00,704.2964,634.39435
5259,MLP,2013-12-20 23:20:00,598.08527,659.0507
5259,MLP,2013-12-20 23:30:00,612.6435,592.8272
5259,MLP,2013-12-20 23:40:00,574.4144,596.59717
5259,MLP,2013-12-20 23:50:00,538.6332,542.5457
5259,MLP,2013-12-21 00:00:00,506.62985,552.57916
5259,MLP,2013-12-21 00:10:00,487.7432,497.6401
5259,MLP,2013-12-21 00:20:00,479.391,470.9613
5259,MLP,2013-12-21 00:30:00,435.40778,444.63373
5259,MLP,2013-12-21 00:40:00,471.49017,436.82956
5259,MLP,2013-12-21 00:50:00,396.91702,454.1125
5259,MLP,2013-12-21 01:00:00,348.55618,390.43118
5259,MLP,2013-12-21 01:10:00,479.28113,354.70697
5259,MLP,2013-12-21 01:20:00,344.19623,425.15198
5259,MLP,2013-12-21 01:30:00,423.1674,376.43558
5259,MLP,2013-12-21 01:40:00,399.72092,398.3091
5259,MLP,2013-12-21 01:50:00,389.96762,367.93903
5259,MLP,2013-12-21 02:00:00,368.22296,379.22604
5259,MLP,2013-12-21 02:10:00,400.01047,387.74503
5259,MLP,2013-12-21 02:20:00,342.7416,389.2044
5259,MLP,2013-12-21 02:30:00,298.15744,371.79803
5259,MLP,2013-12-21 02:40:00,299.0245,339.91443
5259,MLP,2013-12-21 02:50:00,308.54465,290.3768
5259,MLP,2013-12-21 03:00:00,347.90204,322.10425
5259,MLP,2013-12-21 03:10:00,346.21344,329.6595
5259,MLP,2013-12-21 03:20:00,249.62515,330.94772
5259,MLP,2013-12-21 03:30:00,243.95177,269.41626
5259,MLP,2013-12-21 03:40:00,255.19742,281.2437
5259,MLP,2013-12-21 03:50:00,206.65225,267.7848
5259,MLP,2013-12-21 04:00:00,213.54369,223.18718
5259,MLP,2013-12-21 04:10:00,264.47836,244.64198
5259,MLP,2013-12-21 04:20:00,190.69513,221.99402
5259,MLP,2013-12-21 04:30:00,212.31595,197.98825
5259,MLP,2013-12-21 04:40:00,240.70879,222.01796
5259,MLP,2013-12-21 04:50:00,186.1605,208.8752
5259,MLP,2013-12-21 05:00:00,223.51172,209.66039
5259,MLP,2013-12-21 05:10:00,219.1896,232.19707
5259,MLP,2013-12-21 05:20:00,205.64354,208.20764
5259,MLP,2013-12-21 05:30:00,195.75175,199.22794
5259,MLP,2013-12-21 05:40:00,246.69402,215.33905
5259,MLP,2013-12-21 05:50:00,202.85002,223.98218
5259,MLP,2013-12-21 06:00:00,217.66115,204.02997
5259,MLP,2013-12-21 06:10:00,227.7935,226.81017
5259,MLP,2013-12-21 06:20:00,215.32538,208.5482
5259,MLP,2013-12-21 06:30:00,221.06284,206.08769
5259,MLP,2013-12-21 06:40:00,259.14685,226.94965
5259,MLP,2013-12-21 06:50:00,272.075,243.73212
5259,MLP,2013-12-21 07:00:00,285.7214,253.73648
5259,MLP,2013-12-21 07:10:00,278.958,295.75397
5259,MLP,2013-12-21 07:20:00,278.19638,285.48038
5259,MLP,2013-12-21 07:30:00,231.95676,278.90698
5259,MLP,2013-12-21 07:40:00,309.91586,269.3949
5259,MLP,2013-12-21 07:50:00,275.5203,307.43942
5259,MLP,2013-12-21 08:00:00,274.7701,281.57877
5259,MLP,2013-12-21 08:10:00,374.76315,286.87698
5259,MLP,2013-12-21 08:20:00,319.24484,355.13077
5259,MLP,2013-12-21 08:30:00,368.69528,328.15143
5259,MLP,2013-12-21 08:40:00,379.07684,387.28693
5259,MLP,2013-12-21 08:50:00,361.63367,406.87762
5259,MLP,2013-12-21 09:00:00,431.41107,389.42465
5259,MLP,2013-12-21 09:10:00,454.8043,455.18015
5259,MLP,2013-12-21 09:20:00,413.9554,484.48364
5259,MLP,2013-12-21 09:30:00,484.30368,452.0511
5259,MLP,2013-12-21 09:40:00,528.7535,509.86737
5259,MLP,2013-12-21 09:50:00,653.6567,561.082
5259,MLP,2013-12-21 10:00:00,439.9082,680.42883
5259,MLP,2013-12-21 10:10:00,483.7058,551.5318
5259,MLP,2013-12-21 10:20:00,482.59622,552.63995
5259,MLP,2013-12-21 10:30:00,496.27115,517.7466
5259,MLP,2013-12-21 10:40:00,505.2123,539.5188
5259,MLP,2013-12-21 10:50:00,596.3699,545.5242
5259,MLP,2013-12-21 11:00:00,616.4279,576.6564
5259,MLP,2013-12-21 11:10:00,672.27057,610.0459
5259,MLP,2013-12-21 11:20:00,606.2478,688.0481
5259,MLP,2013-12-21 11:30:00,611.718,670.1444
5259,MLP,2013-12-21 11:40:00,520.16656,673.3363
5259,MLP,2013-12-21 11:50:00,497.53125,587.4026
5259,MLP,2013-12-21 12:00:00,499.46503,543.6761
5259,MLP,2013-12-21 12:10:00,581.15454,501.85355
5259,MLP,2013-12-21 12:20:00,552.1506,532.59357
5259,MLP,2013-12-21 12:30:00,646.7219,543.6102
5259,MLP,2013-12-21 12:40:00,643.5367,602.2903
5259,MLP,2013-12-21 12:50:00,555.04614,617.9259
5259,MLP,2013-12-21 13:00:00,589.18256,570.6613
5259,MLP,2013-12-21 13:10:00,602.50653,599.69586
5259,MLP,2013-12-21 13:20:00,520.00256,574.65704
5259,MLP,2013-12-21 13:30:00,454.6469,514.2362
5259,MLP,2013-12-21 13:40:00,489.85046,479.81152
5259,MLP,2013-12-21 13:50:00,527.1475,478.98364
5259,MLP,2013-12-21 14:00:00,500.52725,483.25797
5259,MLP,2013-12-21 14:10:00,549.468,497.33884
5259,MLP,2013-12-21 14:20:00,474.72382,514.05066
5259,MLP,2013-12-21 14:30:00,481.09317,480.4371
5259,MLP,2013-12-21 14:40:00,564.00806,478.89536
5259,MLP,2013-12-21 14:50:00,470.29813,511.97827
5259,MLP,2013-12-21 15:00:00,507.5579,453.4326
5259,MLP,2013-12-21 15:10:00,481.74786,485.17117
5259,MLP,2013-12-21 15:20:00,476.9445,470.91357
5259,MLP,2013-12-21 15:30:00,472.4902,473.21048
5259,MLP,2013-12-21 15:40:00,574.7181,479.11877
5259,MLP,2013-12-21 15:50:00,477.47223,519.0032
5259,MLP,2013-12-21 16:00:00,509.322,486.06607
5259,MLP,2013-12-21 16:10:00,582.452,504.1765
5259,MLP,2013-12-21 16:20:00,560.96,528.81287
5259,MLP,2013-12-21 16:30:00,488.48517,547.2092
5259,MLP,2013-12-21 16:40:00,541.77325,512.7461
5259,MLP,2013-12-21 16:50:00,444.57492,523.99915
5259,MLP,2013-12-21 17:00:00,530.27124,463.4261
5259,MLP,2013-12-21 17:10:00,533.8649,530.9061
5259,MLP,2013-12-21 17:20:00,513.35547,510.18063
5259,MLP,2013-12-21 17:30:00,471.74976,489.29047
5259,MLP,2013-12-21 17:40:00,558.72833,488.549
5259,MLP,2013-12-21 17:50:00,478.33832,521.1537
5259,MLP,2013-12-21 18:00:00,481.84167,492.86386
5259,MLP,2013-12-21 18:10:00,559.3179,491.5234
5259,MLP,2013-12-21 18:20:00,554.10406,513.2064
5259,MLP,2013-12-21 18:30:00,547.5673,515.9766
5259,MLP,2013-12-21 18:40:00,554.0689,547.3066
5259,MLP,2013-12-21 18:50:00,477.06857,540.7121
5259,MLP,2013-12-21 19:00:00,460.978,500.80505
5259,MLP,2013-12-21 19:10:00,512.95544,486.69003
5259,MLP,2013-12-21 19:20:00,443.4748,493.49347
5259,MLP,2013-12-21 19:30:00,471.70853,446.3264
5259,MLP,2013-12-21 19:40:00,444.98468,471.27213
5259,MLP,2013-12-21 19:50:00,426.44876,422.26727
5259,MLP,2013-12-21 20:00:00,461.81088,421.31177
5259,MLP,2013-12-21 20:10:00,464.07947,454.09088
5259,MLP,2013-12-21 20:20:00,454.74393,444.86124
5259,MLP,2013-12-21 20:30:00,432.80283,445.01984
5259,MLP,2013-12-21 20:40:00,455.832,437.4656
5259,MLP,2013-12-21 20:50:00,469.57806,423.6791
5259,MLP,2013-12-21 21:00:00,430.80716,456.6672
5259,MLP,2013-12-21 21:10:00,462.619,437.34772
5259,MLP,2013-12-21 21:20:00,474.33508,440.60748
5259,MLP,2013-12-21 21:30:00,472.1514,461.50677
5259,MLP,2013-12-21 21:40:00,466.91733,472.71954
5259,MLP,2013-12-21 21:50:00,535.29535,460.103
5259,MLP,2013-12-21 22:00:00,518.03986,497.4395
5259,MLP,2013-12-21 22:10:00,441.86853,506.35385
5259,MLP,2013-12-21 22:20:00,385.2778,464.83044
5259,MLP,2013-12-21 22:30:00,364.363,434.4678
5259,MLP,2013-12-21 22:40:00,409.0308,392.88446
5259,MLP,2013-12-21 22:50:00,324.79208,394.68802
5259,MLP,2013-12-21 23:00:00,464.2636,340.49933
5259,MLP,2013-12-21 23:10:00,556.527,396.754
5259,MLP,2013-12-21 23:20:00,559.4772,470.7852
5259,MLP,2013-12-21 23:30:00,679.31744,519.0231
5259,MLP,2013-12-21 23:40:00,820.9844,621.7066
5259,MLP,2013-12-21 23:50:00,884.4169,778.1149
5259,MLP,2013-12-22 00:00:00,1037.0502,904.5683
5259,MLP,2013-12-22 00:10:00,994.9923,1115.1969
5259,MLP,2013-12-22 00:20:00,1163.591,1169.5793
5259,MLP,2013-12-22 00:30:00,957.0945,1270.6733
5259,MLP,2013-12-22 00:40:00,955.59314,1168.6892
5259,MLP,2013-12-22 00:50:00,995.63904,1083.0876
5259,MLP,2013-12-22 01:00:00,985.51965,1071.4042
5259,MLP,2013-12-22 01:10:00,1118.0166,991.31006
5259,MLP,2013-12-22 01:20:00,1052.2269,1085.9552
5259,MLP,2013-12-22 01:30:00,1061.6437,1065.9965
5259,MLP,2013-12-22 01:40:00,835.6274,1099.5177
5259,MLP,2013-12-22 01:50:00,1041.6499,980.19525
5259,MLP,2013-12-22 02:00:00,999.20844,1061.1356
5259,MLP,2013-12-22 02:10:00,820.4097,1035.3378
5259,MLP,2013-12-22 02:20:00,755.2863,898.4304
5259,MLP,2013-12-22 02:30:00,766.4913,847.5077
5259,MLP,2013-12-22 02:40:00,650.0859,812.41583
5259,MLP,2013-12-22 02:50:00,542.87256,697.20154
5259,MLP,2013-12-22 03:00:00,566.58,646.3061
5259,MLP,2013-12-22 03:10:00,569.7812,556.81793
5259,MLP,2013-12-22 03:20:00,532.1656,541.88763
5259,MLP,2013-12-22 03:30:00,370.3822,500.54828
5259,MLP,2013-12-22 03:40:00,393.52292,422.71735
5259,MLP,2013-12-22 03:50:00,431.68192,380.79813
5259,MLP,2013-12-22 04:00:00,362.13434,381.54343
5259,MLP,2013-12-22 04:10:00,220.06572,386.34158
5259,MLP,2013-12-22 04:20:00,183.95947,286.73566
5259,MLP,2013-12-22 04:30:00,186.99693,209.39592
5259,MLP,2013-12-22 04:40:00,184.61205,179.01445
5259,MLP,2013-12-22 04:50:00,196.37656,174.15976
5259,MLP,2013-12-22 05:00:00,167.44131,146.30624
5259,MLP,2013-12-22 05:10:00,171.16751,147.97696
5259,MLP,2013-12-22 05:20:00,191.29349,183.83469
5259,MLP,2013-12-22 05:30:00,161.44588,143.06837
5259,MLP,2013-12-22 05:40:00,170.60727,142.32384
5259,MLP,2013-12-22 05:50:00,174.6964,220.54846
5259,MLP,2013-12-22 06:00:00,181.15367,217.04105
5259,MLP,2013-12-22 06:10:00,198.82335,178.30327
5259,MLP,2013-12-22 06:20:00,179.38576,188.74878
5259,MLP,2013-12-22 06:30:00,180.7942,196.85965
5259,MLP,2013-12-22 06:40:00,190.4184,188.83073
5259,MLP,2013-12-22 06:50:00,172.81429,178.30649
5259,MLP,2013-12-22 07:00:00,196.85368,163.28938
5259,MLP,2013-12-22 07:10:00,315.68027,191.81114
5259,MLP,2013-12-22 07:20:00,185.09996,268.7785
5259,MLP,2013-12-22 07:30:00,205.30139,200.91173
5259,MLP,2013-12-22 07:40:00,277.99747,206.80042
5259,MLP,2013-12-22 07:50:00,269.70776,258.7339
5259,MLP,2013-12-22 08:00:00,229.31062,279.12717
5259,MLP,2013-12-22 08:10:00,251.14209,265.07413
5259,MLP,2013-12-22 08:20:00,241.251,262.21426
5259,MLP,2013-12-22 08:30:00,260.74567,234.62363
5259,MLP,2013-12-22 08:40:00,289.55267,266.27698
5259,MLP,2013-12-22 08:50:00,317.6177,297.74338
5259,MLP,2013-12-22 09:00:00,268.85623,309.7416
5259,MLP,2013-12-22 09:10:00,294.92975,297.57004
5259,MLP,2013-12-22 09:20:00,320.86197,313.93744
5259,MLP,2013-12-22 09:30:00,332.9196,314.6129
5259,MLP,2013-12-22 09:40:00,343.0651,359.5437
5259,MLP,2013-12-22 09:50:00,319.6543,377.2772
5259,MLP,2013-12-22 10:00:00,393.04242,329.25397
5259,MLP,2013-12-22 10:10:00,390.87643,399.5603
5259,MLP,2013-12-22 10:20:00,340.58954,419.90405
5259,MLP,2013-12-22 10:30:00,336.16986,374.03195
5259,MLP,2013-12-22 10:40:00,408.23965,378.1047
5259,MLP,2013-12-22 10:50:00,390.3639,415.98416
5259,MLP,2013-12-22 11:00:00,392.3363,407.90405
5259,MLP,2013-12-22 11:10:00,410.13565,415.52087
5259,MLP,2013-12-22 11:20:00,415.60223,424.998
5259,MLP,2013-12-22 11:30:00,443.78906,426.513
5259,MLP,2013-12-22 11:40:00,465.2193,464.84332
5259,MLP,2013-12-22 11:50:00,453.282,491.78763
5259,MLP,2013-12-22 12:00:00,546.5487,482.7736
5259,MLP,2013-12-22 12:10:00,502.9173,559.86774
5259,MLP,2013-12-22 12:20:00,499.919,545.2898
5259,MLP,2013-12-22 12:30:00,481.3729,533.91785
5259,MLP,2013-12-22 12:40:00,523.12317,525.517
5259,MLP,2013-12-22 12:50:00,493.44873,543.61145
5259,MLP,2013-12-22 13:00:00,613.05676,527.29285
5259,MLP,2013-12-22 13:10:00,622.08905,612.7986
5259,MLP,2013-12-22 13:20:00,585.4621,631.7863
5259,MLP,2013-12-22 13:30:00,575.93835,617.8133
5259,MLP,2013-12-22 13:40:00,565.0086,617.2322
5259,MLP,2013-12-22 13:50:00,508.62466,591.2048
5259,MLP,2013-12-22 14:00:00,573.56366,553.2304
5259,MLP,2013-12-22 14:10:00,540.985,590.68085
5259,MLP,2013-12-22 14:20:00,499.356,538.0798
5259,MLP,2013-12-22 14:30:00,538.56976,512.84283
5259,MLP,2013-12-22 14:40:00,542.69696,533.3664
5259,MLP,2013-12-22 14:50:00,526.4454,522.4147
5259,MLP,2013-12-22 15:00:00,529.1866,528.29974
5259,MLP,2013-12-22 15:10:00,572.53143,524.6797
5259,MLP,2013-12-22 15:20:00,532.5491,536.92706
5259,MLP,2013-12-22 15:30:00,580.4257,521.94604
5259,MLP,2013-12-22 15:40:00,647.1941,554.02527
5259,MLP,2013-12-22 15:50:00,558.8858,582.0455
5259,MLP,2013-12-22 16:00:00,547.6403,565.48926
5259,MLP,2013-12-22 16:10:00,564.81726,563.0365
5259,MLP,2013-12-22 16:20:00,590.0939,565.79553
5259,MLP,2013-12-22 16:30:00,563.39,570.8028
5259,MLP,2013-12-22 16:40:00,624.62726,558.1205
5259,MLP,2013-12-22 16:50:00,532.387,574.0456
5259,MLP,2013-12-22 17:00:00,516.37805,545.35895
5259,MLP,2013-12-22 17:10:00,556.71545,532.2221
5259,MLP,2013-12-22 17:20:00,513.04004,543.45154
5259,MLP,2013-12-22 17:30:00,496.24185,510.12805
5259,MLP,2013-12-22 17:40:00,521.32025,491.3323
5259,MLP,2013-12-22 17:50:00,449.22076,497.69928
5259,MLP,2013-12-22 18:00:00,456.61038,452.8639
5259,MLP,2013-12-22 18:10:00,406.3913,455.18204
5259,MLP,2013-12-22 18:20:00,376.7385,407.40268
5259,MLP,2013-12-22 18:30:00,331.3848,382.69525
5259,MLP,2013-12-22 18:40:00,360.7096,356.62277
5259,MLP,2013-12-22 18:50:00,288.14633,338.12537
5259,MLP,2013-12-22 19:00:00,307.3615,303.17697
5259,MLP,2013-12-22 19:10:00,340.1692,304.3206
5259,MLP,2013-12-22 19:20:00,283.19955,292.19833
5259,MLP,2013-12-22 19:30:00,283.03537,290.57568
5259,MLP,2013-12-22 19:40:00,243.07599,298.56766
5259,MLP,2013-12-22 19:50:00,211.0859,248.83197
5259,MLP,2013-12-22 20:00:00,229.33755,228.68088
5259,MLP,2013-12-22 20:10:00,252.6313,243.43585
5259,MLP,2013-12-22 20:20:00,232.55634,225.90773
5259,MLP,2013-12-22 20:30:00,243.38852,227.57135
5259,MLP,2013-12-22 20:40:00,239.44942,241.88835
5259,MLP,2013-12-22 20:50:00,226.13972,219.05289
5259,MLP,2013-12-22 21:00:00,218.93285,234.18866
5259,MLP,2013-12-22 21:10:00,234.47743,235.49196
5259,MLP,2013-12-22 21:20:00,231.87494,234.89787
5259,MLP,2013-12-22 21:30:00,213.88354,225.80222
5259,MLP,2013-12-22 21:40:00,209.93727,215.99286
5259,MLP,2013-12-22 21:50:00,209.09283,207.41782
5259,MLP,2013-12-22 22:00:00,213.3054,199.28026
5259,MLP,2013-12-22 22:10:00,238.21701,217.17935
5259,MLP,2013-12-22 22:20:00,188.37274,224.18054
5259,MLP,2013-12-22 22:30:00,219.61612,187.50876
5259,MLP,2013-12-22 22:40:00,247.00484,209.60579
5259,MLP,2013-12-22 22:50:00,202.41368,227.22375
5259,CNN,2013-12-16 04:00:00,169.25966,207.70355
5259,CNN,2013-12-16 04:10:00,178.00412,205.35321
5259,CNN,2013-12-16 04:20:00,168.92126,205.76239
5259,CNN,2013-12-16 04:30:00,171.16241,208.75404
5259,CNN,2013-12-16 04:40:00,205.22343,207.77188
5259,CNN,2013-12-16 04:50:00,189.87572,219.4408
5259,CNN,2013-12-16 05:00:00,199.52766,228.1242
5259,CNN,2013-12-16 05:10:00,182.89713,225.79419
5259,CNN,2013-12-16 05:20:00,229.88231,228.3382
5259,CNN,2013-12-16 05:30:00,194.64496,238.80833
5259,CNN,2013-12-16 05:40:00,224.58917,241.36157
5259,CNN,2013-12-16 05:50:00,237.17328,239.94269
5259,CNN,2013-12-16 06:00:00,303.32068,259.49738
5259,CNN,2013-12-16 06:10:00,308.52094,297.65363
5259,CNN,2013-12-16 06:20:00,344.40997,333.9314
5259,CNN,2013-12-16 06:30:00,428.8805,358.73654
5259,CNN,2013-12-16 06:40:00,472.67004,426.5742
5259,CNN,2013-12-16 06:50:00,609.2558,499.9495
5259,CNN,2013-12-16 07:00:00,728.3173,622.6848
5259,CNN,2013-12-16 07:10:00,860.0231,780.6493
5259,CNN,2013-12-16 07:20:00,1125.8514,963.3786
5259,CNN,2013-12-16 07:30:00,1168.1613,1221.9489
5259,CNN,2013-12-16 07:40:00,1387.155,1404.4766
5259,CNN,2013-12-16 07:50:00,1756.5062,1598.5922
5259,CNN,2013-12-16 08:00:00,2052.4333,1857.4229
5259,CNN,2013-12-16 08:10:00,2183.5962,2112.311
5259,CNN,2013-12-16 08:20:00,2043.3541,2323.3262
5259,CNN,2013-12-16 08:30:00,2211.981,2368.1196
5259,CNN,2013-12-16 08:40:00,2340.4595,2405.2102
5259,CNN,2013-12-16 08:50:00,2499.4402,2489.3848
5259,CNN,2013-12-16 09:00:00,2422.3499,2597.1936
5259,CNN,2013-12-16 09:10:00,2569.7798,2612.8235
5259,CNN,2013-12-16 09:20:00,2579.7612,2653.1868
5259,CNN,2013-12-16 09:30:00,2654.0537,2683.422
5259,CNN,2013-12-16 09:40:00,2848.7236,2691.6594
5259,CNN,2013-12-16 09:50:00,2786.2073,2795.5708
5259,CNN,2013-12-16 10:00:00,2861.6458,2848.001
5259,CNN,2013-12-16 10:10:00,2811.4268,2908.5476
5259,CNN,2013-12-16 10:20:00,2873.9026,2931.3472
5259,CNN,2013-12-16 10:30:00,2930.763,2930.553
5259,CNN,2013-12-16 10:40:00,3040.112,2964.63
5259,CNN,2013-12-16 10:50:00,3118.5771,3063.7812
5259,CNN,2013-12-16 11:00:00,2854.6624,3172.7573
5259,CNN,2013-12-16 11:10:00,2981.6665,3111.8665
5259,CNN,2013-12-16 11:20:00,3125.8438,3051.0728
5259,CNN,2013-12-16 11:30:00,3391.409,3114.0027
5259,CNN,2013-12-16 11:40:00,3522.35,3242.4717
5259,CNN,2013-12-16 11:50:00,3438.2263,3367.7317
5259,CNN,2013-12-16 12:00:00,3530.8872,3428.6252
5259,CNN,2013-12-16 12:10:00,3249.5356,3477.0015
5259,CNN,2013-12-16 12:20:00,3270.1116,3441.9353
5259,CNN,2013-12-16 12:30:00,3355.1326,3327.8032
5259,CNN,2013-12-16 12:40:00,3163.86,3365.536
5259,CNN,2013-12-16 12:50:00,3426.3613,3275.5417
5259,CNN,2013-12-16 13:00:00,3390.733,3302.3777
5259,CNN,2013-12-16 13:10:00,3217.6746,3303.0044
5259,CNN,2013-12-16 13:20:00,3293.2998,3264.712
5259,CNN,2013-12-16 13:30:00,3250.9749,3240.3328
5259,CNN,2013-12-16 13:40:00,2988.6755,3259.4675
5259,CNN,2013-12-16 13:50:00,2891.0247,3176.7632
5259,CNN,2013-12-16 14:00:00,2885.945,3000.3254
5259,CNN,2013-12-16 14:10:00,3058.1343,2931.3188
5259,CNN,2013-12-16 14:20:00,2785.3396,2941.123
5259,CNN,2013-12-16 14:30:00,3014.1555,2883.213
5259,CNN,2013-12-16 14:40:00,2961.3494,2877.6946
5259,CNN,2013-12-16 14:50:00,2770.2827,2942.6375
5259,CNN,2013-12-16 15:00:00,2893.5415,2869.6357
5259,CNN,2013-12-16 15:10:00,3021.9102,2815.4075
5259,CNN,2013-12-16 15:20:00,3028.2185,2859.1963
5259,CNN,2013-12-16 15:30:00,3020.55,2872.779
5259,CNN,2013-12-16 15:40:00,2886.4558,2890.7983
5259,CNN,2013-12-16 15:50:00,2971.2048,2857.5618
5259,CNN,2013-12-16 16:00:00,2918.5884,2854.7415
5259,CNN,2013-12-16 16:10:00,2771.499,2865.3862
5259,CNN,2013-12-16 16:20:00,2934.1196,2806.3115
5259,CNN,2013-12-16 16:30:00,2954.7515,2773.2732
5259,CNN,2013-12-16 16:40:00,2941.6682,2779.6545
5259,CNN,2013-12-16 16:50:00,2747.211,2797.616
5259,CNN,2013-12-16 17:00:00,2658.7869,2743.9946
5259,CNN,2013-12-16 17:10:00,2650.0586,2615.4453
5259,CNN,2013-12-16 17:20:00,2317.7249,2603.5432
5259,CNN,2013-12-16 17:30:00,2560.4683,2483.7888
5259,CNN,2013-12-16 17:40:00,2174.4463,2398.8733
5259,CNN,2013-12-16 17:50:00,2060.105,2310.3313
5259,CNN,2013-12-16 18:00:00,2025.3451,2024.8896
5259,CNN,2013-12-16 18:10:00,1840.8708,2006.2086
5259,CNN,2013-12-16 18:20:00,1864.1748,1853.4327
5259,CNN,2013-12-16 18:30:00,1815.9196,1775.9828
5259,CNN,2013-12-16 18:40:00,1556.177,1730.2141
5259,CNN,2013-12-16 18:50:00,1483.8279,1636.6371
5259,CNN,2013-12-16 19:00:00,1350.4185,1493.2297
5259,CNN,2013-12-16 19:10:00,1286.6212,1393.076
5259,CNN,2013-12-16 19:20:00,1215.8221,1333.0526
5259,CNN,2013-12-16 19:30:00,1162.7462,1267.4865
5259,CNN,2013-12-16 19:40:00,1167.423,1188.1312
5259,CNN,2013-12-16 19:50:00,962.3014,1149.4384
5259,CNN,2013-12-16 20:00:00,951.89545,1076.2538
5259,CNN,2013-12-16 20:10:00,927.24634,962.25085
5259,CNN,2013-12-16 20:20:00,875.95105,927.03033
5259,CNN,2013-12-16 20:30:00,853.0675,874.92236
5259,CNN,2013-12-16 20:40:00,817.6552,841.4349
5259,CNN,2013-12-16 20:50:00,764.6574,797.91547
5259,CNN,2013-12-16 21:00:00,819.1556,777.3357
5259,CNN,2013-12-16 21:10:00,746.0707,755.1854
5259,CNN,2013-12-16 21:20:00,672.63776,735.23694
5259,CNN,2013-12-16 21:30:00,686.4749,689.7173
5259,CNN,2013-12-16 21:40:00,691.57684,670.74274
5259,CNN,2013-12-16 21:50:00,721.8354,654.984
5259,CNN,2013-12-16 22:00:00,670.4379,671.6611
5259,CNN,2013-12-16 22:10:00,651.57837,642.4536
5259,CNN,2013-12-16 22:20:00,609.9294,619.67426
5259,CNN,2013-12-16 22:30:00,588.9925,610.335
5259,CNN,2013-12-16 22:40:00,525.4099,585.85443
5259,CNN,2013-12-16 22:50:00,516.77344,553.0521
5259,CNN,2013-12-16 23:00:00,467.06073,510.93387
5259,CNN,2013-12-16 23:10:00,495.03104,475.53442
5259,CNN,2013-12-16 23:20:00,440.19058,447.8788
5259,CNN,2013-12-16 23:30:00,458.8445,432.08563
5259,CNN,2013-12-16 23:40:00,489.79425,423.10406
5259,CNN,2013-12-16 23:50:00,408.49872,446.6071
5259,CNN,2013-12-17 00:00:00,388.28894,430.31494
5259,CNN,2013-12-17 00:10:00,415.64603,399.1388
5259,CNN,2013-12-17 00:20:00,387.5084,390.3428
5259,CNN,2013-12-17 00:30:00,314.92847,392.86237
5259,CNN,2013-12-17 00:40:00,360.4596,360.3572
5259,CNN,2013-12-17 00:50:00,302.23495,336.3504
5259,CNN,2013-12-17 01:00:00,288.7284,325.46304
5259,CNN,2013-12-17 01:10:00,350.71536,303.43774
5259,CNN,2013-12-17 01:20:00,315.43918,317.37717
5259,CNN,2013-12-17 01:30:00,325.187,329.08102
5259,CNN,2013-12-17 01:40:00,376.63162,321.7911
5259,CNN,2013-12-17 01:50:00,344.88116,352.98477
5259,CNN,2013-12-17 02:00:00,306.31808,367.24533
5259,CNN,2013-12-17 02:10:00,379.13046,350.8679
5259,CNN,2013-12-17 02:20:00,325.17874,362.9294
5259,CNN,2013-12-17 02:30:00,319.2871,373.80795
5259,CNN,2013-12-17 02:40:00,333.00015,352.90952
5259,CNN,2013-12-17 02:50:00,284.91956,357.3848
5259,CNN,2013-12-17 03:00:00,282.09207,342.4383
5259,CNN,2013-12-17 03:10:00,316.85693,322.5685
5259,CNN,2013-12-17 03:20:00,279.53867,326.55167
5259,CNN,2013-12-17 03:30:00,316.08957,318.73407
5259,CNN,2013-12-17 03:40:00,313.36972,320.38187
5259,CNN,2013-12-17 03:50:00,296.68118,322.24237
5259,CNN,2013-12-17 04:00:00,290.39072,322.0866
5259,CNN,2013-12-17 04:10:00,339.114,317.46326
5259,CNN,2013-12-17 04:20:00,308.09247,331.4302
5259,CNN,2013-12-17 04:30:00,294.46112,340.17926
5259,CNN,2013-12-17 04:40:00,315.0319,326.21854
5259,CNN,2013-12-17 04:50:00,331.99133,332.13675
5259,CNN,2013-12-17 05:00:00,317.041,348.48038
5259,CNN,2013-12-17 05:10:00,330.7334,352.60663
5259,CNN,2013-12-17 05:20:00,338.5261,355.13385
5259,CNN,2013-12-17 05:30:00,311.98495,363.42175
5259,CNN,2013-12-17 05:40:00,377.2446,357.09103
5259,CNN,2013-12-17 05:50:00,364.60797,372.12274
5259,CNN,2013-12-17 06:00:00,463.99982,386.72495
5259,CNN,2013-12-17 06:10:00,515.5596,436.00827
5259,CNN,2013-12-17 06:20:00,516.2354,502.17432
5259,CNN,2013-12-17 06:30:00,538.05585,542.76056
5259,CNN,2013-12-17 06:40:00,723.5852,580.1325
5259,CNN,2013-12-17 06:50:00,763.5819,698.1684
5259,CNN,2013-12-17 07:00:00,728.2444,834.09393
5259,CNN,2013-12-17 07:10:00,929.1893,879.56964
5259,CNN,2013-12-17 07:20:00,1197.8625,991.09595
5259,CNN,2013-12-17 07:30:00,1237.74,1235.117
5259,CNN,2013-12-17 07:40:00,1657.8983,1423.9735
5259,CNN,2013-12-17 07:50:00,1860.2917,1694.9714
5259,CNN,2013-12-17 08:00:00,2083.8604,1942.036
5259,CNN,2013-12-17 08:10:00,2054.5942,2163.6414
5259,CNN,2013-12-17 08:20:00,2340.4487,2270.9177
5259,CNN,2013-12-17 08:30:00,2494.3694,2419.3416
5259,CNN,2013-12-17 08:40:00,2697.0933,2583.4233
5259,CNN,2013-12-17 08:50:00,2653.805,2729.1758
5259,CNN,2013-12-17 09:00:00,2913.4268,2801.8032
5259,CNN,2013-12-17 09:10:00,2943.049,2909.5266
5259,CNN,2013-12-17 09:20:00,2912.6917,3009.1409
5259,CNN,2013-12-17 09:30:00,2882.7917,3045.275
5259,CNN,2013-12-17 09:40:00,2897.9875,3014.1755
5259,CNN,2013-12-17 09:50:00,3178.6436,2987.2043
5259,CNN,2013-12-17 10:00:00,2957.539,3095.7454
5259,CNN,2013-12-17 10:10:00,3091.1826,3086.5786
5259,CNN,2013-12-17 10:20:00,2935.6855,3072.6035
5259,CNN,2013-12-17 10:30:00,3038.8826,3067.428
5259,CNN,2013-12-17 10:40:00,3033.9995,3093.3245
5259,CNN,2013-12-17 10:50:00,3046.005,3142.567
5259,CNN,2013-12-17 11:00:00,3170.3352,3124.7178
5259,CNN,2013-12-17 11:10:00,3287.0544,3178.1484
5259,CNN,2013-12-17 11:20:00,3273.398,3278.223
5259,CNN,2013-12-17 11:30:00,3428.1892,3328.4917
5259,CNN,2013-12-17 11:40:00,3300.2437,3373.6665
5259,CNN,2013-12-17 11:50:00,3524.2598,3378.8523
5259,CNN,2013-12-17 12:00:00,3532.397,3453.8413
5259,CNN,2013-12-17 12:10:00,3420.4385,3485.3208
5259,CNN,2013-12-17 12:20:00,3283.0588,3470.6746
5259,CNN,2013-12-17 12:30:00,3427.2717,3384.201
5259,CNN,2013-12-17 12:40:00,3333.6228,3357.2427
5259,CNN,2013-12-17 12:50:00,3423.7214,3327.9177
5259,CNN,2013-12-17 13:00:00,3479.524,3300.7156
5259,CNN,2013-12-17 13:10:00,3253.9463,3340.7754
5259,CNN,2013-12-17 13:20:00,3157.2212,3301.8938
5259,CNN,2013-12-17 13:30:00,3336.7227,3217.5176
5259,CNN,2013-12-17 13:40:00,3390.9922,3212.3843
5259,CNN,2013-12-17 13:50:00,3404.9238,3255.0288
5259,CNN,2013-12-17 14:00:00,3288.246,3312.797
5259,CNN,2013-12-17 14:10:00,3316.8,3295.8347
5259,CNN,2013-12-17 14:20:00,3067.6777,3295.1023
5259,CNN,2013-12-17 14:30:00,3504.3923,3229.6782
5259,CNN,2013-12-17 14:40:00,3546.8486,3254.38
5259,CNN,2013-12-17 14:50:00,3474.9421,3375.7722
5259,CNN,2013-12-17 15:00:00,3474.5674,3398.697
5259,CNN,2013-12-17 15:10:00,3764.5303,3396.9297
5259,CNN,2013-12-17 15:20:00,3574.871,3501.4893
5259,CNN,2013-12-17 15:30:00,3395.2378,3505.3572
5259,CNN,2013-12-17 15:40:00,3378.8628,3433.447
5259,CNN,2013-12-17 15:50:00,3221.695,3374.3438
5259,CNN,2013-12-17 16:00:00,3290.868,3318.2595
5259,CNN,2013-12-17 16:10:00,3329.6926,3229.8777
5259,CNN,2013-12-17 16:20:00,3222.8572,3198.634
5259,CNN,2013-12-17 16:30:00,3108.7495,3142.9463
5259,CNN,2013-12-17 16:40:00,2915.6516,3102.4875
5259,CNN,2013-12-17 16:50:00,2874.3008,3022.21
5259,CNN,2013-12-17 17:00:00,2772.0293,2929.573
5259,CNN,2013-12-17 17:10:00,2927.0054,2827.47
5259,CNN,2013-12-17 17:20:00,2516.4592,2789.3728
5259,CNN,2013-12-17 17:30:00,2449.7654,2693.3013
5259,CNN,2013-12-17 17:40:00,2397.9626,2432.394
5259,CNN,2013-12-17 17:50:00,2353.1257,2421.9028
5259,CNN,2013-12-17 18:00:00,2134.7422,2339.283
5259,CNN,2013-12-17 18:10:00,2112.6353,2241.4155
5259,CNN,2013-12-17 18:20:00,1947.939,2047.5106
5259,CNN,2013-12-17 18:30:00,1829.2688,1956.56
5259,CNN,2013-12-17 18:40:00,1907.5632,1832.1062
5259,CNN,2013-12-17 18:50:00,1698.434,1765.791
5259,CNN,2013-12-17 19:00:00,1633.7745,1689.4784
5259,CNN,2013-12-17 19:10:00,1544.136,1571.7898
5259,CNN,2013-12-17 19:20:00,1431.9977,1525.7487
5259,CNN,2013-12-17 19:30:00,1385.274,1450.614
5259,CNN,2013-12-17 19:40:00,1527.5688,1383.4509
5259,CNN,2013-12-17 19:50:00,1436.9326,1355.381
5259,CNN,2013-12-17 20:00:00,1300.8353,1359.0361
5259,CNN,2013-12-17 20:10:00,1182.804,1272.8479
5259,CNN,2013-12-17 20:20:00,1130.9696,1190.9209
5259,CNN,2013-12-17 20:30:00,1155.9694,1139.5962
5259,CNN,2013-12-17 20:40:00,1180.3081,1112.9978
5259,CNN,2013-12-17 20:50:00,978.6412,1090.1576
5259,CNN,2013-12-17 21:00:00,988.71124,1016.0378
5259,CNN,2013-12-17 21:10:00,1085.068,939.3055
5259,CNN,2013-12-17 21:20:00,1033.1768,965.81976
5259,CNN,2013-12-17 21:30:00,944.34955,983.2203
5259,CNN,2013-12-17 21:40:00,942.0194,931.309
5259,CNN,2013-12-17 21:50:00,967.81134,904.178
5259,CNN,2013-12-17 22:00:00,1005.8289,910.84717
5259,CNN,2013-12-17 22:10:00,907.166,944.6127
5259,CNN,2013-12-17 22:20:00,756.8508,909.1037
5259,CNN,2013-12-17 22:30:00,723.37573,830.7427
5259,CNN,2013-12-17 22:40:00,765.8621,766.78894
5259,CNN,2013-12-17 22:50:00,716.9842,743.32794
5259,CNN,2013-12-17 23:00:00,661.3385,729.77893
5259,CNN,2013-12-17 23:10:00,632.7722,676.9992
5259,CNN,2013-12-17 23:20:00,580.1305,632.82587
5259,CNN,2013-12-17 23:30:00,556.2925,578.6586
5259,CNN,2013-12-17 23:40:00,602.6932,536.17334
5259,CNN,2013-12-17 23:50:00,549.747,529.0131
5259,CNN,2013-12-18 00:00:00,485.12848,538.07074
5259,CNN,2013-12-18 00:10:00,531.80493,502.0863
5259,CNN,2013-12-18 00:20:00,523.7164,481.30484
5259,CNN,2013-12-18 00:30:00,457.69116,492.5952
5259,CNN,2013-12-18 00:40:00,520.6367,485.59146
5259,CNN,2013-12-18 00:50:00,493.67102,490.76987
5259,CNN,2013-12-18 01:00:00,406.31778,487.8315
5259,CNN,2013-12-18 01:10:00,450.19852,461.25403
5259,CNN,2013-12-18 01:20:00,436.3538,443.48886
5259,CNN,2013-12-18 01:30:00,380.04153,444.10867
5259,CNN,2013-12-18 01:40:00,439.22012,420.43542
5259,CNN,2013-12-18 01:50:00,414.0453,406.5114
5259,CNN,2013-12-18 02:00:00,377.93063,413.42545
5259,CNN,2013-12-18 02:10:00,423.2731,408.64252
5259,CNN,2013-12-18 02:20:00,431.6105,408.5513
5259,CNN,2013-12-18 02:30:00,381.568,432.3556
5259,CNN,2013-12-18 02:40:00,433.5383,421.94598
5259,CNN,2013-12-18 02:50:00,402.70056,424.06586
5259,CNN,2013-12-18 03:00:00,372.7359,426.93652
5259,CNN,2013-12-18 03:10:00,415.75565,416.0511
5259,CNN,2013-12-18 03:20:00,406.3473,414.6569
5259,CNN,2013-12-18 03:30:00,371.60526,430.00598
5259,CNN,2013-12-18 03:40:00,420.7162,417.5323
5259,CNN,2013-12-18 03:50:00,392.8665,422.16986
5259,CNN,2013-12-18 04:00:00,370.8636,426.66547
5259,CNN,2013-12-18 04:10:00,419.274,408.9064
5259,CNN,2013-12-18 04:20:00,399.49872,417.00073
5259,CNN,2013-12-18 04:30:00,368.65482,426.20575
5259,CNN,2013-12-18 04:40:00,424.9937,409.7714
5259,CNN,2013-12-18 04:50:00,428.42404,414.06442
5259,CNN,2013-12-18 05:00:00,389.51395,438.53503
5259,CNN,2013-12-18 05:10:00,434.3549,431.20587
5259,CNN,2013-12-18 05:20:00,427.3218,438.7105
5259,CNN,2013-12-18 05:30:00,394.56573,452.0536
5259,CNN,2013-12-18 05:40:00,496.37943,442.86957
5259,CNN,2013-12-18 05:50:00,473.81973,466.71753
5259,CNN,2013-12-18 06:00:00,486.70123,495.17892
5259,CNN,2013-12-18 06:10:00,599.9542,502.18878
5259,CNN,2013-12-18 06:20:00,525.7067,565.0706
5259,CNN,2013-12-18 06:30:00,586.37915,587.64185
5259,CNN,2013-12-18 06:40:00,784.0884,592.13947
5259,CNN,2013-12-18 06:50:00,714.16705,724.62805
5259,CNN,2013-12-18 07:00:00,779.42487,806.99475
5259,CNN,2013-12-18 07:10:00,981.38135,839.5706
5259,CNN,2013-12-18 07:20:00,1149.291,997.6679
5259,CNN,2013-12-18 07:30:00,1348.9604,1201.5593
5259,CNN,2013-12-18 07:40:00,1568.0529,1445.4495
5259,CNN,2013-12-18 07:50:00,1768.0126,1668.7667
5259,CNN,2013-12-18 08:00:00,2023.6373,1891.9337
5259,CNN,2013-12-18 08:10:00,2272.9026,2107.8206
5259,CNN,2013-12-18 08:20:00,2444.1504,2310.996
5259,CNN,2013-12-18 08:30:00,2440.6448,2492.7578
5259,CNN,2013-12-18 08:40:00,2575.3638,2602.1729
5259,CNN,2013-12-18 08:50:00,2680.1409,2688.6604
5259,CNN,2013-12-18 09:00:00,2715.6216,2784.541
5259,CNN,2013-12-18 09:10:00,2921.397,2825.9048
5259,CNN,2013-12-18 09:20:00,2777.683,2923.1099
5259,CNN,2013-12-18 09:30:00,2773.9453,2923.9548
5259,CNN,2013-12-18 09:40:00,2989.9443,2877.839
5259,CNN,2013-12-18 09:50:00,2846.941,2951.6191
5259,CNN,2013-12-18 10:00:00,2811.032,2933.2732
5259,CNN,2013-12-18 10:10:00,3279.4287,2894.0718
5259,CNN,2013-12-18 10:20:00,3163.4817,3081.7473
5259,CNN,2013-12-18 10:30:00,3015.9001,3193.8616
5259,CNN,2013-12-18 10:40:00,3284.274,3213.554
5259,CNN,2013-12-18 10:50:00,3299.7688,3258.3674
5259,CNN,2013-12-18 11:00:00,2981.039,3373.6255
5259,CNN,2013-12-18 11:10:00,3214.531,3312.555
5259,CNN,2013-12-18 11:20:00,3171.6145,3265.5518
5259,CNN,2013-12-18 11:30:00,3339.469,3271.8296
5259,CNN,2013-12-18 11:40:00,3410.105,3303.1702
5259,CNN,2013-12-18 11:50:00,3605.2385,3364.4097
5259,CNN,2013-12-18 12:00:00,3426.0024,3434.422
5259,CNN,2013-12-18 12:10:00,3416.0273,3465.8328
5259,CNN,2013-12-18 12:20:00,3399.9404,3429.9834
5259,CNN,2013-12-18 12:30:00,3227.8,3437.817
5259,CNN,2013-12-18 12:40:00,3338.311,3359.7688
5259,CNN,2013-12-18 12:50:00,3355.9119,3275.883
5259,CNN,2013-12-18 13:00:00,3166.157,3295.9023
5259,CNN,2013-12-18 13:10:00,3369.87,3246.041
5259,CNN,2013-12-18 13:20:00,3113.4395,3225.696
5259,CNN,2013-12-18 13:30:00,3275.354,3197.4937
5259,CNN,2013-12-18 13:40:00,3055.2415,3177.0354
5259,CNN,2013-12-18 13:50:00,2968.3508,3135.156
5259,CNN,2013-12-18 14:00:00,2976.4424,2997.8174
5259,CNN,2013-12-18 14:10:00,2978.9148,2971.9282
5259,CNN,2013-12-18 14:20:00,2843.1064,2923.2249
5259,CNN,2013-12-18 14:30:00,2873.2676,2879.8433
5259,CNN,2013-12-18 14:40:00,3034.583,2829.4382
5259,CNN,2013-12-18 14:50:00,2952.284,2898.5137
5259,CNN,2013-12-18 15:00:00,2992.3245,2913.3928
5259,CNN,2013-12-18 15:10:00,3030.435,2897.4412
5259,CNN,2013-12-18 15:20:00,2983.1575,2913.4272
5259,CNN,2013-12-18 15:30:00,2836.9736,2892.9048
5259,CNN,2013-12-18 15:40:00,2978.4668,2838.2039
5259,CNN,2013-12-18 15:50:00,3022.2869,2810.059
5259,CNN,2013-12-18 16:00:00,2991.5867,2875.1956
5259,CNN,2013-12-18 16:10:00,2801.4204,2877.9917
5259,CNN,2013-12-18 16:20:00,2843.474,2834.3142
5259,CNN,2013-12-18 16:30:00,2739.062,2740.485
5259,CNN,2013-12-18 16:40:00,2828.4387,2716.342
5259,CNN,2013-12-18 16:50:00,2639.4653,2680.2053
5259,CNN,2013-12-18 17:00:00,2697.9636,2636.9355
5259,CNN,2013-12-18 17:10:00,2509.2979,2540.623
5259,CNN,2013-12-18 17:20:00,2373.9258,2522.761
5259,CNN,2013-12-18 17:30:00,2274.869,2381.6587
5259,CNN,2013-12-18 17:40:00,2122.9448,2318.5881
5259,CNN,2013-12-18 17:50:00,2104.6555,2170.018
5259,CNN,2013-12-18 18:00:00,1954.2173,2079.8303
5259,CNN,2013-12-18 18:10:00,1900.6038,1998.7346
5259,CNN,2013-12-18 18:20:00,1830.8047,1848.4493
5259,CNN,2013-12-18 18:30:00,1645.0161,1769.7181
5259,CNN,2013-12-18 18:40:00,1657.5728,1662.7766
5259,CNN,2013-12-18 18:50:00,1499.596,1597.2346
5259,CNN,2013-12-18 19:00:00,1415.3047,1517.1162
5259,CNN,2013-12-18 19:10:00,1484.5228,1420.7626
5259,CNN,2013-12-18 19:20:00,1344.598,1389.4585
5259,CNN,2013-12-18 19:30:00,1296.4246,1346.089
5259,CNN,2013-12-18 19:40:00,1235.2766,1254.2869
5259,CNN,2013-12-18 19:50:00,1203.808,1215.7363
5259,CNN,2013-12-18 20:00:00,1060.9435,1174.5206
5259,CNN,2013-12-18 20:10:00,1170.2112,1124.0762
5259,CNN,2013-12-18 20:20:00,993.6036,1064.0323
5259,CNN,2013-12-18 20:30:00,968.93866,1038.3901
5259,CNN,2013-12-18 20:40:00,1047.5736,939.1513
5259,CNN,2013-12-18 20:50:00,1083.4265,933.8712
5259,CNN,2013-12-18 21:00:00,916.08826,965.89813
5259,CNN,2013-12-18 21:10:00,1061.1027,942.8975
5259,CNN,2013-12-18 21:20:00,863.02856,926.431
5259,CNN,2013-12-18 21:30:00,815.0374,921.5696
5259,CNN,2013-12-18 21:40:00,800.18884,832.1158
5259,CNN,2013-12-18 21:50:00,839.25116,804.6224
5259,CNN,2013-12-18 22:00:00,747.428,791.435
5259,CNN,2013-12-18 22:10:00,753.55945,774.04706
5259,CNN,2013-12-18 22:20:00,731.6779,713.78375
5259,CNN,2013-12-18 22:30:00,626.659,702.11096
5259,CNN,2013-12-18 22:40:00,700.3663,673.04877
5259,CNN,2013-12-18 22:50:00,573.64374,645.20636
5259,CNN,2013-12-18 23:00:00,551.97705,615.18005
5259,CNN,2013-12-18 23:10:00,509.2812,544.0106
5259,CNN,2013-12-18 23:20:00,505.8967,503.14044
5259,CNN,2013-12-18 23:30:00,428.34677,469.89264
5259,CNN,2013-12-18 23:40:00,451.18958,455.85788
5259,CNN,2013-12-18 23:50:00,433.8096,418.64395
5259,CNN,2013-12-19 00:00:00,382.50232,417.14633
5259,CNN,2013-12-19 00:10:00,425.52,402.75516
5259,CNN,2013-12-19 00:20:00,422.1245,388.29236
5259,CNN,2013-12-19 00:30:00,365.89777,398.7788
5259,CNN,2013-12-19 00:40:00,390.98126,388.3341
5259,CNN,2013-12-19 00:50:00,364.15405,375.0919
5259,CNN,2013-12-19 01:00:00,346.4092,370.3416
5259,CNN,2013-12-19 01:10:00,363.6704,362.48376
5259,CNN,2013-12-19 01:20:00,336.38782,374.6575
5259,CNN,2013-12-19 01:30:00,334.36816,366.23203
5259,CNN,2013-12-19 01:40:00,341.22464,360.04706
5259,CNN,2013-12-19 01:50:00,362.49945,352.1953
5259,CNN,2013-12-19 02:00:00,318.2502,370.21268
5259,CNN,2013-12-19 02:10:00,352.77246,361.75296
5259,CNN,2013-12-19 02:20:00,335.25732,357.37686
5259,CNN,2013-12-19 02:30:00,325.40125,357.75415
5259,CNN,2013-12-19 02:40:00,332.80957,349.46146
5259,CNN,2013-12-19 02:50:00,322.70392,349.5311
5259,CNN,2013-12-19 03:00:00,294.57678,347.80872
5259,CNN,2013-12-19 03:10:00,348.22983,333.6793
5259,CNN,2013-12-19 03:20:00,315.64874,339.85025
5259,CNN,2013-12-19 03:30:00,298.32684,343.89655
5259,CNN,2013-12-19 03:40:00,366.72327,325.59906
5259,CNN,2013-12-19 03:50:00,309.5078,346.3043
5259,CNN,2013-12-19 04:00:00,294.11905,349.74826
5259,CNN,2013-12-19 04:10:00,335.91272,322.35828
5259,CNN,2013-12-19 04:20:00,328.00903,331.51752
5259,CNN,2013-12-19 04:30:00,307.71188,343.57907
5259,CNN,2013-12-19 04:40:00,398.04947,342.21057
5259,CNN,2013-12-19 04:50:00,327.98383,365.11072
5259,CNN,2013-12-19 05:00:00,329.04965,377.98624
5259,CNN,2013-12-19 05:10:00,384.1742,351.2382
5259,CNN,2013-12-19 05:20:00,277.47937,380.8734
5259,CNN,2013-12-19 05:30:00,274.72568,359.58966
5259,CNN,2013-12-19 05:40:00,325.9572,315.18997
5259,CNN,2013-12-19 05:50:00,334.89874,323.67728
5259,CNN,2013-12-19 06:00:00,386.31302,343.81055
5259,CNN,2013-12-19 06:10:00,424.3793,381.51364
5259,CNN,2013-12-19 06:20:00,477.29263,415.5992
5259,CNN,2013-12-19 06:30:00,715.128,479.32056
5259,CNN,2013-12-19 06:40:00,884.72595,619.89514
5259,CNN,2013-12-19 06:50:00,785.541,867.9351
5259,CNN,2013-12-19 07:00:00,678.97546,964.92456
5259,CNN,2013-12-19 07:10:00,819.58746,936.1399
5259,CNN,2013-12-19 07:20:00,879.0157,963.5531
5259,CNN,2013-12-19 07:30:00,1063.2784,1042.3616
5259,CNN,2013-12-19 07:40:00,1343.3224,1188.063
5259,CNN,2013-12-19 07:50:00,1527.7471,1407.0424
5259,CNN,2013-12-19 08:00:00,1859.0156,1646.9963
5259,CNN,2013-12-19 08:10:00,1937.3192,1904.6891
5259,CNN,2013-12-19 08:20:00,2040.3125,2071.9111
5259,CNN,2013-12-19 08:30:00,2293.7754,2192.633
5259,CNN,2013-12-19 08:40:00,2391.542,2383.5974
5259,CNN,2013-12-19 08:50:00,2310.9873,2505.0398
5259,CNN,2013-12-19 09:00:00,2419.8958,2550.0225
5259,CNN,2013-12-19 09:10:00,2641.6396,2534.6018
5259,CNN,2013-12-19 09:20:00,2614.3938,2670.3645
5259,CNN,2013-12-19 09:30:00,2709.894,2711.275
5259,CNN,2013-12-19 09:40:00,2891.0874,2774.3628
5259,CNN,2013-12-19 09:50:00,2683.944,2886.092
5259,CNN,2013-12-19 10:00:00,2721.842,2846.9153
5259,CNN,2013-12-19 10:10:00,2922.3674,2769.035
5259,CNN,2013-12-19 10:20:00,2925.5017,2835.0723
5259,CNN,2013-12-19 10:30:00,2795.0598,2902.453
5259,CNN,2013-12-19 10:40:00,2981.7654,2923.3743
5259,CNN,2013-12-19 10:50:00,2826.9607,2984.8235
5259,CNN,2013-12-19 11:00:00,2799.4988,3002.5261
5259,CNN,2013-12-19 11:10:00,3123.9639,2932.7166
5259,CNN,2013-12-19 11:20:00,3150.1438,3060.5945
5259,CNN,2013-12-19 11:30:00,3046.8457,3147.968
5259,CNN,2013-12-19 11:40:00,3468.6465,3160.2683
5259,CNN,2013-12-19 11:50:00,3090.9265,3283.962
5259,CNN,2013-12-19 12:00:00,3197.6746,3274.6746
5259,CNN,2013-12-19 12:10:00,3417.0127,3198.57
5259,CNN,2013-12-19 12:20:00,2906.8586,3318.8552
5259,CNN,2013-12-19 12:30:00,3040.736,3223.2202
5259,CNN,2013-12-19 12:40:00,3329.9263,3048.4814
5259,CNN,2013-12-19 12:50:00,3320.116,3168.0122
5259,CNN,2013-12-19 13:00:00,3093.6794,3185.557
5259,CNN,2013-12-19 13:10:00,3205.8435,3205.8528
5259,CNN,2013-12-19 13:20:00,2994.403,3105.0708
5259,CNN,2013-12-19 13:30:00,2840.9158,3124.7246
5259,CNN,2013-12-19 13:40:00,2868.2764,2967.8738
5259,CNN,2013-12-19 13:50:00,2783.3262,2902.0625
5259,CNN,2013-12-19 14:00:00,2646.1895,2795.3042
5259,CNN,2013-12-19 14:10:00,2663.997,2734.3054
5259,CNN,2013-12-19 14:20:00,2644.556,2672.679
5259,CNN,2013-12-19 14:30:00,2672.2568,2624.702
5259,CNN,2013-12-19 14:40:00,2697.133,2623.852
5259,CNN,2013-12-19 14:50:00,2690.9583,2624.8071
5259,CNN,2013-12-19 15:00:00,2776.7083,2639.207
5259,CNN,2013-12-19 15:10:00,2705.3884,2656.2314
5259,CNN,2013-12-19 15:20:00,2695.6719,2619.0227
5259,CNN,2013-12-19 15:30:00,2693.8853,2580.6135
5259,CNN,2013-12-19 15:40:00,2853.3987,2620.997
5259,CNN,2013-12-19 15:50:00,2749.0474,2649.3533
5259,CNN,2013-12-19 16:00:00,3048.158,2666.6052
5259,CNN,2013-12-19 16:10:00,3068.6235,2781.5256
5259,CNN,2013-12-19 16:20:00,3087.5913,2860.5952
5259,CNN,2013-12-19 16:30:00,3060.1067,2899.426
5259,CNN,2013-12-19 16:40:00,2897.219,2908.3506
5259,CNN,2013-12-19 16:50:00,2815.6306,2885.5708
5259,CNN,2013-12-19 17:00:00,2529.0251,2796.7615
5259,CNN,2013-12-19 17:10:00,2245.4712,2690.6885
5259,CNN,2013-12-19 17:20:00,2233.3381,2434.1602
5259,CNN,2013-12-19 17:30:00,2286.0046,2243.012
5259,CNN,2013-12-19 17:40:00,2205.617,2175.7676
5259,CNN,2013-12-19 17:50:00,1936.1971,2154.1113
5259,CNN,2013-12-19 18:00:00,1866.6299,1995.8757
5259,CNN,2013-12-19 18:10:00,1681.9673,1831.823
5259,CNN,2013-12-19 18:20:00,1652.0214,1744.8279
5259,CNN,2013-12-19 18:30:00,1538.9087,1622.2853
5259,CNN,2013-12-19 18:40:00,1475.5172,1555.8153
5259,CNN,2013-12-19 18:50:00,1352.8419,1464.5609
5259,CNN,2013-12-19 19:00:00,1158.3793,1415.4723
5259,CNN,2013-12-19 19:10:00,1261.2252,1292.221
5259,CNN,2013-12-19 19:20:00,1102.8248,1246.6769
5259,CNN,2013-12-19 19:30:00,1114.7931,1187.47
5259,CNN,2013-12-19 19:40:00,1173.9225,1117.8666
5259,CNN,2013-12-19 19:50:00,1068.9015,1098.6108
5259,CNN,2013-12-19 20:00:00,939.72955,1061.907
5259,CNN,2013-12-19 20:10:00,1005.5471,958.34863
5259,CNN,2013-12-19 20:20:00,993.1734,909.0609
5259,CNN,2013-12-19 20:30:00,919.0538,912.087
5259,CNN,2013-12-19 20:40:00,906.5617,896.4525
5259,CNN,2013-12-19 20:50:00,883.3217,869.4084
5259,CNN,2013-12-19 21:00:00,956.2233,866.9956
5259,CNN,2013-12-19 21:10:00,833.2599,880.8817
5259,CNN,2013-12-19 21:20:00,928.9671,836.7359
5259,CNN,2013-12-19 21:30:00,825.7767,818.83636
5259,CNN,2013-12-19 21:40:00,843.0537,823.7651
5259,CNN,2013-12-19 21:50:00,873.6688,802.3626
5259,CNN,2013-12-19 22:00:00,799.6934,814.05176
5259,CNN,2013-12-19 22:10:00,756.8203,800.97144
5259,CNN,2013-12-19 22:20:00,680.18646,749.207
5259,CNN,2013-12-19 22:30:00,654.8073,710.4308
5259,CNN,2013-12-19 22:40:00,658.9542,669.17584
5259,CNN,2013-12-19 22:50:00,670.3719,643.34265
5259,CNN,2013-12-19 23:00:00,609.7657,631.17816
5259,CNN,2013-12-19 23:10:00,572.6031,611.5651
5259,CNN,2013-12-19 23:20:00,546.6251,565.01807
5259,CNN,2013-12-19 23:30:00,445.5345,531.8891
5259,CNN,2013-12-19 23:40:00,416.4778,484.89865
5259,CNN,2013-12-19 23:50:00,437.19073,433.09528
5259,CNN,2013-12-20 00:00:00,388.09546,408.3255
5259,CNN,2013-12-20 00:10:00,445.26297,386.31696
5259,CNN,2013-12-20 00:20:00,432.44376,383.11362
5259,CNN,2013-12-20 00:30:00,399.51376,391.33585
5259,CNN,2013-12-20 00:40:00,385.19983,391.52155
5259,CNN,2013-12-20 00:50:00,376.388,395.69968
5259,CNN,2013-12-20 01:00:00,302.2584,390.176
5259,CNN,2013-12-20 01:10:00,334.0398,363.8938
5259,CNN,2013-12-20 01:20:00,321.2563,334.3853
5259,CNN,2013-12-20 01:30:00,274.6669,320.93085
5259,CNN,2013-12-20 01:40:00,295.47778,301.70935
5259,CNN,2013-12-20 01:50:00,303.47922,288.3026
5259,CNN,2013-12-20 02:00:00,269.95355,302.63217
5259,CNN,2013-12-20 02:10:00,264.63657,299.10565
5259,CNN,2013-12-20 02:20:00,304.62817,290.50235
5259,CNN,2013-12-20 02:30:00,258.48502,294.45416
5259,CNN,2013-12-20 02:40:00,254.43987,289.95096
5259,CNN,2013-12-20 02:50:00,292.40668,268.99564
5259,CNN,2013-12-20 03:00:00,244.99835,282.33865
5259,CNN,2013-12-20 03:10:00,281.62976,277.865
5259,CNN,2013-12-20 03:20:00,310.6495,277.5038
5259,CNN,2013-12-20 03:30:00,270.8539,311.931
5259,CNN,2013-12-20 03:40:00,288.6706,312.50003
5259,CNN,2013-12-20 03:50:00,311.6656,313.74725
5259,CNN,2013-12-20 04:00:00,340.30853,326.5873
5259,CNN,2013-12-20 04:10:00,257.40024,354.10977
5259,CNN,2013-12-20 04:20:00,263.83505,333.03122
5259,CNN,2013-12-20 04:30:00,236.5824,299.37915
5259,CNN,2013-12-20 04:40:00,278.82315,283.0283
5259,CNN,2013-12-20 04:50:00,284.65662,285.40448
5259,CNN,2013-12-20 05:00:00,254.3376,298.90112
5259,CNN,2013-12-20 05:10:00,276.81293,285.51083
5259,CNN,2013-12-20 05:20:00,281.8144,288.31805
5259,CNN,2013-12-20 05:30:00,239.26895,297.24945
5259,CNN,2013-12-20 05:40:00,286.4895,284.89505
5259,CNN,2013-12-20 05:50:00,352.1236,287.06546
5259,CNN,2013-12-20 06:00:00,332.02835,330.98914
5259,CNN,2013-12-20 06:10:00,333.04712,358.49326
5259,CNN,2013-12-20 06:20:00,385.95535,357.91434
5259,CNN,2013-12-20 06:30:00,387.94476,387.2716
5259,CNN,2013-12-20 06:40:00,561.6153,420.16245
5259,CNN,2013-12-20 06:50:00,627.85767,509.88486
5259,CNN,2013-12-20 07:00:00,701.8379,636.94745
5259,CNN,2013-12-20 07:10:00,829.52094,751.8733
5259,CNN,2013-12-20 07:20:00,994.8754,907.93884
5259,CNN,2013-12-20 07:30:00,1025.4429,1097.8875
5259,CNN,2013-12-20 07:40:00,1384.3286,1229.7491
5259,CNN,2013-12-20 07:50:00,1571.4775,1477.2375
5259,CNN,2013-12-20 08:00:00,1814.9302,1724.1768
5259,CNN,2013-12-20 08:10:00,2100.2092,1955.1954
5259,CNN,2013-12-20 08:20:00,2204.1826,2174.0708
5259,CNN,2013-12-20 08:30:00,2249.3416,2332.9653
5259,CNN,2013-12-20 08:40:00,2339.186,2452.7837
5259,CNN,2013-12-20 08:50:00,2431.0935,2517.5637
5259,CNN,2013-12-20 09:00:00,2359.0098,2597.8354
5259,CNN,2013-12-20 09:10:00,2436.4668,2588.766
5259,CNN,2013-12-20 09:20:00,2569.6575,2576.0662
5259,CNN,2013-12-20 09:30:00,2629.2473,2619.0684
5259,CNN,2013-12-20 09:40:00,2746.3516,2656.8228
5259,CNN,2013-12-20 09:50:00,2668.5208,2742.536
5259,CNN,2013-12-20 10:00:00,2748.2458,2750.0435
5259,CNN,2013-12-20 10:10:00,2844.245,2779.563
5259,CNN,2013-12-20 10:20:00,2771.4475,2851.4456
5259,CNN,2013-12-20 10:30:00,2981.772,2855.0586
5259,CNN,2013-12-20 10:40:00,3096.7256,2943.3066
5259,CNN,2013-12-20 10:50:00,2980.405,3074.1653
5259,CNN,2013-12-20 11:00:00,2922.0237,3123.191
5259,CNN,2013-12-20 11:10:00,3167.6196,3099.8843
5259,CNN,2013-12-20 11:20:00,3094.6333,3168.173
5259,CNN,2013-12-20 11:30:00,3288.5479,3193.073
5259,CNN,2013-12-20 11:40:00,3428.2273,3239.9314
5259,CNN,2013-12-20 11:50:00,3247.311,3330.3687
5259,CNN,2013-12-20 12:00:00,3309.42,3304.725
5259,CNN,2013-12-20 12:10:00,3445.0588,3291.723
5259,CNN,2013-12-20 12:20:00,3121.7588,3372.2964
5259,CNN,2013-12-20 12:30:00,3351.352,3301.3672
5259,CNN,2013-12-20 12:40:00,3261.4304,3284.4814
5259,CNN,2013-12-20 12:50:00,3091.6462,3302.097
5259,CNN,2013-12-20 13:00:00,3273.6484,3218.2627
5259,CNN,2013-12-20 13:10:00,3073.1973,3190.7573
5259,CNN,2013-12-20 13:20:00,3069.32,3149.3616
5259,CNN,2013-12-20 13:30:00,2959.3398,3076.836
5259,CNN,2013-12-20 13:40:00,3132.4456,3037.6226
5259,CNN,2013-12-20 13:50:00,2841.3792,3043.1487
5259,CNN,2013-12-20 14:00:00,2857.4458,2978.7107
5259,CNN,2013-12-20 14:10:00,2897.9282,2827.2974
5259,CNN,2013-12-20 14:20:00,2816.0342,2862.7808
5259,CNN,2013-12-20 14:30:00,2770.7969,2827.0427
5259,CNN,2013-12-20 14:40:00,3127.0876,2779.115
5259,CNN,2013-12-20 14:50:00,2878.5342,2888.3958
5259,CNN,2013-12-20 15:00:00,3007.1934,2880.8975
5259,CNN,2013-12-20 15:10:00,2896.5752,2876.5547
5259,CNN,2013-12-20 15:20:00,2922.5242,2861.0015
5259,CNN,2013-12-20 15:30:00,2883.4846,2822.59
5259,CNN,2013-12-20 15:40:00,2909.8333,2823.7585
5259,CNN,2013-12-20 15:50:00,2684.6575,2798.2961
5259,CNN,2013-12-20 16:00:00,2849.299,2728.801
5259,CNN,2013-12-20 16:10:00,2931.25,2682.0564
5259,CNN,2013-12-20 16:20:00,2573.3013,2758.474
5259,CNN,2013-12-20 16:30:00,2515.543,2663.1047
5259,CNN,2013-12-20 16:40:00,2507.9436,2488.2876
5259,CNN,2013-12-20 16:50:00,2226.5347,2455.7905
5259,CNN,2013-12-20 17:00:00,2203.5464,2332.22
5259,CNN,2013-12-20 17:10:00,2082.3489,2165.3838
5259,CNN,2013-12-20 17:20:00,1719.5378,2040.3428
5259,CNN,2013-12-20 17:30:00,1901.25,1835.1022
5259,CNN,2013-12-20 17:40:00,1769.554,1732.346
5259,CNN,2013-12-20 17:50:00,1628.4905,1694.8372
5259,CNN,2013-12-20 18:00:00,1499.5219,1614.3201
5259,CNN,2013-12-20 18:10:00,1488.8445,1539.9606
5259,CNN,2013-12-20 18:20:00,1333.2394,1471.5139
5259,CNN,2013-12-20 18:30:00,1216.8798,1418.2598
5259,CNN,2013-12-20 18:40:00,1138.0107,1273.3619
5259,CNN,2013-12-20 18:50:00,1066.633,1212.794
5259,CNN,2013-12-20 19:00:00,1032.1316,1141.1954
5259,CNN,2013-12-20 19:10:00,1043.8257,1067.5891
5259,CNN,2013-12-20 19:20:00,1009.77686,1024.189
5259,CNN,2013-12-20 19:30:00,895.5724,1004.28467
5259,CNN,2013-12-20 19:40:00,914.85645,939.8269
5259,CNN,2013-12-20 19:50:00,885.69586,880.4858
5259,CNN,2013-12-20 20:00:00,917.4472,855.2241
5259,CNN,2013-12-20 20:10:00,873.7311,858.1312
5259,CNN,2013-12-20 20:20:00,781.09576,838.73413
5259,CNN,2013-12-20 20:30:00,800.3652,778.70856
5259,CNN,2013-12-20 20:40:00,801.47546,757.9719
5259,CNN,2013-12-20 20:50:00,840.07153,755.847
5259,CNN,2013-12-20 21:00:00,769.9396,786.6606
5259,CNN,2013-12-20 21:10:00,678.9203,772.37427
5259,CNN,2013-12-20 21:20:00,827.21454,704.44104
5259,CNN,2013-12-20 21:30:00,803.5616,699.1755
5259,CNN,2013-12-20 21:40:00,721.7792,745.2149
5259,CNN,2013-12-20 21:50:00,781.7198,721.83057
5259,CNN,2013-12-20 22:00:00,704.7132,713.7561
5259,CNN,2013-12-20 22:10:00,847.9294,706.03076
5259,CNN,2013-12-20 22:20:00,711.7118,738.22473
5259,CNN,2013-12-20 22:30:00,733.27405,740.6918
5259,CNN,2013-12-20 22:40:00,672.7558,696.9543
5259,CNN,2013-12-20 22:50:00,650.9423,698.2359
5259,CNN,2013-12-20 23:00:00,660.82275,651.17377
5259,CNN,2013-12-20 23:10:00,704.2964,651.8773
5259,CNN,2013-12-20 23:20:00,598.08527,659.8086
5259,CNN,2013-12-20 23:30:00,612.6435,638.0237
5259,CNN,2013-12-20 23:40:00,574.4144,598.5506
5259,CNN,2013-12-20 23:50:00,538.6332,583.0522
5259,CNN,2013-12-21 00:00:00,506.62985,554.9297
5259,CNN,2013-12-21 00:10:00,487.7432,530.3067
5259,CNN,2013-12-21 00:20:00,479.391,499.3599
5259,CNN,2013-12-21 00:30:00,435.40778,481.98175
5259,CNN,2013-12-21 00:40:00,471.49017,453.52078
5259,CNN,2013-12-21 00:50:00,396.91702,442.93085
5259,CNN,2013-12-21 01:00:00,348.55618,430.69525
5259,CNN,2013-12-21 01:10:00,479.28113,378.63998
5259,CNN,2013-12-21 01:20:00,344.19623,391.53842
5259,CNN,2013-12-21 01:30:00,423.1674,391.06152
5259,CNN,2013-12-21 01:40:00,399.72092,358.86493
5259,CNN,2013-12-21 01:50:00,389.96762,379.4654
5259,CNN,2013-12-21 02:00:00,368.22296,384.30368
5259,CNN,2013-12-21 02:10:00,400.01047,395.9443
5259,CNN,2013-12-21 02:20:00,342.7416,395.8584
5259,CNN,2013-12-21 02:30:00,298.15744,397.20044
5259,CNN,2013-12-21 02:40:00,299.0245,359.26282
5259,CNN,2013-12-21 02:50:00,308.54465,332.02295
5259,CNN,2013-12-21 03:00:00,347.90204,328.6787
5259,CNN,2013-12-21 03:10:00,346.21344,344.23218
5259,CNN,2013-12-21 03:20:00,249.62515,363.26385
5259,CNN,2013-12-21 03:30:00,243.95177,318.27048
5259,CNN,2013-12-21 03:40:00,255.19742,282.75815
5259,CNN,2013-12-21 03:50:00,206.65225,271.11594
5259,CNN,2013-12-21 04:00:00,213.54369,256.14734
5259,CNN,2013-12-21 04:10:00,264.47836,231.4417
5259,CNN,2013-12-21 04:20:00,190.69513,237.41434
5259,CNN,2013-12-21 04:30:00,212.31595,223.54167
5259,CNN,2013-12-21 04:40:00,240.70879,206.87888
5259,CNN,2013-12-21 04:50:00,186.1605,233.18747
5259,CNN,2013-12-21 05:00:00,223.51172,229.55054
5259,CNN,2013-12-21 05:10:00,219.1896,233.73344
5259,CNN,2013-12-21 05:20:00,205.64354,234.07649
5259,CNN,2013-12-21 05:30:00,195.75175,234.78278
5259,CNN,2013-12-21 05:40:00,246.69402,227.93373
5259,CNN,2013-12-21 05:50:00,202.85002,248.9965
5259,CNN,2013-12-21 06:00:00,217.66115,251.74144
5259,CNN,2013-12-21 06:10:00,227.7935,241.66127
5259,CNN,2013-12-21 06:20:00,215.32538,258.58228
5259,CNN,2013-12-21 06:30:00,221.06284,257.35452
5259,CNN,2013-12-21 06:40:00,259.14685,255.87521
5259,CNN,2013-12-21 06:50:00,272.075,271.63498
5259,CNN,2013-12-21 07:00:00,285.7214,293.3813
5259,CNN,2013-12-21 07:10:00,278.958,310.28397
5259,CNN,2013-12-21 07:20:00,278.19638,320.64822
5259,CNN,2013-12-21 07:30:00,231.95676,319.47003
5259,CNN,2013-12-21 07:40:00,309.91586,306.24194
5259,CNN,2013-12-21 07:50:00,275.5203,310.48392
5259,CNN,2013-12-21 08:00:00,274.7701,314.45813
5259,CNN,2013-12-21 08:10:00,374.76315,302.29324
5259,CNN,2013-12-21 08:20:00,319.24484,342.5996
5259,CNN,2013-12-21 08:30:00,368.69528,362.2905
5259,CNN,2013-12-21 08:40:00,379.07684,367.2056
5259,CNN,2013-12-21 08:50:00,361.63367,400.3323
5259,CNN,2013-12-21 09:00:00,431.41107,407.43475
5259,CNN,2013-12-21 09:10:00,454.8043,439.14465
5259,CNN,2013-12-21 09:20:00,413.9554,474.3951
5259,CNN,2013-12-21 09:30:00,484.30368,478.18338
5259,CNN,2013-12-21 09:40:00,528.7535,499.74634
5259,CNN,2013-12-21 09:50:00,653.6567,552.11053
5259,CNN,2013-12-21 10:00:00,439.9082,657.6896
5259,CNN,2013-12-21 10:10:00,483.7058,613.04443
5259,CNN,2013-12-21 10:20:00,482.59622,528.4619
5259,CNN,2013-12-21 10:30:00,496.27115,531.67944
5259,CNN,2013-12-21 10:40:00,505.2123,532.9883
5259,CNN,2013-12-21 10:50:00,596.3699,543.0119
5259,CNN,2013-12-21 11:00:00,616.4279,565.9243
5259,CNN,2013-12-21 11:10:00,672.27057,624.0723
5259,CNN,2013-12-21 11:20:00,606.2478,680.5788
5259,CNN,2013-12-21 11:30:00,611.718,700.10205
5259,CNN,2013-12-21 11:40:00,520.16656,670.0667
5259,CNN,2013-12-21 11:50:00,497.53125,646.326
5259,CNN,2013-12-21 12:00:00,499.46503,578.79694
5259,CNN,2013-12-21 12:10:00,581.15454,546.25946
5259,CNN,2013-12-21 12:20:00,552.1506,548.9804
5259,CNN,2013-12-21 12:30:00,646.7219,571.52997
5259,CNN,2013-12-21 12:40:00,643.5367,607.8098
5259,CNN,2013-12-21 12:50:00,555.04614,648.58527
5259,CNN,2013-12-21 13:00:00,589.18256,627.68665
5259,CNN,2013-12-21 13:10:00,602.50653,613.3781
5259,CNN,2013-12-21 13:20:00,520.00256,629.5765
5259,CNN,2013-12-21 13:30:00,454.6469,584.4913
5259,CNN,2013-12-21 13:40:00,489.85046,523.66705
5259,CNN,2013-12-21 13:50:00,527.1475,488.59262
5259,CNN,2013-12-21 14:00:00,500.52725,513.70636
5259,CNN,2013-12-21 14:10:00,549.468,525.69714
5259,CNN,2013-12-21 14:20:00,474.72382,538.87213
5259,CNN,2013-12-21 14:30:00,481.09317,529.86566
5259,CNN,2013-12-21 14:40:00,564.00806,493.2259
5259,CNN,2013-12-21 14:50:00,470.29813,522.5646
5259,CNN,2013-12-21 15:00:00,507.5579,520.6199
5259,CNN,2013-12-21 15:10:00,481.74786,490.72186
5259,CNN,2013-12-21 15:20:00,476.9445,493.86627
5259,CNN,2013-12-21 15:30:00,472.4902,490.60052
5259,CNN,2013-12-21 15:40:00,574.7181,497.40616
5259,CNN,2013-12-21 15:50:00,477.47223,536.52
5259,CNN,2013-12-21 16:00:00,509.322,545.91876
5259,CNN,2013-12-21 16:10:00,582.452,514.87085
5259,CNN,2013-12-21 16:20:00,560.96,563.0446
5259,CNN,2013-12-21 16:30:00,488.48517,584.659
5259,CNN,2013-12-21 16:40:00,541.77325,562.5051
5259,CNN,2013-12-21 16:50:00,444.57492,554.2055
5259,CNN,2013-12-21 17:00:00,530.27124,534.7764
5259,CNN,2013-12-21 17:10:00,533.8649,514.4903
5259,CNN,2013-12-21 17:20:00,513.35547,533.64197
5259,CNN,2013-12-21 17:30:00,471.74976,538.75543
5259,CNN,2013-12-21 17:40:00,558.72833,527.994
5259,CNN,2013-12-21 17:50:00,478.33832,536.8727
5259,CNN,2013-12-21 18:00:00,481.84167,534.72363
5259,CNN,2013-12-21 18:10:00,559.3179,502.90796
5259,CNN,2013-12-21 18:20:00,554.10406,531.1894
5259,CNN,2013-12-21 18:30:00,547.5673,570.7424
5259,CNN,2013-12-21 18:40:00,554.0689,569.6129
5259,CNN,2013-12-21 18:50:00,477.06857,576.9413
5259,CNN,2013-12-21 19:00:00,460.978,553.4943
5259,CNN,2013-12-21 19:10:00,512.95544,519.1161
5259,CNN,2013-12-21 19:20:00,443.4748,519.93427
5259,CNN,2013-12-21 19:30:00,471.70853,510.94952
5259,CNN,2013-12-21 19:40:00,444.98468,480.75684
5259,CNN,2013-12-21 19:50:00,426.44876,460.78732
5259,CNN,2013-12-21 20:00:00,461.81088,442.09137
5259,CNN,2013-12-21 20:10:00,464.07947,447.27737
5259,CNN,2013-12-21 20:20:00,454.74393,467.72897
5259,CNN,2013-12-21 20:30:00,432.80283,473.24258
5259,CNN,2013-12-21 20:40:00,455.832,465.17792
5259,CNN,2013-12-21 20:50:00,469.57806,454.91177
5259,CNN,2013-12-21 21:00:00,430.80716,470.4741
5259,CNN,2013-12-21 21:10:00,462.619,464.31577
5259,CNN,2013-12-21 21:20:00,474.33508,473.07007
5259,CNN,2013-12-21 21:30:00,472.1514,488.0086
5259,CNN,2013-12-21 21:40:00,466.91733,497.56226
5259,CNN,2013-12-21 21:50:00,535.29535,499.62604
5259,CNN,2013-12-21 22:00:00,518.03986,522.85455
5259,CNN,2013-12-21 22:10:00,441.86853,549.3678
5259,CNN,2013-12-21 22:20:00,385.2778,514.3374
5259,CNN,2013-12-21 22:30:00,364.363,468.1489
5259,CNN,2013-12-21 22:40:00,409.0308,424.01288
5259,CNN,2013-12-21 22:50:00,324.79208,406.97873
5259,CNN,2013-12-21 23:00:00,464.2636,380.26956
5259,CNN,2013-12-21 23:10:00,556.527,384.38077
5259,CNN,2013-12-21 23:20:00,559.4772,471.41983
5259,CNN,2013-12-21 23:30:00,679.31744,540.6047
5259,CNN,2013-12-21 23:40:00,820.9844,637.6303
5259,CNN,2013-12-21 23:50:00,884.4169,791.0103
5259,CNN,2013-12-22 00:00:00,1037.0502,951.0264
5259,CNN,2013-12-22 00:10:00,994.9923,1126.7207
5259,CNN,2013-12-22 00:20:00,1163.591,1203.4817
5259,CNN,2013-12-22 00:30:00,957.0945,1295.6545
5259,CNN,2013-12-22 00:40:00,955.59314,1284.1125
5259,CNN,2013-12-22 00:50:00,995.63904,1168.9883
5259,CNN,2013-12-22 01:00:00,985.51965,1167.7076
5259,CNN,2013-12-22 01:10:00,1118.0166,1139.1464
5259,CNN,2013-12-22 01:20:00,1052.2269,1166.7955
5259,CNN,2013-12-22 01:30:00,1061.6437,1128.2606
5259,CNN,2013-12-22 01:40:00,835.6274,1079.126
5259,CNN,2013-12-22 01:50:00,1041.6499,1008.1954
5259,CNN,2013-12-22 02:00:00,999.20844,952.20337
5259,CNN,2013-12-22 02:10:00,820.4097,984.51227
5259,CNN,2013-12-22 02:20:00,755.2863,897.64355
5259,CNN,2013-12-22 02:30:00,766.4913,788.49915
5259,CNN,2013-12-22 02:40:00,650.0859,749.75116
5259,CNN,2013-12-22 02:50:00,542.87256,711.5739
5259,CNN,2013-12-22 03:00:00,566.58,618.7376
5259,CNN,2013-12-22 03:10:00,569.7812,561.9537
5259,CNN,2013-12-22 03:20:00,532.1656,542.5284
5259,CNN,2013-12-22 03:30:00,370.3822,522.40204
5259,CNN,2013-12-22 03:40:00,393.52292,435.6137
5259,CNN,2013-12-22 03:50:00,431.68192,376.95352
5259,CNN,2013-12-22 04:00:00,362.13434,371.63895
5259,CNN,2013-12-22 04:10:00,220.06572,377.62128
5259,CNN,2013-12-22 04:20:00,183.95947,308.46252
5259,CNN,2013-12-22 04:30:00,186.99693,232.54373
5259,CNN,2013-12-22 04:40:00,184.61205,190.02724
5259,CNN,2013-12-22 04:50:00,196.37656,181.10861
5259,CNN,2013-12-22 05:00:00,167.44131,175.08783
5259,CNN,2013-12-22 05:10:00,171.16751,167.92924
5259,CNN,2013-12-22 05:20:00,191.29349,166.75536
5259,CNN,2013-12-22 05:30:00,161.44588,189.9668
5259,CNN,2013-12-22 05:40:00,170.60727,192.20627
5259,CNN,2013-12-22 05:50:00,174.6964,170.75996
5259,CNN,2013-12-22 06:00:00,181.15367,196.45096
5259,CNN,2013-12-22 06:10:00,198.82335,201.35078
5259,CNN,2013-12-22 06:20:00,179.38576,224.35062
5259,CNN,2013-12-22 06:30:00,180.7942,215.34035
5259,CNN,2013-12-22 06:40:00,190.4184,227.79822
5259,CNN,2013-12-22 06:50:00,172.81429,233.21901
5259,CNN,2013-12-22 07:00:00,196.85368,234.2328
5259,CNN,2013-12-22 07:10:00,315.68027,227.6086
5259,CNN,2013-12-22 07:20:00,185.09996,278.17056
5259,CNN,2013-12-22 07:30:00,205.30139,268.22195
5259,CNN,2013-12-22 07:40:00,277.99747,225.22029
5259,CNN,2013-12-22 07:50:00,269.70776,260.37204
5259,CNN,2013-12-22 08:00:00,229.31062,295.42328
5259,CNN,2013-12-22 08:10:00,251.14209,294.99203
5259,CNN,2013-12-22 08:20:00,241.251,284.76157
5259,CNN,2013-12-22 08:30:00,260.74567,286.07385
5259,CNN,2013-12-22 08:40:00,289.55267,291.30832
5259,CNN,2013-12-22 08:50:00,317.6177,313.11758
5259,CNN,2013-12-22 09:00:00,268.85623,341.83032
5259,CNN,2013-12-22 09:10:00,294.92975,333.65448
5259,CNN,2013-12-22 09:20:00,320.86197,329.46893
5259,CNN,2013-12-22 09:30:00,332.9196,343.64215
5259,CNN,2013-12-22 09:40:00,343.0651,364.11984
5259,CNN,2013-12-22 09:50:00,319.6543,380.72635
5259,CNN,2013-12-22 10:00:00,393.04242,378.75906
5259,CNN,2013-12-22 10:10:00,390.87643,395.46805
5259,CNN,2013-12-22 10:20:00,340.58954,414.2251
5259,CNN,2013-12-22 10:30:00,336.16986,401.96567
5259,CNN,2013-12-22 10:40:00,408.23965,392.30844
5259,CNN,2013-12-22 10:50:00,390.3639,408.45944
5259,CNN,2013-12-22 11:00:00,392.3363,428.15262
5259,CNN,2013-12-22 11:10:00,410.13565,419.69635
5259,CNN,2013-12-22 11:20:00,415.60223,430.39612
5259,CNN,2013-12-22 11:30:00,443.78906,446.0525
5259,CNN,2013-12-22 11:40:00,465.2193,466.42435
5259,CNN,2013-12-22 11:50:00,453.282,489.35913
5259,CNN,2013-12-22 12:00:00,546.5487,495.76898
5259,CNN,2013-12-22 12:10:00,502.9173,532.7966
5259,CNN,2013-12-22 12:20:00,499.919,552.82574
5259,CNN,2013-12-22 12:30:00,481.3729,540.2229
5259,CNN,2013-12-22 12:40:00,523.12317,536.9178
5259,CNN,2013-12-22 12:50:00,493.44873,547.46606
5259,CNN,2013-12-22 13:00:00,613.05676,545.692
5259,CNN,2013-12-22 13:10:00,622.08905,581.2349
5259,CNN,2013-12-22 13:20:00,585.4621,627.2521
5259,CNN,2013-12-22 13:30:00,575.93835,634.5821
5259,CNN,2013-12-22 13:40:00,565.0086,630.1985
5259,CNN,2013-12-22 13:50:00,508.62466,626.5576
5259,CNN,2013-12-22 14:00:00,573.56366,591.21497
5259,CNN,2013-12-22 14:10:00,540.985,580.4385
5259,CNN,2013-12-22 14:20:00,499.356,571.5398
5259,CNN,2013-12-22 14:30:00,538.56976,542.7053
5259,CNN,2013-12-22 14:40:00,542.69696,529.7747
5259,CNN,2013-12-22 14:50:00,526.4454,547.6522
5259,CNN,2013-12-22 15:00:00,529.1866,548.30835
5259,CNN,2013-12-22 15:10:00,572.53143,543.9175
5259,CNN,2013-12-22 15:20:00,532.5491,563.47906
5259,CNN,2013-12-22 15:30:00,580.4257,565.66766
5259,CNN,2013-12-22 15:40:00,647.1941,563.2371
5259,CNN,2013-12-22 15:50:00,558.8858,618.0512
5259,CNN,2013-12-22 16:00:00,547.6403,613.77423
5259,CNN,2013-12-22 16:10:00,564.81726,584.3428
5259,CNN,2013-12-22 16:20:00,590.0939,595.19916
5259,CNN,2013-12-22 16:30:00,563.39,610.4427
5259,CNN,2013-12-22 16:40:00,624.62726,611.35266
5259,CNN,2013-12-22 16:50:00,532.387,615.7739
5259,CNN,2013-12-22 17:00:00,516.37805,600.32074
5259,CNN,2013-12-22 17:10:00,556.71545,549.33435
5259,CNN,2013-12-22 17:20:00,513.04004,559.01276
5259,CNN,2013-12-22 17:30:00,496.24185,548.7253
5259,CNN,2013-12-22 17:40:00,521.32025,526.64166
5259,CNN,2013-12-22 17:50:00,449.22076,514.9104
5259,CNN,2013-12-22 18:00:00,456.61038,492.91745
5259,CNN,2013-12-22 18:10:00,406.3913,458.69852
5259,CNN,2013-12-22 18:20:00,376.7385,437.39767
5259,CNN,2013-12-22 18:30:00,331.3848,405.57785
5259,CNN,2013-12-22 18:40:00,360.7096,371.33893
5259,CNN,2013-12-22 18:50:00,288.14633,342.38382
5259,CNN,2013-12-22 19:00:00,307.3615,315.21606
5259,CNN,2013-12-22 19:10:00,340.1692,283.5336
5259,CNN,2013-12-22 19:20:00,283.19955,299.29175
5259,CNN,2013-12-22 19:30:00,283.03537,296.2338
5259,CNN,2013-12-22 19:40:00,243.07599,279.45578
5259,CNN,2013-12-22 19:50:00,211.0859,266.31937
5259,CNN,2013-12-22 20:00:00,229.33755,237.22655
5259,CNN,2013-12-22 20:10:00,252.6313,231.32657
5259,CNN,2013-12-22 20:20:00,232.55634,239.5534
5259,CNN,2013-12-22 20:30:00,243.38852,249.24818
5259,CNN,2013-12-22 20:40:00,239.44942,249.9244
5259,CNN,2013-12-22 20:50:00,226.13972,258.1872
5259,CNN,2013-12-22 21:00:00,218.93285,258.3156
5259,CNN,2013-12-22 21:10:00,234.47743,256.18234
5259,CNN,2013-12-22 21:20:00,231.87494,260.936
5259,CNN,2013-12-22 21:30:00,213.88354,262.8962
5259,CNN,2013-12-22 21:40:00,209.93727,250.2027
5259,CNN,2013-12-22 21:50:00,209.09283,241.35548
5259,CNN,2013-12-22 22:00:00,213.3054,235.0571
5259,CNN,2013-12-22 22:10:00,238.21701,242.02945
5259,CNN,2013-12-22 22:20:00,188.37274,254.42174
5259,CNN,2013-12-22 22:30:00,219.61612,241.32368
5259,CNN,2013-12-22 22:40:00,247.00484,230.36148
5259,CNN,2013-12-22 22:50:00,202.41368,245.72182
5259,LSTM,2013-12-16 04:00:00,169.25966,198.74355
5259,LSTM,2013-12-16 04:10:00,178.00412,194.43959
5259,LSTM,2013-12-16 04:20:00,168.92126,197.15067
5259,LSTM,2013-12-16 04:30:00,171.16241,193.8914
5259,LSTM,2013-12-16 04:40:00,205.22343,193.33388
5259,LSTM,2013-12-16 04:50:00,189.87572,213.26775
5259,LSTM,2013-12-16 05:00:00,199.52766,216.68636
5259,LSTM,2013-12-16 05:10:00,182.89713,223.43568
5259,LSTM,2013-12-16 05:20:00,229.88231,216.92566
5259,LSTM,2013-12-16 05:30:00,194.64496,239.55602
5259,LSTM,2013-12-16 05:40:00,224.58917,232.36856
5259,LSTM,2013-12-16 05:50:00,237.17328,244.03656
5259,LSTM,2013-12-16 06:00:00,303.32068,257.94016
5259,LSTM,2013-12-16 06:10:00,308.52094,304.27856
5259,LSTM,2013-12-16 06:20:00,344.40997,334.0205
5259,LSTM,2013-12-16 06:30:00,428.8805,369.54037
5259,LSTM,2013-12-16 06:40:00,472.67004,436.90833
5259,LSTM,2013-12-16 06:50:00,609.2558,498.7942
5259,LSTM,2013-12-16 07:00:00,728.3173,610.5854
5259,LSTM,2013-12-16 07:10:00,860.0231,741.0861
5259,LSTM,2013-12-16 07:20:00,1125.8514,886.97955
5259,LSTM,2013-12-16 07:30:00,1168.1613,1120.9661
5259,LSTM,2013-12-16 07:40:00,1387.155,1266.186
5259,LSTM,2013-12-16 07:50:00,1756.5062,1461.2129
5259,LSTM,2013-12-16 08:00:00,2052.4333,1780.6193
5259,LSTM,2013-12-16 08:10:00,2183.5962,2037.8094
5259,LSTM,2013-12-16 08:20:00,2043.3541,2242.012
5259,LSTM,2013-12-16 08:30:00,2211.981,2314.7107
5259,LSTM,2013-12-16 08:40:00,2340.4595,2397.3674
5259,LSTM,2013-12-16 08:50:00,2499.4402,2479.596
5259,LSTM,2013-12-16 09:00:00,2422.3499,2587.153
5259,LSTM,2013-12-16 09:10:00,2569.7798,2602.3904
5259,LSTM,2013-12-16 09:20:00,2579.7612,2666.7605
5259,LSTM,2013-12-16 09:30:00,2654.0537,2699.4575
5259,LSTM,2013-12-16 09:40:00,2848.7236,2744.565
5259,LSTM,2013-12-16 09:50:00,2786.2073,2854.8047
5259,LSTM,2013-12-16 10:00:00,2861.6458,2883.5537
5259,LSTM,2013-12-16 10:10:00,2811.4268,2926.817
5259,LSTM,2013-12-16 10:20:00,2873.9026,2919.7966
5259,LSTM,2013-12-16 10:30:00,2930.763,2937.627
5259,LSTM,2013-12-16 10:40:00,3040.112,2970.0247
5259,LSTM,2013-12-16 10:50:00,3118.5771,3034.807
5259,LSTM,2013-12-16 11:00:00,2854.6624,3096.303
5259,LSTM,2013-12-16 11:10:00,2981.6665,3016.426
5259,LSTM,2013-12-16 11:20:00,3125.8438,3018.0784
5259,LSTM,2013-12-16 11:30:00,3391.409,3089.7473
5259,LSTM,2013-12-16 11:40:00,3522.35,3219.352
5259,LSTM,2013-12-16 11:50:00,3438.2263,3350.7517
5259,LSTM,2013-12-16 12:00:00,3530.8872,3400.5645
5259,LSTM,2013-12-16 12:10:00,3249.5356,3458.3274
5259,LSTM,2013-12-16 12:20:00,3270.1116,3384.2844
5259,LSTM,2013-12-16 12:30:00,3355.1326,3332.1836
5259,LSTM,2013-12-16 12:40:00,3163.86,3334.7837
5259,LSTM,2013-12-16 12:50:00,3426.3613,3242.9006
5259,LSTM,2013-12-16 13:00:00,3390.733,3318.254
5259,LSTM,2013-12-16 13:10:00,3217.6746,3341.13
5259,LSTM,2013-12-16 13:20:00,3293.2998,3289.3948
5259,LSTM,2013-12-16 13:30:00,3250.9749,3286.8362
5259,LSTM,2013-12-16 13:40:00,2988.6755,3264.905
5259,LSTM,2013-12-16 13:50:00,2891.0247,3110.6711
5259,LSTM,2013-12-16 14:00:00,2885.945,2953.0469
5259,LSTM,2013-12-16 14:10:00,3058.1343,2877.0583
5259,LSTM,2013-12-16 14:20:00,2785.3396,2965.4043
5259,LSTM,2013-12-16 14:30:00,3014.1555,2846.1284
5259,LSTM,2013-12-16 14:40:00,2961.3494,2935.5662
5259,LSTM,2013-12-16 14:50:00,2770.2827,2952.7485
5259,LSTM,2013-12-16 15:00:00,2893.5415,2853.1946
5259,LSTM,2013-12-16 15:10:00,3021.9102,2877.2737
5259,LSTM,2013-12-16 15:20:00,3028.2185,2958.5867
5259,LSTM,2013-12-16 15:30:00,3020.55,3008.141
5259,LSTM,2013-12-16 15:40:00,2886.4558,3031.5457
5259,LSTM,2013-12-16 15:50:00,2971.2048,2971.419
5259,LSTM,2013-12-16 16:00:00,2918.5884,2979.268
5259,LSTM,2013-12-16 16:10:00,2771.499,2954.9626
5259,LSTM,2013-12-16 16:20:00,2934.1196,2852.1577
5259,LSTM,2013-12-16 16:30:00,2954.7515,2900.58
5259,LSTM,2013-12-16 16:40:00,2941.6682,2937.3218
5259,LSTM,2013-12-16 16:50:00,2747.211,2953.516
5259,LSTM,2013-12-16 17:00:00,2658.7869,2850.303
5259,LSTM,2013-12-16 17:10:00,2650.0586,2726.8247
5259,LSTM,2013-12-16 17:20:00,2317.7249,2660.7925
5259,LSTM,2013-12-16 17:30:00,2560.4683,2413.8687
5259,LSTM,2013-12-16 17:40:00,2174.4463,2456.7769
5259,LSTM,2013-12-16 17:50:00,2060.105,2241.0466
5259,LSTM,2013-12-16 18:00:00,2025.3451,2065.6616
5259,LSTM,2013-12-16 18:10:00,1840.8708,1966.9198
5259,LSTM,2013-12-16 18:20:00,1864.1748,1815.3396
5259,LSTM,2013-12-16 18:30:00,1815.9196,1769.0743
5259,LSTM,2013-12-16 18:40:00,1556.177,1733.9636
5259,LSTM,2013-12-16 18:50:00,1483.8279,1566.2465
5259,LSTM,2013-12-16 19:00:00,1350.4185,1442.989
5259,LSTM,2013-12-16 19:10:00,1286.6212,1308.4983
5259,LSTM,2013-12-16 19:20:00,1215.8221,1213.3813
5259,LSTM,2013-12-16 19:30:00,1162.7462,1136.8008
5259,LSTM,2013-12-16 19:40:00,1167.423,1080.7769
5259,LSTM,2013-12-16 19:50:00,962.3014,1070.4652
5259,LSTM,2013-12-16 20:00:00,951.89545,953.86383
5259,LSTM,2013-12-16 20:10:00,927.24634,893.5974
5259,LSTM,2013-12-16 20:20:00,875.95105,858.7054
5259,LSTM,2013-12-16 20:30:00,853.0675,821.6011
5259,LSTM,2013-12-16 20:40:00,817.6552,798.6802
5259,LSTM,2013-12-16 20:50:00,764.6574,774.9285
5259,LSTM,2013-12-16 21:00:00,819.1556,738.34155
5259,LSTM,2013-12-16 21:10:00,746.0707,758.55804
5259,LSTM,2013-12-16 21:20:00,672.63776,734.13495
5259,LSTM,2013-12-16 21:30:00,686.4749,680.4858
5259,LSTM,2013-12-16 21:40:00,691.57684,662.65466
5259,LSTM,2013-12-16 21:50:00,721.8354,662.09686
5259,LSTM,2013-12-16 22:00:00,670.4379,686.35547
5259,LSTM,2013-12-16 22:10:00,651.57837,674.26184
5259,LSTM,2013-12-16 22:20:00,609.9294,657.9655
5259,LSTM,2013-12-16 22:30:00,588.9925,625.54315
5259,LSTM,2013-12-16 22:40:00,525.4099,596.52875
5259,LSTM,2013-12-16 22:50:00,516.77344,544.96497
5259,LSTM,2013-12-16 23:00:00,467.06073,513.7848
5259,LSTM,2013-12-16 23:10:00,495.03104,471.63095
5259,LSTM,2013-12-16 23:20:00,440.19058,469.50537
5259,LSTM,2013-12-16 23:30:00,458.8445,442.2352
5259,LSTM,2013-12-16 23:40:00,489.79425,442.07925
5259,LSTM,2013-12-16 23:50:00,408.49872,465.55502
5259,LSTM,2013-12-17 00:00:00,388.28894,434.74295
5259,LSTM,2013-12-17 00:10:00,415.64603,405.63513
5259,LSTM,2013-12-17 00:20:00,387.5084,407.24164
5259,LSTM,2013-12-17 00:30:00,314.92847,395.1887
5259,LSTM,2013-12-17 00:40:00,360.4596,347.49097
5259,LSTM,2013-12-17 00:50:00,302.23495,348.46494
5259,LSTM,2013-12-17 01:00:00,288.7284,319.20044
5259,LSTM,2013-12-17 01:10:00,350.71536,296.88876
5259,LSTM,2013-12-17 01:20:00,315.43918,324.14276
5259,LSTM,2013-12-17 01:30:00,325.187,323.951
5259,LSTM,2013-12-17 01:40:00,376.63162,331.07385
5259,LSTM,2013-12-17 01:50:00,344.88116,366.9971
5259,LSTM,2013-12-17 02:00:00,306.31808,370.39307
5259,LSTM,2013-12-17 02:10:00,379.13046,347.94836
5259,LSTM,2013-12-17 02:20:00,325.17874,376.31412
5259,LSTM,2013-12-17 02:30:00,319.2871,361.96405
5259,LSTM,2013-12-17 02:40:00,333.00015,348.6127
5259,LSTM,2013-12-17 02:50:00,284.91956,348.71423
5259,LSTM,2013-12-17 03:00:00,282.09207,321.1419
5259,LSTM,2013-12-17 03:10:00,316.85693,303.40698
5259,LSTM,2013-12-17 03:20:00,279.53867,315.27057
5259,LSTM,2013-12-17 03:30:00,316.08957,302.8158
5259,LSTM,2013-12-17 03:40:00,313.36972,317.8895
5259,LSTM,2013-12-17 03:50:00,296.68118,326.85098
5259,LSTM,2013-12-17 04:00:00,290.39072,322.51804
5259,LSTM,2013-12-17 04:10:00,339.114,315.75647
5259,LSTM,2013-12-17 04:20:00,308.09247,340.48105
5259,LSTM,2013-12-17 04:30:00,294.46112,337.5011
5259,LSTM,2013-12-17 04:40:00,315.0319,326.49518
5259,LSTM,2013-12-17 04:50:00,331.99133,331.43158
5259,LSTM,2013-12-17 05:00:00,317.041,344.71198
5259,LSTM,2013-12-17 05:10:00,330.7334,343.809
5259,LSTM,2013-12-17 05:20:00,338.5261,350.56793
5259,LSTM,2013-12-17 05:30:00,311.98495,358.76718
5259,LSTM,2013-12-17 05:40:00,377.2446,347.26166
5259,LSTM,2013-12-17 05:50:00,364.60797,378.02255
5259,LSTM,2013-12-17 06:00:00,463.99982,389.1128
5259,LSTM,2013-12-17 06:10:00,515.5596,453.15915
5259,LSTM,2013-12-17 06:20:00,516.2354,520.8126
5259,LSTM,2013-12-17 06:30:00,538.05585,557.04736
5259,LSTM,2013-12-17 06:40:00,723.5852,584.5649
5259,LSTM,2013-12-17 06:50:00,763.5819,705.6124
5259,LSTM,2013-12-17 07:00:00,728.2444,795.74066
5259,LSTM,2013-12-17 07:10:00,929.1893,816.5224
5259,LSTM,2013-12-17 07:20:00,1197.8625,938.25287
5259,LSTM,2013-12-17 07:30:00,1237.74,1165.2185
5259,LSTM,2013-12-17 07:40:00,1657.8983,1309.5779
5259,LSTM,2013-12-17 07:50:00,1860.2917,1635.5608
5259,LSTM,2013-12-17 08:00:00,2083.8604,1904.216
5259,LSTM,2013-12-17 08:10:00,2054.5942,2118.7043
5259,LSTM,2013-12-17 08:20:00,2340.4487,2241.419
5259,LSTM,2013-12-17 08:30:00,2494.3694,2405.0195
5259,LSTM,2013-12-17 08:40:00,2697.0933,2554.218
5259,LSTM,2013-12-17 08:50:00,2653.805,2711.4988
5259,LSTM,2013-12-17 09:00:00,2913.4268,2786.6855
5259,LSTM,2013-12-17 09:10:00,2943.049,2913.787
5259,LSTM,2013-12-17 09:20:00,2912.6917,2996.3801
5259,LSTM,2013-12-17 09:30:00,2882.7917,3027.8152
5259,LSTM,2013-12-17 09:40:00,2897.9875,3019.2488
5259,LSTM,2013-12-17 09:50:00,3178.6436,3004.332
5259,LSTM,2013-12-17 10:00:00,2957.539,3114.1821
5259,LSTM,2013-12-17 10:10:00,3091.1826,3082.582
5259,LSTM,2013-12-17 10:20:00,2935.6855,3116.7908
5259,LSTM,2013-12-17 10:30:00,3038.8826,3055.183
5259,LSTM,2013-12-17 10:40:00,3033.9995,3066.8875
5259,LSTM,2013-12-17 10:50:00,3046.005,3068.6165
5259,LSTM,2013-12-17 11:00:00,3170.3352,3074.763
5259,LSTM,2013-12-17 11:10:00,3287.0544,3135.669
5259,LSTM,2013-12-17 11:20:00,3273.398,3207.282
5259,LSTM,2013-12-17 11:30:00,3428.1892,3247.0442
5259,LSTM,2013-12-17 11:40:00,3300.2437,3325.3018
5259,LSTM,2013-12-17 11:50:00,3524.2598,3325.0166
5259,LSTM,2013-12-17 12:00:00,3532.397,3401.6401
5259,LSTM,2013-12-17 12:10:00,3420.4385,3450.3623
5259,LSTM,2013-12-17 12:20:00,3283.0588,3436.7722
5259,LSTM,2013-12-17 12:30:00,3427.2717,3373.2034
5259,LSTM,2013-12-17 12:40:00,3333.6228,3382.187
5259,LSTM,2013-12-17 12:50:00,3423.7214,3353.4802
5259,LSTM,2013-12-17 13:00:00,3479.524,3369.8064
5259,LSTM,2013-12-17 13:10:00,3253.9463,3401.3618
5259,LSTM,2013-12-17 13:20:00,3157.2212,3336.0952
5259,LSTM,2013-12-17 13:30:00,3336.7227,3232.8276
5259,LSTM,2013-12-17 13:40:00,3390.9922,3272.8723
5259,LSTM,2013-12-17 13:50:00,3404.9238,3311.911
5259,LSTM,2013-12-17 14:00:00,3288.246,3340.7454
5259,LSTM,2013-12-17 14:10:00,3316.8,3316.5513
5259,LSTM,2013-12-17 14:20:00,3067.6777,3309.8093
5259,LSTM,2013-12-17 14:30:00,3504.3923,3178.4158
5259,LSTM,2013-12-17 14:40:00,3546.8486,3310.6282
5259,LSTM,2013-12-17 14:50:00,3474.9421,3391.924
5259,LSTM,2013-12-17 15:00:00,3474.5674,3419.0366
5259,LSTM,2013-12-17 15:10:00,3764.5303,3433.21
5259,LSTM,2013-12-17 15:20:00,3574.871,3545.1968
5259,LSTM,2013-12-17 15:30:00,3395.2378,3544.803
5259,LSTM,2013-12-17 15:40:00,3378.8628,3474.6074
5259,LSTM,2013-12-17 15:50:00,3221.695,3416.71
5259,LSTM,2013-12-17 16:00:00,3290.868,3294.5234
5259,LSTM,2013-12-17 16:10:00,3329.6926,3267.4216
5259,LSTM,2013-12-17 16:20:00,3222.8572,3281.7415
5259,LSTM,2013-12-17 16:30:00,3108.7495,3238.038
5259,LSTM,2013-12-17 16:40:00,2915.6516,3155.8828
5259,LSTM,2013-12-17 16:50:00,2874.3008,2994.5576
5259,LSTM,2013-12-17 17:00:00,2772.0293,2885.4202
5259,LSTM,2013-12-17 17:10:00,2927.0054,2773.761
5259,LSTM,2013-12-17 17:20:00,2516.4592,2835.6658
5259,LSTM,2013-12-17 17:30:00,2449.7654,2607.5203
5259,LSTM,2013-12-17 17:40:00,2397.9626,2455.2488
5259,LSTM,2013-12-17 17:50:00,2353.1257,2356.327
5259,LSTM,2013-12-17 18:00:00,2134.7422,2293.5852
5259,LSTM,2013-12-17 18:10:00,2112.6353,2135.3525
5259,LSTM,2013-12-17 18:20:00,1947.939,2053.6055
5259,LSTM,2013-12-17 18:30:00,1829.2688,1921.1095
5259,LSTM,2013-12-17 18:40:00,1907.5632,1791.2317
5259,LSTM,2013-12-17 18:50:00,1698.434,1790.5033
5259,LSTM,2013-12-17 19:00:00,1633.7745,1675.4244
5259,LSTM,2013-12-17 19:10:00,1544.136,1586.7207
5259,LSTM,2013-12-17 19:20:00,1431.9977,1496.7501
5259,LSTM,2013-12-17 19:30:00,1385.274,1392.2283
5259,LSTM,2013-12-17 19:40:00,1527.5688,1321.1671
5259,LSTM,2013-12-17 19:50:00,1436.9326,1388.426
5259,LSTM,2013-12-17 20:00:00,1300.8353,1385.1912
5259,LSTM,2013-12-17 20:10:00,1182.804,1306.8927
5259,LSTM,2013-12-17 20:20:00,1130.9696,1195.2623
5259,LSTM,2013-12-17 20:30:00,1155.9694,1108.535
5259,LSTM,2013-12-17 20:40:00,1180.3081,1087.2277
5259,LSTM,2013-12-17 20:50:00,978.6412,1104.067
5259,LSTM,2013-12-17 21:00:00,988.71124,1000.10986
5259,LSTM,2013-12-17 21:10:00,1085.068,954.5837
5259,LSTM,2013-12-17 21:20:00,1033.1768,998.4772
5259,LSTM,2013-12-17 21:30:00,944.34955,1002.1621
5259,LSTM,2013-12-17 21:40:00,942.0194,955.16583
5259,LSTM,2013-12-17 21:50:00,967.81134,930.3774
5259,LSTM,2013-12-17 22:00:00,1005.8289,937.137
5259,LSTM,2013-12-17 22:10:00,907.166,969.88934
5259,LSTM,2013-12-17 22:20:00,756.8508,931.9619
5259,LSTM,2013-12-17 22:30:00,723.37573,818.9963
5259,LSTM,2013-12-17 22:40:00,765.8621,735.9165
5259,LSTM,2013-12-17 22:50:00,716.9842,721.62775
5259,LSTM,2013-12-17 23:00:00,661.3385,694.19653
5259,LSTM,2013-12-17 23:10:00,632.7722,652.9639
5259,LSTM,2013-12-17 23:20:00,580.1305,618.99194
5259,LSTM,2013-12-17 23:30:00,556.2925,574.79974
5259,LSTM,2013-12-17 23:40:00,602.6932,541.69116
5259,LSTM,2013-12-17 23:50:00,549.747,557.69867
5259,LSTM,2013-12-18 00:00:00,485.12848,542.715
5259,LSTM,2013-12-18 00:10:00,531.80493,499.5237
5259,LSTM,2013-12-18 00:20:00,523.7164,505.87338
5259,LSTM,2013-12-18 00:30:00,457.69116,510.21597
5259,LSTM,2013-12-18 00:40:00,520.6367,476.9734
5259,LSTM,2013-12-18 00:50:00,493.67102,497.31464
5259,LSTM,2013-12-18 01:00:00,406.31778,497.0563
5259,LSTM,2013-12-18 01:10:00,450.19852,446.41476
5259,LSTM,2013-12-18 01:20:00,436.3538,443.6952
5259,LSTM,2013-12-18 01:30:00,380.04153,437.69983
5259,LSTM,2013-12-18 01:40:00,439.22012,403.605
5259,LSTM,2013-12-18 01:50:00,414.0453,420.9934
5259,LSTM,2013-12-18 02:00:00,377.93063,420.2722
5259,LSTM,2013-12-18 02:10:00,423.2731,400.14957
5259,LSTM,2013-12-18 02:20:00,431.6105,416.38623
5259,LSTM,2013-12-18 02:30:00,381.568,433.27646
5259,LSTM,2013-12-18 02:40:00,433.5383,414.3247
5259,LSTM,2013-12-18 02:50:00,402.70056,433.4801
5259,LSTM,2013-12-18 03:00:00,372.7359,427.47516
5259,LSTM,2013-12-18 03:10:00,415.75565,405.6108
5259,LSTM,2013-12-18 03:20:00,406.3473,418.1666
5259,LSTM,2013-12-18 03:30:00,371.60526,421.4893
5259,LSTM,2013-12-18 03:40:00,420.7162,403.10895
5259,LSTM,2013-12-18 03:50:00,392.8665,421.3302
5259,LSTM,2013-12-18 04:00:00,370.8636,416.81223
5259,LSTM,2013-12-18 04:10:00,419.274,400.7563
5259,LSTM,2013-12-18 04:20:00,399.49872,420.0078
5259,LSTM,2013-12-18 04:30:00,368.65482,420.8306
5259,LSTM,2013-12-18 04:40:00,424.9937,402.5856
5259,LSTM,2013-12-18 04:50:00,428.42404,424.83527
5259,LSTM,2013-12-18 05:00:00,389.51395,441.11783
5259,LSTM,2013-12-18 05:10:00,434.3549,427.0612
5259,LSTM,2013-12-18 05:20:00,427.3218,443.94214
5259,LSTM,2013-12-18 05:30:00,394.56573,449.73557
5259,LSTM,2013-12-18 05:40:00,496.37943,432.62506
5259,LSTM,2013-12-18 05:50:00,473.81973,482.02548
5259,LSTM,2013-12-18 06:00:00,486.70123,498.48752
5259,LSTM,2013-12-18 06:10:00,599.9542,513.4642
5259,LSTM,2013-12-18 06:20:00,525.7067,587.5848
5259,LSTM,2013-12-18 06:30:00,586.37915,584.5867
5259,LSTM,2013-12-18 06:40:00,784.0884,613.15045
5259,LSTM,2013-12-18 06:50:00,714.16705,745.4609
5259,LSTM,2013-12-18 07:00:00,779.42487,777.45355
5259,LSTM,2013-12-18 07:10:00,981.38135,825.6326
5259,LSTM,2013-12-18 07:20:00,1149.291,968.19086
5259,LSTM,2013-12-18 07:30:00,1348.9604,1146.6722
5259,LSTM,2013-12-18 07:40:00,1568.0529,1361.5692
5259,LSTM,2013-12-18 07:50:00,1768.0126,1604.7288
5259,LSTM,2013-12-18 08:00:00,2023.6373,1846.2076
5259,LSTM,2013-12-18 08:10:00,2272.9026,2065.6455
5259,LSTM,2013-12-18 08:20:00,2444.1504,2279.484
5259,LSTM,2013-12-18 08:30:00,2440.6448,2470.9912
5259,LSTM,2013-12-18 08:40:00,2575.3638,2581.8445
5259,LSTM,2013-12-18 08:50:00,2680.1409,2684.2793
5259,LSTM,2013-12-18 09:00:00,2715.6216,2773.47
5259,LSTM,2013-12-18 09:10:00,2921.397,2831.9797
5259,LSTM,2013-12-18 09:20:00,2777.683,2933.0303
5259,LSTM,2013-12-18 09:30:00,2773.9453,2935.2253
5259,LSTM,2013-12-18 09:40:00,2989.9443,2912.8735
5259,LSTM,2013-12-18 09:50:00,2846.941,2993.37
5259,LSTM,2013-12-18 10:00:00,2811.032,2967.7356
5259,LSTM,2013-12-18 10:10:00,3279.4287,2923.475
5259,LSTM,2013-12-18 10:20:00,3163.4817,3107.408
5259,LSTM,2013-12-18 10:30:00,3015.9001,3161.8467
5259,LSTM,2013-12-18 10:40:00,3284.274,3138.7622
5259,LSTM,2013-12-18 10:50:00,3299.7688,3213.6243
5259,LSTM,2013-12-18 11:00:00,2981.039,3263.7212
5259,LSTM,2013-12-18 11:10:00,3214.531,3161.531
5259,LSTM,2013-12-18 11:20:00,3171.6145,3194.2947
5259,LSTM,2013-12-18 11:30:00,3339.469,3191.1829
5259,LSTM,2013-12-18 11:40:00,3410.105,3255.3418
5259,LSTM,2013-12-18 11:50:00,3605.2385,3319.4578
5259,LSTM,2013-12-18 12:00:00,3426.0024,3430.7053
5259,LSTM,2013-12-18 12:10:00,3416.0273,3433.2622
5259,LSTM,2013-12-18 12:20:00,3399.9404,3425.2446
5259,LSTM,2013-12-18 12:30:00,3227.8,3408.9285
5259,LSTM,2013-12-18 12:40:00,3338.311,3321.3743
5259,LSTM,2013-12-18 12:50:00,3355.9119,3316.7249
5259,LSTM,2013-12-18 13:00:00,3166.157,3325.1501
5259,LSTM,2013-12-18 13:10:00,3369.87,3237.1155
5259,LSTM,2013-12-18 13:20:00,3113.4395,3292.098
5259,LSTM,2013-12-18 13:30:00,3275.354,3195.6838
5259,LSTM,2013-12-18 13:40:00,3055.2415,3229.3694
5259,LSTM,2013-12-18 13:50:00,2968.3508,3130.148
5259,LSTM,2013-12-18 14:00:00,2976.4424,3026.9382
5259,LSTM,2013-12-18 14:10:00,2978.9148,2978.7239
5259,LSTM,2013-12-18 14:20:00,2843.1064,2965.717
5259,LSTM,2013-12-18 14:30:00,2873.2676,2877.262
5259,LSTM,2013-12-18 14:40:00,3034.583,2860.0251
5259,LSTM,2013-12-18 14:50:00,2952.284,2952.981
5259,LSTM,2013-12-18 15:00:00,2992.3245,2959.753
5259,LSTM,2013-12-18 15:10:00,3030.435,2986.445
5259,LSTM,2013-12-18 15:20:00,2983.1575,3021.469
5259,LSTM,2013-12-18 15:30:00,2836.9736,3014.101
5259,LSTM,2013-12-18 15:40:00,2978.4668,2928.7166
5259,LSTM,2013-12-18 15:50:00,3022.2869,2956.8694
5259,LSTM,2013-12-18 16:00:00,2991.5867,2998.7427
5259,LSTM,2013-12-18 16:10:00,2801.4204,3007.3618
5259,LSTM,2013-12-18 16:20:00,2843.474,2906.668
5259,LSTM,2013-12-18 16:30:00,2739.062,2869.6199
5259,LSTM,2013-12-18 16:40:00,2828.4387,2784.12
5259,LSTM,2013-12-18 16:50:00,2639.4653,2805.8481
5259,LSTM,2013-12-18 17:00:00,2697.9636,2697.8752
5259,LSTM,2013-12-18 17:10:00,2509.2979,2686.4895
5259,LSTM,2013-12-18 17:20:00,2373.9258,2561.9817
5259,LSTM,2013-12-18 17:30:00,2274.869,2414.0552
5259,LSTM,2013-12-18 17:40:00,2122.9448,2280.982
5259,LSTM,2013-12-18 17:50:00,2104.6555,2125.1118
5259,LSTM,2013-12-18 18:00:00,1954.2173,2047.3312
5259,LSTM,2013-12-18 18:10:00,1900.6038,1926.9155
5259,LSTM,2013-12-18 18:20:00,1830.8047,1845.4967
5259,LSTM,2013-12-18 18:30:00,1645.0161,1774.4639
5259,LSTM,2013-12-18 18:40:00,1657.5728,1633.5538
5259,LSTM,2013-12-18 18:50:00,1499.596,1580.4855
5259,LSTM,2013-12-18 19:00:00,1415.3047,1468.4019
5259,LSTM,2013-12-18 19:10:00,1484.5228,1369.342
5259,LSTM,2013-12-18 19:20:00,1344.598,1374.9232
5259,LSTM,2013-12-18 19:30:00,1296.4246,1307.0981
5259,LSTM,2013-12-18 19:40:00,1235.2766,1251.7833
5259,LSTM,2013-12-18 19:50:00,1203.808,1194.7153
5259,LSTM,2013-12-18 20:00:00,1060.9435,1154.8928
5259,LSTM,2013-12-18 20:10:00,1170.2112,1055.2483
5259,LSTM,2013-12-18 20:20:00,993.6036,1077.3806
5259,LSTM,2013-12-18 20:30:00,968.93866,993.53345
5259,LSTM,2013-12-18 20:40:00,1047.5736,939.396
5259,LSTM,2013-12-18 20:50:00,1083.4265,967.31866
5259,LSTM,2013-12-18 21:00:00,916.08826,1016.38245
5259,LSTM,2013-12-18 21:10:00,1061.1027,948.2387
5259,LSTM,2013-12-18 21:20:00,863.02856,1000.7201
5259,LSTM,2013-12-18 21:30:00,815.0374,914.0839
5259,LSTM,2013-12-18 21:40:00,800.18884,836.28766
5259,LSTM,2013-12-18 21:50:00,839.25116,787.6586
5259,LSTM,2013-12-18 22:00:00,747.428,791.79913
5259,LSTM,2013-12-18 22:10:00,753.55945,747.1959
5259,LSTM,2013-12-18 22:20:00,731.6779,731.3063
5259,LSTM,2013-12-18 22:30:00,626.659,715.57605
5259,LSTM,2013-12-18 22:40:00,700.3663,648.56683
5259,LSTM,2013-12-18 22:50:00,573.64374,658.9922
5259,LSTM,2013-12-18 23:00:00,551.97705,595.82355
5259,LSTM,2013-12-18 23:10:00,509.2812,550.45605
5259,LSTM,2013-12-18 23:20:00,505.8967,504.88898
5259,LSTM,2013-12-18 23:30:00,428.34677,483.3934
5259,LSTM,2013-12-18 23:40:00,451.18958,432.19147
5259,LSTM,2013-12-18 23:50:00,433.8096,422.26987
5259,LSTM,2013-12-19 00:00:00,382.50232,413.79587
5259,LSTM,2013-12-19 00:10:00,425.52,384.37265
5259,LSTM,2013-12-19 00:20:00,422.1245,397.31567
5259,LSTM,2013-12-19 00:30:00,365.89777,408.33075
5259,LSTM,2013-12-19 00:40:00,390.98126,384.67746
5259,LSTM,2013-12-19 00:50:00,364.15405,387.14517
5259,LSTM,2013-12-19 01:00:00,346.4092,375.4238
5259,LSTM,2013-12-19 01:10:00,363.6704,359.7718
5259,LSTM,2013-12-19 01:20:00,336.38782,362.80194
5259,LSTM,2013-12-19 01:30:00,334.36816,350.98535
5259,LSTM,2013-12-19 01:40:00,341.22464,344.41895
5259,LSTM,2013-12-19 01:50:00,362.49945,346.53735
5259,LSTM,2013-12-19 02:00:00,318.2502,362.32895
5259,LSTM,2013-12-19 02:10:00,352.77246,346.90625
5259,LSTM,2013-12-19 02:20:00,335.25732,358.13168
5259,LSTM,2013-12-19 02:30:00,325.40125,355.53528
5259,LSTM,2013-12-19 02:40:00,332.80957,348.2364
5259,LSTM,2013-12-19 02:50:00,322.70392,348.52405
5259,LSTM,2013-12-19 03:00:00,294.57678,343.3642
5259,LSTM,2013-12-19 03:10:00,348.22983,324.08243
5259,LSTM,2013-12-19 03:20:00,315.64874,344.86588
5259,LSTM,2013-12-19 03:30:00,298.32684,339.75674
5259,LSTM,2013-12-19 03:40:00,366.72327,326.3464
5259,LSTM,2013-12-19 03:50:00,309.5078,359.0321
5259,LSTM,2013-12-19 04:00:00,294.11905,345.89554
5259,LSTM,2013-12-19 04:10:00,335.91272,327.65668
5259,LSTM,2013-12-19 04:20:00,328.00903,341.3347
5259,LSTM,2013-12-19 04:30:00,307.71188,345.9746
5259,LSTM,2013-12-19 04:40:00,398.04947,336.6992
5259,LSTM,2013-12-19 04:50:00,327.98383,384.36227
5259,LSTM,2013-12-19 05:00:00,329.04965,371.97137
5259,LSTM,2013-12-19 05:10:00,384.1742,362.62393
5259,LSTM,2013-12-19 05:20:00,277.47937,388.67764
5259,LSTM,2013-12-19 05:30:00,274.72568,340.95065
5259,LSTM,2013-12-19 05:40:00,325.9572,308.9075
5259,LSTM,2013-12-19 05:50:00,334.89874,321.48138
5259,LSTM,2013-12-19 06:00:00,386.31302,337.36465
5259,LSTM,2013-12-19 06:10:00,424.3793,378.78046
5259,LSTM,2013-12-19 06:20:00,477.29263,426.4924
5259,LSTM,2013-12-19 06:30:00,715.128,484.50858
5259,LSTM,2013-12-19 06:40:00,884.72595,657.79236
5259,LSTM,2013-12-19 06:50:00,785.541,858.79047
5259,LSTM,2013-12-19 07:00:00,678.97546,904.6272
5259,LSTM,2013-12-19 07:10:00,819.58746,845.38904
5259,LSTM,2013-12-19 07:20:00,879.0157,878.1093
5259,LSTM,2013-12-19 07:30:00,1063.2784,924.31085
5259,LSTM,2013-12-19 07:40:00,1343.3224,1056.769
5259,LSTM,2013-12-19 07:50:00,1527.7471,1300.1715
5259,LSTM,2013-12-19 08:00:00,1859.0156,1545.1301
5259,LSTM,2013-12-19 08:10:00,1937.3192,1869.1674
5259,LSTM,2013-12-19 08:20:00,2040.3125,2044.3545
5259,LSTM,2013-12-19 08:30:00,2293.7754,2185.8594
5259,LSTM,2013-12-19 08:40:00,2391.542,2353.7898
5259,LSTM,2013-12-19 08:50:00,2310.9873,2487.409
5259,LSTM,2013-12-19 09:00:00,2419.8958,2531.354
5259,LSTM,2013-12-19 09:10:00,2641.6396,2574.0278
5259,LSTM,2013-12-19 09:20:00,2614.3938,2688.226
5259,LSTM,2013-12-19 09:30:00,2709.894,2733.141
5259,LSTM,2013-12-19 09:40:00,2891.0874,2793.4683
5259,LSTM,2013-12-19 09:50:00,2683.944,2895.4204
5259,LSTM,2013-12-19 10:00:00,2721.842,2862.8887
5259,LSTM,2013-12-19 10:10:00,2922.3674,2840.9895
5259,LSTM,2013-12-19 10:20:00,2925.5017,2923.2803
5259,LSTM,2013-12-19 10:30:00,2795.0598,2966.7893
5259,LSTM,2013-12-19 10:40:00,2981.7654,2920.8064
5259,LSTM,2013-12-19 10:50:00,2826.9607,2984.3337
5259,LSTM,2013-12-19 11:00:00,2799.4988,2934.0244
5259,LSTM,2013-12-19 11:10:00,3123.9639,2885.0544
5259,LSTM,2013-12-19 11:20:00,3150.1438,3026.5842
5259,LSTM,2013-12-19 11:30:00,3046.8457,3098.4822
5259,LSTM,2013-12-19 11:40:00,3468.6465,3106.2288
5259,LSTM,2013-12-19 11:50:00,3090.9265,3259.5369
5259,LSTM,2013-12-19 12:00:00,3197.6746,3218.3594
5259,LSTM,2013-12-19 12:10:00,3417.0127,3223.847
5259,LSTM,2013-12-19 12:20:00,2906.8586,3302.3796
5259,LSTM,2013-12-19 12:30:00,3040.736,3131.5
5259,LSTM,2013-12-19 12:40:00,3329.9263,3077.9175
5259,LSTM,2013-12-19 12:50:00,3320.116,3199.2102
5259,LSTM,2013-12-19 13:00:00,3093.6794,3249.755
5259,LSTM,2013-12-19 13:10:00,3205.8435,3195.464
5259,LSTM,2013-12-19 13:20:00,2994.403,3204.8643
5259,LSTM,2013-12-19 13:30:00,2840.9158,3096.1487
5259,LSTM,2013-12-19 13:40:00,2868.2764,2933.878
5259,LSTM,2013-12-19 13:50:00,2783.3262,2868.834
5259,LSTM,2013-12-19 14:00:00,2646.1895,2789.9905
5259,LSTM,2013-12-19 14:10:00,2663.997,2669.8237
5259,LSTM,2013-12-19 14:20:00,2644.556,2631.711
5259,LSTM,2013-12-19 14:30:00,2672.2568,2612.3318
5259,LSTM,2013-12-19 14:40:00,2697.133,2632.5427
5259,LSTM,2013-12-19 14:50:00,2690.9583,2668.804
5259,LSTM,2013-12-19 15:00:00,2776.7083,2689.213
5259,LSTM,2013-12-19 15:10:00,2705.3884,2756.3372
5259,LSTM,2013-12-19 15:20:00,2695.6719,2748.891
5259,LSTM,2013-12-19 15:30:00,2693.8853,2734.505
5259,LSTM,2013-12-19 15:40:00,2853.3987,2724.0913
5259,LSTM,2013-12-19 15:50:00,2749.0474,2813.3438
5259,LSTM,2013-12-19 16:00:00,3048.158,2803.5776
5259,LSTM,2013-12-19 16:10:00,3068.6235,2942.4883
5259,LSTM,2013-12-19 16:20:00,3087.5913,3019.8257
5259,LSTM,2013-12-19 16:30:00,3060.1067,3074.634
5259,LSTM,2013-12-19 16:40:00,2897.219,3095.5774
5259,LSTM,2013-12-19 16:50:00,2815.6306,3027.0835
5259,LSTM,2013-12-19 17:00:00,2529.0251,2919.8594
5259,LSTM,2013-12-19 17:10:00,2245.4712,2661.2322
5259,LSTM,2013-12-19 17:20:00,2233.3381,2345.6343
5259,LSTM,2013-12-19 17:30:00,2286.0046,2190.2588
5259,LSTM,2013-12-19 17:40:00,2205.617,2169.4456
5259,LSTM,2013-12-19 17:50:00,1936.1971,2132.2627
5259,LSTM,2013-12-19 18:00:00,1866.6299,1956.4331
5259,LSTM,2013-12-19 18:10:00,1681.9673,1832.3577
5259,LSTM,2013-12-19 18:20:00,1652.0214,1664.1823
5259,LSTM,2013-12-19 18:30:00,1538.9087,1573.0553
5259,LSTM,2013-12-19 18:40:00,1475.5172,1472.7336
5259,LSTM,2013-12-19 18:50:00,1352.8419,1397.878
5259,LSTM,2013-12-19 19:00:00,1158.3793,1298.5233
5259,LSTM,2013-12-19 19:10:00,1261.2252,1139.2433
5259,LSTM,2013-12-19 19:20:00,1102.8248,1132.1366
5259,LSTM,2013-12-19 19:30:00,1114.7931,1050.3103
5259,LSTM,2013-12-19 19:40:00,1173.9225,1027.7623
5259,LSTM,2013-12-19 19:50:00,1068.9015,1067.2312
5259,LSTM,2013-12-19 20:00:00,939.72955,1037.6724
5259,LSTM,2013-12-19 20:10:00,1005.5471,948.75055
5259,LSTM,2013-12-19 20:20:00,993.1734,945.3288
5259,LSTM,2013-12-19 20:30:00,919.0538,945.6878
5259,LSTM,2013-12-19 20:40:00,906.5617,908.42053
5259,LSTM,2013-12-19 20:50:00,883.3217,885.2816
5259,LSTM,2013-12-19 21:00:00,956.2233,864.09644
5259,LSTM,2013-12-19 21:10:00,833.2599,902.75037
5259,LSTM,2013-12-19 21:20:00,928.9671,855.65094
5259,LSTM,2013-12-19 21:30:00,825.7767,889.46466
5259,LSTM,2013-12-19 21:40:00,843.0537,850.13586
5259,LSTM,2013-12-19 21:50:00,873.6688,839.498
5259,LSTM,2013-12-19 22:00:00,799.6934,855.2433
5259,LSTM,2013-12-19 22:10:00,756.8203,822.3623
5259,LSTM,2013-12-19 22:20:00,680.18646,778.60236
5259,LSTM,2013-12-19 22:30:00,654.8073,709.2833
5259,LSTM,2013-12-19 22:40:00,658.9542,657.8853
5259,LSTM,2013-12-19 22:50:00,670.3719,637.32227
5259,LSTM,2013-12-19 23:00:00,609.7657,640.07886
5259,LSTM,2013-12-19 23:10:00,572.6031,611.9005
5259,LSTM,2013-12-19 23:20:00,546.6251,577.5885
5259,LSTM,2013-12-19 23:30:00,445.5345,546.4833
5259,LSTM,2013-12-19 23:40:00,416.4778,472.77917
5259,LSTM,2013-12-19 23:50:00,437.19073,417.29495
5259,LSTM,2013-12-20 00:00:00,388.09546,404.69757
5259,LSTM,2013-12-20 00:10:00,445.26297,376.84372
5259,LSTM,2013-12-20 00:20:00,432.44376,401.28885
5259,LSTM,2013-12-20 00:30:00,399.51376,414.95993
5259,LSTM,2013-12-20 00:40:00,385.19983,406.9829
5259,LSTM,2013-12-20 00:50:00,376.388,395.43213
5259,LSTM,2013-12-20 01:00:00,302.2584,385.08212
5259,LSTM,2013-12-20 01:10:00,334.0398,336.98157
5259,LSTM,2013-12-20 01:20:00,321.2563,329.0939
5259,LSTM,2013-12-20 01:30:00,274.6669,321.24185
5259,LSTM,2013-12-20 01:40:00,295.47778,292.63492
5259,LSTM,2013-12-20 01:50:00,303.47922,290.8035
5259,LSTM,2013-12-20 02:00:00,269.95355,298.3711
5259,LSTM,2013-12-20 02:10:00,264.63657,286.08417
5259,LSTM,2013-12-20 02:20:00,304.62817,277.206
5259,LSTM,2013-12-20 02:30:00,258.48502,297.4175
5259,LSTM,2013-12-20 02:40:00,254.43987,284.42932
5259,LSTM,2013-12-20 02:50:00,292.40668,274.47284
5259,LSTM,2013-12-20 03:00:00,244.99835,291.89505
5259,LSTM,2013-12-20 03:10:00,281.62976,275.8766
5259,LSTM,2013-12-20 03:20:00,310.6495,287.78305
5259,LSTM,2013-12-20 03:30:00,270.8539,313.1827
5259,LSTM,2013-12-20 03:40:00,288.6706,305.1557
5259,LSTM,2013-12-20 03:50:00,311.6656,309.44733
5259,LSTM,2013-12-20 04:00:00,340.30853,325.23114
5259,LSTM,2013-12-20 04:10:00,257.40024,351.2568
5259,LSTM,2013-12-20 04:20:00,263.83505,316.74478
5259,LSTM,2013-12-20 04:30:00,236.5824,297.3033
5259,LSTM,2013-12-20 04:40:00,278.82315,269.82065
5259,LSTM,2013-12-20 04:50:00,284.65662,279.46793
5259,LSTM,2013-12-20 05:00:00,254.3376,291.32483
5259,LSTM,2013-12-20 05:10:00,276.81293,281.79727
5259,LSTM,2013-12-20 05:20:00,281.8144,289.40366
5259,LSTM,2013-12-20 05:30:00,239.26895,297.61304
5259,LSTM,2013-12-20 05:40:00,286.4895,277.46994
5259,LSTM,2013-12-20 05:50:00,352.1236,292.62973
5259,LSTM,2013-12-20 06:00:00,332.02835,341.51038
5259,LSTM,2013-12-20 06:10:00,333.04712,359.0285
5259,LSTM,2013-12-20 06:20:00,385.95535,367.25385
5259,LSTM,2013-12-20 06:30:00,387.94476,400.56195
5259,LSTM,2013-12-20 06:40:00,561.6153,419.31012
5259,LSTM,2013-12-20 06:50:00,627.85767,530.53955
5259,LSTM,2013-12-20 07:00:00,701.8379,633.9263
5259,LSTM,2013-12-20 07:10:00,829.52094,731.9609
5259,LSTM,2013-12-20 07:20:00,994.8754,856.0996
5259,LSTM,2013-12-20 07:30:00,1025.4429,1017.1824
5259,LSTM,2013-12-20 07:40:00,1384.3286,1114.5007
5259,LSTM,2013-12-20 07:50:00,1571.4775,1373.8511
5259,LSTM,2013-12-20 08:00:00,1814.9302,1622.7966
5259,LSTM,2013-12-20 08:10:00,2100.2092,1885.2297
5259,LSTM,2013-12-20 08:20:00,2204.1826,2111.1567
5259,LSTM,2013-12-20 08:30:00,2249.3416,2289.5833
5259,LSTM,2013-12-20 08:40:00,2339.186,2409.03
5259,LSTM,2013-12-20 08:50:00,2431.0935,2501.8596
5259,LSTM,2013-12-20 09:00:00,2359.0098,2579.797
5259,LSTM,2013-12-20 09:10:00,2436.4668,2570.3735
5259,LSTM,2013-12-20 09:20:00,2569.6575,2575.0276
5259,LSTM,2013-12-20 09:30:00,2629.2473,2645.6357
5259,LSTM,2013-12-20 09:40:00,2746.3516,2706.5708
5259,LSTM,2013-12-20 09:50:00,2668.5208,2789.9617
5259,LSTM,2013-12-20 10:00:00,2748.2458,2794.9038
5259,LSTM,2013-12-20 10:10:00,2844.245,2826.388
5259,LSTM,2013-12-20 10:20:00,2771.4475,2884.3325
5259,LSTM,2013-12-20 10:30:00,2981.772,2874.464
5259,LSTM,2013-12-20 10:40:00,3096.7256,2966.8062
5259,LSTM,2013-12-20 10:50:00,2980.405,3052.2534
5259,LSTM,2013-12-20 11:00:00,2922.0237,3062.2864
5259,LSTM,2013-12-20 11:10:00,3167.6196,3030.4727
5259,LSTM,2013-12-20 11:20:00,3094.6333,3110.7488
5259,LSTM,2013-12-20 11:30:00,3288.5479,3127.6077
5259,LSTM,2013-12-20 11:40:00,3428.2273,3206.0151
5259,LSTM,2013-12-20 11:50:00,3247.311,3305.2
5259,LSTM,2013-12-20 12:00:00,3309.42,3299.6921
5259,LSTM,2013-12-20 12:10:00,3445.0588,3312.4685
5259,LSTM,2013-12-20 12:20:00,3121.7588,3365.4548
5259,LSTM,2013-12-20 12:30:00,3351.352,3270.3164
5259,LSTM,2013-12-20 12:40:00,3261.4304,3303.2139
5259,LSTM,2013-12-20 12:50:00,3091.6462,3284.0132
5259,LSTM,2013-12-20 13:00:00,3273.6484,3183.4934
5259,LSTM,2013-12-20 13:10:00,3073.1973,3224.58
5259,LSTM,2013-12-20 13:20:00,3069.32,3141.6836
5259,LSTM,2013-12-20 13:30:00,2959.3398,3096.087
5259,LSTM,2013-12-20 13:40:00,3132.4456,3012.0967
5259,LSTM,2013-12-20 13:50:00,2841.3792,3067.6062
5259,LSTM,2013-12-20 14:00:00,2857.4458,2935.8198
5259,LSTM,2013-12-20 14:10:00,2897.9282,2873.5703
5259,LSTM,2013-12-20 14:20:00,2816.0342,2876.1719
5259,LSTM,2013-12-20 14:30:00,2770.7969,2831.4927
5259,LSTM,2013-12-20 14:40:00,3127.0876,2784.978
5259,LSTM,2013-12-20 14:50:00,2878.5342,2973.9631
5259,LSTM,2013-12-20 15:00:00,3007.1934,2942.5024
5259,LSTM,2013-12-20 15:10:00,2896.5752,2992.1943
5259,LSTM,2013-12-20 15:20:00,2922.5242,2957.2712
5259,LSTM,2013-12-20 15:30:00,2883.4846,2949.4158
5259,LSTM,2013-12-20 15:40:00,2909.8333,2923.0305
5259,LSTM,2013-12-20 15:50:00,2684.6575,2923.144
5259,LSTM,2013-12-20 16:00:00,2849.299,2783.154
5259,LSTM,2013-12-20 16:10:00,2931.25,2819.1267
5259,LSTM,2013-12-20 16:20:00,2573.3013,2888.4277
5259,LSTM,2013-12-20 16:30:00,2515.543,2706.4495
5259,LSTM,2013-12-20 16:40:00,2507.9436,2567.9424
5259,LSTM,2013-12-20 16:50:00,2226.5347,2497.5356
5259,LSTM,2013-12-20 17:00:00,2203.5464,2286.5781
5259,LSTM,2013-12-20 17:10:00,2082.3489,2173.883
5259,LSTM,2013-12-20 17:20:00,1719.5378,2052.8079
5259,LSTM,2013-12-20 17:30:00,1901.25,1771.605
5259,LSTM,2013-12-20 17:40:00,1769.554,1757.5897
5259,LSTM,2013-12-20 17:50:00,1628.4905,1691.0284
5259,LSTM,2013-12-20 18:00:00,1499.5219,1585.4559
5259,LSTM,2013-12-20 18:10:00,1488.8445,1462.9583
5259,LSTM,2013-12-20 18:20:00,1333.2394,1406.0767
5259,LSTM,2013-12-20 18:30:00,1216.8798,1294.8037
5259,LSTM,2013-12-20 18:40:00,1138.0107,1176.5762
5259,LSTM,2013-12-20 18:50:00,1066.633,1078.5754
5259,LSTM,2013-12-20 19:00:00,1032.1316,997.7105
5259,LSTM,2013-12-20 19:10:00,1043.8257,949.29877
5259,LSTM,2013-12-20 19:20:00,1009.77686,946.7781
5259,LSTM,2013-12-20 19:30:00,895.5724,940.01166
5259,LSTM,2013-12-20 19:40:00,914.85645,877.6021
5259,LSTM,2013-12-20 19:50:00,885.69586,862.3866
5259,LSTM,2013-12-20 20:00:00,917.4472,845.4938
5259,LSTM,2013-12-20 20:10:00,873.7311,863.58954
5259,LSTM,2013-12-20 20:20:00,781.09576,854.57806
5259,LSTM,2013-12-20 20:30:00,800.3652,797.3055
5259,LSTM,2013-12-20 20:40:00,801.47546,779.72235
5259,LSTM,2013-12-20 20:50:00,840.07153,776.2809
5259,LSTM,2013-12-20 21:00:00,769.9396,803.58453
5259,LSTM,2013-12-20 21:10:00,678.9203,781.3682
5259,LSTM,2013-12-20 21:20:00,827.21454,714.9975
5259,LSTM,2013-12-20 21:30:00,803.5616,768.93195
5259,LSTM,2013-12-20 21:40:00,721.7792,791.9092
5259,LSTM,2013-12-20 21:50:00,781.7198,757.1209
5259,LSTM,2013-12-20 22:00:00,704.7132,772.9639
5259,LSTM,2013-12-20 22:10:00,847.9294,737.1225
5259,LSTM,2013-12-20 22:20:00,711.7118,803.9147
5259,LSTM,2013-12-20 22:30:00,733.27405,762.553
5259,LSTM,2013-12-20 22:40:00,672.7558,749.768
5259,LSTM,2013-12-20 22:50:00,650.9423,706.33984
5259,LSTM,2013-12-20 23:00:00,660.82275,669.1092
5259,LSTM,2013-12-20 23:10:00,704.2964,656.6532
5259,LSTM,2013-12-20 23:20:00,598.08527,680.2325
5259,LSTM,2013-12-20 23:30:00,612.6435,633.85864
5259,LSTM,2013-12-20 23:40:00,574.4144,616.8131
5259,LSTM,2013-12-20 23:50:00,538.6332,587.1965
5259,LSTM,2013-12-21 00:00:00,506.62985,551.6511
5259,LSTM,2013-12-21 00:10:00,487.7432,515.4954
5259,LSTM,2013-12-21 00:20:00,479.391,487.6143
5259,LSTM,2013-12-21 00:30:00,435.40778,471.53232
5259,LSTM,2013-12-21 00:40:00,471.49017,441.14722
5259,LSTM,2013-12-21 00:50:00,396.91702,449.35904
5259,LSTM,2013-12-21 01:00:00,348.55618,414.90964
5259,LSTM,2013-12-21 01:10:00,479.28113,368.7335
5259,LSTM,2013-12-21 01:20:00,344.19623,423.06735
5259,LSTM,2013-12-21 01:30:00,423.1674,381.05237
5259,LSTM,2013-12-21 01:40:00,399.72092,403.83942
5259,LSTM,2013-12-21 01:50:00,389.96762,406.78543
5259,LSTM,2013-12-21 02:00:00,368.22296,403.86554
5259,LSTM,2013-12-21 02:10:00,400.01047,389.8721
5259,LSTM,2013-12-21 02:20:00,342.7416,401.14523
5259,LSTM,2013-12-21 02:30:00,298.15744,375.32062
5259,LSTM,2013-12-21 02:40:00,299.0245,333.8069
5259,LSTM,2013-12-21 02:50:00,308.54465,311.1761
5259,LSTM,2013-12-21 03:00:00,347.90204,306.90945
5259,LSTM,2013-12-21 03:10:00,346.21344,331.60577
5259,LSTM,2013-12-21 03:20:00,249.62515,348.62167
5259,LSTM,2013-12-21 03:30:00,243.95177,302.48386
5259,LSTM,2013-12-21 03:40:00,255.19742,270.83817
5259,LSTM,2013-12-21 03:50:00,206.65225,260.73618
5259,LSTM,2013-12-21 04:00:00,213.54369,229.567
5259,LSTM,2013-12-21 04:10:00,264.47836,217.79706
5259,LSTM,2013-12-21 04:20:00,190.69513,244.61833
5259,LSTM,2013-12-21 04:30:00,212.31595,221.02777
5259,LSTM,2013-12-21 04:40:00,240.70879,220.2831
5259,LSTM,2013-12-21 04:50:00,186.1605,238.633
5259,LSTM,2013-12-21 05:00:00,223.51172,219.27895
5259,LSTM,2013-12-21 05:10:00,219.1896,229.5073
5259,LSTM,2013-12-21 05:20:00,205.64354,234.50896
5259,LSTM,2013-12-21 05:30:00,195.75175,229.91211
5259,LSTM,2013-12-21 05:40:00,246.69402,221.3342
5259,LSTM,2013-12-21 05:50:00,202.85002,246.40538
5259,LSTM,2013-12-21 06:00:00,217.66115,236.70364
5259,LSTM,2013-12-21 06:10:00,227.7935,238.61646
5259,LSTM,2013-12-21 06:20:00,215.32538,245.77457
5259,LSTM,2013-12-21 06:30:00,221.06284,242.7169
5259,LSTM,2013-12-21 06:40:00,259.14685,243.77782
5259,LSTM,2013-12-21 06:50:00,272.075,266.748
5259,LSTM,2013-12-21 07:00:00,285.7214,288.25653
5259,LSTM,2013-12-21 07:10:00,278.958,307.9994
5259,LSTM,2013-12-21 07:20:00,278.19638,313.7953
5259,LSTM,2013-12-21 07:30:00,231.95676,314.16766
5259,LSTM,2013-12-21 07:40:00,309.91586,284.89203
5259,LSTM,2013-12-21 07:50:00,275.5203,311.60016
5259,LSTM,2013-12-21 08:00:00,274.7701,308.11447
5259,LSTM,2013-12-21 08:10:00,374.76315,304.38626
5259,LSTM,2013-12-21 08:20:00,319.24484,360.67078
5259,LSTM,2013-12-21 08:30:00,368.69528,361.68018
5259,LSTM,2013-12-21 08:40:00,379.07684,388.15018
5259,LSTM,2013-12-21 08:50:00,361.63367,407.86197
5259,LSTM,2013-12-21 09:00:00,431.41107,406.11145
5259,LSTM,2013-12-21 09:10:00,454.8043,443.12222
5259,LSTM,2013-12-21 09:20:00,413.9554,477.0946
5259,LSTM,2013-12-21 09:30:00,484.30368,469.40918
5259,LSTM,2013-12-21 09:40:00,528.7535,502.16885
5259,LSTM,2013-12-21 09:50:00,653.6567,545.65063
5259,LSTM,2013-12-21 10:00:00,439.9082,642.97314
5259,LSTM,2013-12-21 10:10:00,483.7058,567.4044
5259,LSTM,2013-12-21 10:20:00,482.59622,539.35645
5259,LSTM,2013-12-21 10:30:00,496.27115,519.49744
5259,LSTM,2013-12-21 10:40:00,505.2123,515.77106
5259,LSTM,2013-12-21 10:50:00,596.3699,519.92224
5259,LSTM,2013-12-21 11:00:00,616.4279,577.9595
5259,LSTM,2013-12-21 11:10:00,672.27057,624.99097
5259,LSTM,2013-12-21 11:20:00,606.2478,683.5987
5259,LSTM,2013-12-21 11:30:00,611.718,673.5748
5259,LSTM,2013-12-21 11:40:00,520.16656,663.9985
5259,LSTM,2013-12-21 11:50:00,497.53125,598.60394
5259,LSTM,2013-12-21 12:00:00,499.46503,543.6279
5259,LSTM,2013-12-21 12:10:00,581.15454,513.94556
5259,LSTM,2013-12-21 12:20:00,552.1506,549.7142
5259,LSTM,2013-12-21 12:30:00,646.7219,558.2823
5259,LSTM,2013-12-21 12:40:00,643.5367,621.54584
5259,LSTM,2013-12-21 12:50:00,555.04614,657.59784
5259,LSTM,2013-12-21 13:00:00,589.18256,622.25574
5259,LSTM,2013-12-21 13:10:00,602.50653,617.3349
5259,LSTM,2013-12-21 13:20:00,520.00256,621.1682
5259,LSTM,2013-12-21 13:30:00,454.6469,573.2111
5259,LSTM,2013-12-21 13:40:00,489.85046,504.945
5259,LSTM,2013-12-21 13:50:00,527.1475,487.70917
5259,LSTM,2013-12-21 14:00:00,500.52725,505.21445
5259,LSTM,2013-12-21 14:10:00,549.468,504.47388
5259,LSTM,2013-12-21 14:20:00,474.72382,535.7323
5259,LSTM,2013-12-21 14:30:00,481.09317,511.2181
5259,LSTM,2013-12-21 14:40:00,564.00806,499.7923
5259,LSTM,2013-12-21 14:50:00,470.29813,543.5773
5259,LSTM,2013-12-21 15:00:00,507.5579,514.92395
5259,LSTM,2013-12-21 15:10:00,481.74786,518.714
5259,LSTM,2013-12-21 15:20:00,476.9445,506.08768
5259,LSTM,2013-12-21 15:30:00,472.4902,495.9351
5259,LSTM,2013-12-21 15:40:00,574.7181,488.1335
5259,LSTM,2013-12-21 15:50:00,477.47223,545.9849
5259,LSTM,2013-12-21 16:00:00,509.322,523.65314
5259,LSTM,2013-12-21 16:10:00,582.452,527.1769
5259,LSTM,2013-12-21 16:20:00,560.96,572.81665
5259,LSTM,2013-12-21 16:30:00,488.48517,586.793
5259,LSTM,2013-12-21 16:40:00,541.77325,548.8054
5259,LSTM,2013-12-21 16:50:00,444.57492,555.35913
5259,LSTM,2013-12-21 17:00:00,530.27124,501.08914
5259,LSTM,2013-12-21 17:10:00,533.8649,519.9083
5259,LSTM,2013-12-21 17:20:00,513.35547,536.19867
5259,LSTM,2013-12-21 17:30:00,471.74976,534.6337
5259,LSTM,2013-12-21 17:40:00,558.72833,508.48578
5259,LSTM,2013-12-21 17:50:00,478.33832,544.8814
5259,LSTM,2013-12-21 18:00:00,481.84167,519.75726
5259,LSTM,2013-12-21 18:10:00,559.3179,505.79587
5259,LSTM,2013-12-21 18:20:00,554.10406,544.5104
5259,LSTM,2013-12-21 18:30:00,547.5673,565.76855
5259,LSTM,2013-12-21 18:40:00,554.0689,573.28564
5259,LSTM,2013-12-21 18:50:00,477.06857,579.5695
5259,LSTM,2013-12-21 19:00:00,460.978,535.1132
5259,LSTM,2013-12-21 19:10:00,512.95544,497.29483
5259,LSTM,2013-12-21 19:20:00,443.4748,507.16653
5259,LSTM,2013-12-21 19:30:00,471.70853,474.54425
5259,LSTM,2013-12-21 19:40:00,444.98468,473.57083
5259,LSTM,2013-12-21 19:50:00,426.44876,459.94235
5259,LSTM,2013-12-21 20:00:00,461.81088,442.79684
5259,LSTM,2013-12-21 20:10:00,464.07947,455.84488
5259,LSTM,2013-12-21 20:20:00,454.74393,467.54803
5259,LSTM,2013-12-21 20:30:00,432.80283,470.0272
5259,LSTM,2013-12-21 20:40:00,455.832,458.4712
5259,LSTM,2013-12-21 20:50:00,469.57806,465.23053
5259,LSTM,2013-12-21 21:00:00,430.80716,478.13092
5259,LSTM,2013-12-21 21:10:00,462.619,462.85095
5259,LSTM,2013-12-21 21:20:00,474.33508,472.08978
5259,LSTM,2013-12-21 21:30:00,472.1514,485.10434
5259,LSTM,2013-12-21 21:40:00,466.91733,491.4678
5259,LSTM,2013-12-21 21:50:00,535.29535,491.36227
5259,LSTM,2013-12-21 22:00:00,518.03986,531.32227
5259,LSTM,2013-12-21 22:10:00,441.86853,544.3292
5259,LSTM,2013-12-21 22:20:00,385.2778,503.83206
5259,LSTM,2013-12-21 22:30:00,364.363,443.17383
5259,LSTM,2013-12-21 22:40:00,409.0308,394.86096
5259,LSTM,2013-12-21 22:50:00,324.79208,396.26703
5259,LSTM,2013-12-21 23:00:00,464.2636,352.37985
5259,LSTM,2013-12-21 23:10:00,556.527,412.54068
5259,LSTM,2013-12-21 23:20:00,559.4772,508.921
5259,LSTM,2013-12-21 23:30:00,679.31744,568.8648
5259,LSTM,2013-12-21 23:40:00,820.9844,671.61365
5259,LSTM,2013-12-21 23:50:00,884.4169,811.8372
5259,LSTM,2013-12-22 00:00:00,1037.0502,923.5165
5259,LSTM,2013-12-22 00:10:00,994.9923,1068.15
5259,LSTM,2013-12-22 00:20:00,1163.591,1110.2499
5259,LSTM,2013-12-22 00:30:00,957.0945,1219.275
5259,LSTM,2013-12-22 00:40:00,955.59314,1137.298
5259,LSTM,2013-12-22 00:50:00,995.63904,1071.2438
5259,LSTM,2013-12-22 01:00:00,985.51965,1049.2036
5259,LSTM,2013-12-22 01:10:00,1118.0166,1027.9734
5259,LSTM,2013-12-22 01:20:00,1052.2269,1097.5188
5259,LSTM,2013-12-22 01:30:00,1061.6437,1097.5471
5259,LSTM,2013-12-22 01:40:00,835.6274,1099.9633
5259,LSTM,2013-12-22 01:50:00,1041.6499,958.29254
5259,LSTM,2013-12-22 02:00:00,999.20844,1001.17706
5259,LSTM,2013-12-22 02:10:00,820.4097,1004.98236
5259,LSTM,2013-12-22 02:20:00,755.2863,898.8472
5259,LSTM,2013-12-22 02:30:00,766.4913,798.2423
5259,LSTM,2013-12-22 02:40:00,650.0859,752.48627
5259,LSTM,2013-12-22 02:50:00,542.87256,664.5698
5259,LSTM,2013-12-22 03:00:00,566.58,557.6617
5259,LSTM,2013-12-22 03:10:00,569.7812,520.38434
5259,LSTM,2013-12-22 03:20:00,532.1656,513.9351
5259,LSTM,2013-12-22 03:30:00,370.3822,499.226
5259,LSTM,2013-12-22 03:40:00,393.52292,402.32748
5259,LSTM,2013-12-22 03:50:00,431.68192,365.38132
5259,LSTM,2013-12-22 04:00:00,362.13434,376.2653
5259,LSTM,2013-12-22 04:10:00,220.06572,350.95657
5259,LSTM,2013-12-22 04:20:00,183.95947,257.90265
5259,LSTM,2013-12-22 04:30:00,186.99693,186.7229
5259,LSTM,2013-12-22 04:40:00,184.61205,155.18738
5259,LSTM,2013-12-22 04:50:00,196.37656,145.69421
5259,LSTM,2013-12-22 05:00:00,167.44131,156.48639
5259,LSTM,2013-12-22 05:10:00,171.16751,153.6011
5259,LSTM,2013-12-22 05:20:00,191.29349,158.85785
5259,LSTM,2013-12-22 05:30:00,161.44588,177.62614
5259,LSTM,2013-12-22 05:40:00,170.60727,174.1934
5259,LSTM,2013-12-22 05:50:00,174.6964,178.38223
5259,LSTM,2013-12-22 06:00:00,181.15367,184.50388
5259,LSTM,2013-12-22 06:10:00,198.82335,192.7734
5259,LSTM,2013-12-22 06:20:00,179.38576,208.53006
5259,LSTM,2013-12-22 06:30:00,180.7942,206.69653
5259,LSTM,2013-12-22 06:40:00,190.4184,205.59161
5259,LSTM,2013-12-22 06:50:00,172.81429,210.22453
5259,LSTM,2013-12-22 07:00:00,196.85368,202.63998
5259,LSTM,2013-12-22 07:10:00,315.68027,211.86815
5259,LSTM,2013-12-22 07:20:00,185.09996,287.7467
5259,LSTM,2013-12-22 07:30:00,205.30139,256.87912
5259,LSTM,2013-12-22 07:40:00,277.99747,245.29608
5259,LSTM,2013-12-22 07:50:00,269.70776,279.73746
5259,LSTM,2013-12-22 08:00:00,229.31062,295.59402
5259,LSTM,2013-12-22 08:10:00,251.14209,279.1792
5259,LSTM,2013-12-22 08:20:00,241.251,279.57938
5259,LSTM,2013-12-22 08:30:00,260.74567,273.2293
5259,LSTM,2013-12-22 08:40:00,289.55267,280.27203
5259,LSTM,2013-12-22 08:50:00,317.6177,301.48856
5259,LSTM,2013-12-22 09:00:00,268.85623,330.48166
5259,LSTM,2013-12-22 09:10:00,294.92975,317.64017
5259,LSTM,2013-12-22 09:20:00,320.86197,322.4145
5259,LSTM,2013-12-22 09:30:00,332.9196,339.41156
5259,LSTM,2013-12-22 09:40:00,343.0651,355.68008
5259,LSTM,2013-12-22 09:50:00,319.6543,369.7234
5259,LSTM,2013-12-22 10:00:00,393.04242,362.09775
5259,LSTM,2013-12-22 10:10:00,390.87643,398.62695
5259,LSTM,2013-12-22 10:20:00,340.58954,418.19144
5259,LSTM,2013-12-22 10:30:00,336.16986,397.08673
5259,LSTM,2013-12-22 10:40:00,408.23965,378.44727
5259,LSTM,2013-12-22 10:50:00,390.3639,408.918
5259,LSTM,2013-12-22 11:00:00,392.3363,416.94556
5259,LSTM,2013-12-22 11:10:00,410.13565,421.35513
5259,LSTM,2013-12-22 11:20:00,415.60223,432.9816
5259,LSTM,2013-12-22 11:30:00,443.78906,441.76645
5259,LSTM,2013-12-22 11:40:00,465.2193,462.14578
5259,LSTM,2013-12-22 11:50:00,453.282,485.471
5259,LSTM,2013-12-22 12:00:00,546.5487,489.93332
5259,LSTM,2013-12-22 12:10:00,502.9173,545.3706
5259,LSTM,2013-12-22 12:20:00,499.919,550.04846
5259,LSTM,2013-12-22 12:30:00,481.3729,546.18146
5259,LSTM,2013-12-22 12:40:00,523.12317,528.97064
5259,LSTM,2013-12-22 12:50:00,493.44873,541.2684
5259,LSTM,2013-12-22 13:00:00,613.05676,530.0394
5259,LSTM,2013-12-22 13:10:00,622.08905,593.9
5259,LSTM,2013-12-22 13:20:00,585.4621,637.22186
5259,LSTM,2013-12-22 13:30:00,575.93835,637.1501
5259,LSTM,2013-12-22 13:40:00,565.0086,626.08496
5259,LSTM,2013-12-22 13:50:00,508.62466,609.08606
5259,LSTM,2013-12-22 14:00:00,573.56366,562.9292
5259,LSTM,2013-12-22 14:10:00,540.985,574.01337
5259,LSTM,2013-12-22 14:20:00,499.356,563.15485
5259,LSTM,2013-12-22 14:30:00,538.56976,532.5513
5259,LSTM,2013-12-22 14:40:00,542.69696,538.96625
5259,LSTM,2013-12-22 14:50:00,526.4454,547.6866
5259,LSTM,2013-12-22 15:00:00,529.1866,544.4272
5259,LSTM,2013-12-22 15:10:00,572.53143,544.48663
5259,LSTM,2013-12-22 15:20:00,532.5491,570.94836
5259,LSTM,2013-12-22 15:30:00,580.4257,562.9642
5259,LSTM,2013-12-22 15:40:00,647.1941,585.7119
5259,LSTM,2013-12-22 15:50:00,558.8858,639.0306
5259,LSTM,2013-12-22 16:00:00,547.6403,615.9896
5259,LSTM,2013-12-22 16:10:00,564.81726,591.486
5259,LSTM,2013-12-22 16:20:00,590.0939,585.5952
5259,LSTM,2013-12-22 16:30:00,563.39,597.5977
5259,LSTM,2013-12-22 16:40:00,624.62726,589.2389
5259,LSTM,2013-12-22 16:50:00,532.387,620.9208
5259,LSTM,2013-12-22 17:00:00,516.37805,584.413
5259,LSTM,2013-12-22 17:10:00,556.71545,551.5223
5259,LSTM,2013-12-22 17:20:00,513.04004,557.00726
5259,LSTM,2013-12-22 17:30:00,496.24185,536.457
5259,LSTM,2013-12-22 17:40:00,521.32025,515.55994
5259,LSTM,2013-12-22 17:50:00,449.22076,520.22253
5259,LSTM,2013-12-22 18:00:00,456.61038,482.4157
5259,LSTM,2013-12-22 18:10:00,406.3913,465.86087
5259,LSTM,2013-12-22 18:20:00,376.7385,429.15106
5259,LSTM,2013-12-22 18:30:00,331.3848,392.70715
5259,LSTM,2013-12-22 18:40:00,360.7096,348.21695
5259,LSTM,2013-12-22 18:50:00,288.14633,344.00055
5259,LSTM,2013-12-22 19:00:00,307.3615,304.558
5259,LSTM,2013-12-22 19:10:00,340.1692,296.69354
5259,LSTM,2013-12-22 19:20:00,283.19955,316.81268
5259,LSTM,2013-12-22 19:30:00,283.03537,299.59174
5259,LSTM,2013-12-22 19:40:00,243.07599,291.02374
5259,LSTM,2013-12-22 19:50:00,211.0859,264.69547
5259,LSTM,2013-12-22 20:00:00,229.33755,232.1804
5259,LSTM,2013-12-22 20:10:00,252.6313,226.42992
5259,LSTM,2013-12-22 20:20:00,232.55634,240.88475
5259,LSTM,2013-12-22 20:30:00,243.38852,241.23361
5259,LSTM,2013-12-22 20:40:00,239.44942,249.42181
5259,LSTM,2013-12-22 20:50:00,226.13972,253.30782
5259,LSTM,2013-12-22 21:00:00,218.93285,248.28871
5259,LSTM,2013-12-22 21:10:00,234.47743,241.19519
5259,LSTM,2013-12-22 21:20:00,231.87494,246.56212
5259,LSTM,2013-12-22 21:30:00,213.88354,249.15462
5259,LSTM,2013-12-22 21:40:00,209.93727,240.49411
5259,LSTM,2013-12-22 21:50:00,209.09283,233.05952
5259,LSTM,2013-12-22 22:00:00,213.3054,228.69028
5259,LSTM,2013-12-22 22:10:00,238.21701,229.43877
5259,LSTM,2013-12-22 22:20:00,188.37274,245.47028
5259,LSTM,2013-12-22 22:30:00,219.61612,226.54695
5259,LSTM,2013-12-22 22:40:00,247.00484,232.89085
5259,LSTM,2013-12-22 22:50:00,202.41368,253.69922
